split,case,geology_type,method,rmse,normalized_rmse,mae,bias,correlation,ssim,polarity_accuracy,gradient_rmse,gradient_magnitude_rmse,gradient_correlation,boundary_sharpness_ratio,iou,area_ratio,relative_area_error,normalized_centroid_distance,orientation_error_degrees,truth_object_count,estimate_object_count,object_count_error,multi_interface_mean_distance_pixels,multi_interface_median_distance_pixels,multi_interface_max_distance_pixels,mean_posterior_std,uncertainty_error_spearman
ID,0,intrusions,SimPEG L2,0.23795022070407867,0.9653136033036149,0.08748125284910202,0.04374365508556366,0.31177929374312857,0.3710796560834641,1.0,0.07151206195789059,0.07147087659737476,-0.13076136742793767,0.03801610156835529,0.0,0.0,1.0,,,1.0,0.0,1.0,,,,,
ID,0,intrusions,Unconditional,0.22317616641521454,0.905378396944959,0.09709516912698746,0.016827866435050964,0.3447430047336887,0.5300176631597161,1.0,0.07190162101903919,0.06933180713885252,0.15933388385302716,0.5031733408772946,0.06443298969072164,0.40476190476190477,0.5952380952380952,0.13594695816081095,72.01281047232949,1.0,1.0,0.0,,,,0.09060122817754745,0.9064450713456463
ID,0,intrusions,Oracle conditional,0.21420474350452423,0.8689832360114914,0.10002884268760681,-0.002593014156445861,0.4347265334984898,0.6386606320950803,1.0,0.07075856118631237,0.06726625705080942,0.2919336254203425,0.5965557166505991,0.13704496788008566,0.8061224489795918,0.19387755102040816,0.12760176006539029,33.587758954626395,1.0,1.0,0.0,,,,0.1156654804944992,0.8144106937436946
ID,0,intrusions,Equal mixture,0.2345324605703354,0.9514484749579927,0.09726423025131226,0.0380362868309021,0.20929456854909262,0.4232121312600927,0.7687074829931972,0.07119834010376797,0.0690305564264036,0.1946094167477496,0.5324864170698959,0.0,0.0,1.0,,,1.0,0.0,1.0,,,,0.18684953451156616,0.7501832533853392
ID,1,dykes,SimPEG L2,0.16147686541080475,0.8961299182714171,0.10093440860509872,0.02907133288681507,0.40860928228871973,0.17437795765971617,1.0,0.07907712668399634,0.07652066914569454,0.2826732519308879,0.34542381574745096,0.12949640287769784,0.21235521235521235,0.7876447876447876,0.2625766740761074,20.18204607888762,1.0,1.0,0.0,,,,,
ID,1,dykes,Unconditional,0.1407013088464737,0.7808341589769004,0.06499278545379639,-0.011758840642869473,0.5934456615145919,0.389863615941198,1.0,0.07113058239253653,0.06833824175724947,0.49857852335076064,0.6464298045302495,0.27666666666666667,0.47876447876447875,0.5212355212355212,0.18459545358657697,8.22630576808072,1.0,1.0,0.0,,,,0.17078891396522522,0.5458303839748078
ID,1,dykes,Oracle conditional,0.14002476632595062,0.7770796273783269,0.05835873633623123,0.005048514809459448,0.593711912735571,0.5578816079207107,1.0,0.06919543851727288,0.061380835558881935,0.6285890658099156,0.7345567735924877,0.4111111111111111,0.47104247104247104,0.528957528957529,0.16558594801818707,3.6799021399917935,1.0,1.0,0.0,,,,0.08825939893722534,0.9221604827898529
ID,1,dykes,Equal mixture,0.15333500504493713,0.8509459555676548,0.08398914337158203,0.017633311450481415,0.482343451437097,0.37036557345796567,1.0,0.077007764296746,0.07263066971451569,0.3967751576583751,0.5857836267634507,0.12260536398467432,0.13127413127413126,0.8687258687258688,0.2808657617144155,2.709441128021448,1.0,1.0,0.0,,,,0.21430066227912903,0.6928816529707095
ID,2,dykes,SimPEG L2,0.1510118991136551,0.9529961219024119,0.05241771042346954,0.012605583295226097,0.2881639104439871,0.5006634851211741,1.0,0.09688383263257798,0.0966342400009418,0.029060507438447878,0.03950310295891464,0.0,0.0,1.0,,,1.0,0.0,1.0,,,,,
ID,2,dykes,Unconditional,0.14694353938102722,0.9273217805395483,0.0698343962430954,-0.005668089725077152,0.3335333111556978,0.5011797391290219,1.0,0.09622301522061141,0.09389196041165633,0.19330536456575745,0.3113472355063062,0.0,0.0,1.0,,,1.0,0.0,1.0,,,,0.12834268808364868,0.9125789166708018
ID,2,dykes,Oracle conditional,0.15154394507408142,0.9563537231241442,0.059248507022857666,0.009179646149277687,0.23507258198712222,0.5804678348495544,0.8417721518987342,0.10024754377704496,0.09184551345550544,0.34614216966971084,0.3674893858733651,0.0,0.0,1.0,,,1.0,0.0,1.0,,,,0.09049314260482788,0.7912399693056452
ID,2,dykes,Equal mixture,0.15482021868228912,0.977029418623896,0.06636092066764832,-0.004042848479002714,0.15308197035376808,0.5199851400755998,1.0,0.09743057441546336,0.09496975967969469,0.15921324404109635,0.21450468515077808,0.0,0.0,1.0,,,1.0,0.0,1.0,,,,0.1271575689315796,0.6800961300572677
ID,3,faulted_layers,SimPEG L2,0.5655571222305298,0.9958711406279699,0.496034175157547,-0.07167500257492065,0.15378236589712,0.059913546794825114,0.576969696969697,0.16173053633727147,0.15727603913561436,0.06780039558951906,0.1142948535250932,,,,,,,,,22.265625,22.75,37.5,,
ID,3,faulted_layers,Unconditional,0.6088119745254517,1.0720372030811267,0.5119142532348633,-0.11250840127468109,0.054518931034543486,0.018499649521171092,0.58,0.16652567781239105,0.15104588423213203,0.020929570778291752,0.326178901210806,,,,,,,,,13.588541666666666,12.0,32.0,0.24795818328857422,0.2907175451223021
ID,3,faulted_layers,Oracle conditional,0.5742472410202026,1.0111732881407307,0.5142902135848999,-0.07609999179840088,0.10973711167707685,0.021880084975316825,0.5590909090909091,0.16183471370522648,0.1519826785635195,0.08540748858923806,0.23340467655355407,,,,,,,,,18.411458333333336,18.083333333333332,38.666666666666664,0.34639695286750793,0.4195360103974162
ID,3,faulted_layers,Equal mixture,0.5665468573570251,0.9976139330190464,0.49503636360168457,-0.06213022395968437,0.13826516530543587,0.04687595462955337,0.613030303030303,0.16166721507348364,0.15309374877580512,0.08741040786381445,0.198689183694384,,,,,,,,,13.611979166666668,11.666666666666666,31.0,0.2938403785228729,0.34401719553126076
ID,4,dipping_layers,SimPEG L2,0.9002054333686829,1.2641366146719435,0.6984431743621826,-0.402951180934906,-0.2698497009023091,0.07271973614761057,0.6034593209481102,0.1435014482435472,0.13900313184988225,-0.010163602267617415,0.34399843541821984,,,,,,,,,26.627604166666668,29.5,46.0,,
ID,4,dipping_layers,Unconditional,0.6030378341674805,0.8468313764235718,0.4881083071231842,-0.1451898217201233,0.5838312748418742,0.17210755445128909,0.6037796284433056,0.1447750424425497,0.14052036002445983,0.0070799859921852025,0.6147036612825817,,,,,,,,,18.658854166666668,16.583333333333336,39.666666666666664,0.3221736550331116,0.43224880461762366
ID,4,dipping_layers,Oracle conditional,0.6367994546890259,0.89424199969901,0.5224671363830566,-0.15593229234218597,0.4916242545771441,0.16039676966793795,0.6037796284433056,0.14438490442289068,0.13765057855939647,0.04712906492996226,0.5932076338239887,,,,,,,,,20.4296875,13.0,41.0,0.4165877103805542,0.594368475726753
ID,4,dipping_layers,Equal mixture,0.6190178394317627,0.8692717094946966,0.49389520287513733,-0.13592487573623657,0.521683807128764,0.16162352786111628,0.614029468289558,0.1416875669982546,0.1378136454432117,0.04336311752190106,0.49296092859533913,,,,,,,,,18.265625,17.166666666666664,35.0,0.3034352660179138,0.48585897208240203
ID,5,horizontal_layers,SimPEG L2,0.5579221844673157,0.9108711846049573,0.5162738561630249,0.1258218139410019,0.1737564267505485,-0.15146286939652237,0.6517647058823529,0.15392139708003183,0.15268991317551628,-0.014491700119089793,0.05584253938784683,,,,,,,,,20.190104166666664,20.583333333333336,23.5,,
ID,5,horizontal_layers,Unconditional,0.6135719418525696,1.0017257192402516,0.5424548387527466,0.07922336459159851,-0.14990603764863358,-0.11634005872081368,0.6517647058823529,0.1580193852294221,0.1496459868200933,-0.015742441664976403,0.2608046339619385,,,,,,,,,8.5703125,8.333333333333334,13.833333333333334,0.21638166904449463,0.4245375903185515
ID,5,horizontal_layers,Oracle conditional,0.6118375658988953,0.9988941539728083,0.5459028482437134,0.21386468410491943,-0.2253901117161574,-0.1337296130470614,0.5310924369747899,0.15807222504316898,0.14950922965593927,-0.03458384029880301,0.25677307277981554,,,,,,,,,7.044270833333334,6.666666666666666,11.333333333333334,0.3958531320095062,0.24224957665109853
ID,5,horizontal_layers,Equal mixture,0.5651212334632874,0.9226244478189853,0.5128430128097534,0.1611919403076172,0.16794903832740024,-0.10345102449066287,0.6403361344537815,0.1532180159596556,0.15022256628119807,-0.07495936230370172,0.23275799367438235,,,,,,,,,7.028645833333333,6.583333333333334,18.5,0.33015382289886475,0.2685049217166261
ID,6,dipping_layers,SimPEG L2,1.0943857431411743,1.3765447356987799,0.864539384841919,0.5995158553123474,-0.39559112506318655,-0.03748772631963162,0.5321350762527233,0.12841521523158791,0.12448751576257124,-0.04908753164181382,0.37490807843246643,,,,,,,,,25.734375000000004,26.833333333333332,38.0,,
ID,6,dipping_layers,Unconditional,0.7140785455703735,0.8981851864763724,0.5857154130935669,0.2931533753871918,0.6402920723750339,0.1342467160855975,0.5321350762527233,0.12580142753766516,0.12154667993448194,0.09870330166956916,0.7110177355220603,,,,,,,,,14.0625,12.25,33.333333333333336,0.2797899544239044,0.4706261201428183
ID,6,dipping_layers,Oracle conditional,0.7783199548721313,0.9789895777455647,0.6626152992248535,0.2931385338306427,0.4484278024411319,0.05834536553836712,0.5321350762527233,0.12977355017901132,0.12382342165511585,0.016078087357251126,0.6625156866365861,,,,,,,,,16.229166666666668,14.583333333333332,35.0,0.2668096423149109,0.4280981824671391
ID,6,dipping_layers,Equal mixture,0.7028127908706665,0.884014848985458,0.6126137971878052,0.24330542981624603,0.6723264135458629,0.11887900768172843,0.5321350762527233,0.12605450410832056,0.12385088952181963,0.008427123714252728,0.5213641570299516,,,,,,,,,18.348958333333336,15.833333333333332,34.833333333333336,0.25409209728240967,-0.06243089548522026
ID,7,blobs,SimPEG L2,0.14343519508838654,0.7025327611246891,0.1011873260140419,0.03203284740447998,0.6699794334463522,0.38697181188758134,1.0,0.018727529948863928,0.017396029167528224,0.4228326794542594,0.5313132358349822,0.344017094017094,0.3854625550660793,0.6145374449339207,0.08482597304960167,24.70672861753958,1.0,1.0,0.0,,,,,
ID,7,blobs,Unconditional,0.12513653934001923,0.6129075813363604,0.09422582387924194,0.04135626554489136,0.8501173149380497,0.39070019771285086,1.0,0.02531873138295166,0.022834892241549467,0.600142817529234,1.8936071443613482,0.6312056737588653,1.5330396475770924,0.5330396475770925,0.07230220346935512,20.986992729698326,1.0,1.0,0.0,,,,0.28110232949256897,0.6963534395365232
ID,7,blobs,Oracle conditional,0.09852983802556992,0.48259033718061684,0.05369723588228226,0.032342977821826935,0.9380887095239336,0.748118962151355,1.0,0.014492954309919938,0.012211199790060462,0.901514792747323,1.3437705209992965,0.733446519524618,1.248898678414097,0.2488986784140969,0.04385858343411085,18.421252387790318,1.0,1.0,0.0,,,,0.0428561232984066,0.6755479414008869
ID,7,blobs,Equal mixture,0.07116030156612396,0.34853679468911825,0.04745393991470337,0.01042626891285181,0.9438944334056341,0.6258346235323666,1.0,0.01676473306623012,0.01458533779667128,0.6557336626979156,1.1841098034040145,0.8793859649122807,0.8876651982378855,0.11233480176211454,0.00734121788913254,4.481684999470063,1.0,1.0,0.0,,,,0.1929212212562561,0.6449709150736579
ID,8,intrusions,SimPEG L2,0.1770481914281845,0.9267895344688553,0.0872722864151001,-0.009203203022480011,0.34012090597389316,0.24716172131739728,1.0,0.059021698447416546,0.058897297444311714,0.0027394540736018188,0.18312890599946516,0.0,0.0,1.0,,,1.0,0.0,1.0,,,,,
ID,8,intrusions,Unconditional,0.14945246279239655,0.7823348959357932,0.07568670809268951,-0.04222196713089943,0.7080813702891018,0.5001753416175364,1.0,0.04922587860248302,0.04799543977822226,0.5732649468306494,1.5268377498915564,0.3778705636743215,2.1884057971014492,1.1884057971014492,0.11773039535251635,8.233178285753784,1.0,1.0,0.0,,,,0.1265631765127182,0.7922400015725255
ID,8,intrusions,Oracle conditional,0.26638472080230713,1.3944371269227476,0.12213107943534851,-0.05854153633117676,0.30202992873868517,0.4350192276942941,0.9082125603864735,0.06939841634857584,0.06534852765609196,0.13433478460885098,1.4757951003393481,0.1583710407239819,2.710144927536232,1.710144927536232,0.13507901715673845,31.90979230788096,1.0,1.0,0.0,,,,0.09253235161304474,0.7271266825626993
ID,8,intrusions,Equal mixture,0.1774941384792328,0.9291239218269235,0.09725286066532135,-0.032214269042015076,0.3759395708291761,0.30625276888632325,1.0,0.05875053794805087,0.05685866659101592,0.20774719129975294,0.7564374342595944,0.17794486215538846,1.2705314009661837,0.27053140096618356,0.12596166048917853,14.989650010456216,1.0,1.0,0.0,,,,0.14361552894115448,0.7610625843708455
ID,9,dykes,SimPEG L2,0.1828031688928604,0.8960314766539555,0.11952663213014603,0.025051474571228027,0.3639420682593486,0.1410910863171966,1.0,0.08566256193710033,0.08358641831561821,0.2250463287264295,0.3196353471531284,0.1447721179624665,0.2978723404255319,0.7021276595744681,0.3129265661919049,19.40891142643616,1.0,1.0,0.0,,,,,
ID,9,dykes,Unconditional,0.17183738946914673,0.8422814044358394,0.08577017486095428,-0.0035946681164205074,0.46999225783307325,0.33739102797573917,1.0,0.08218285232198286,0.07798715338743246,0.38471374997101787,0.6125391821160271,0.17330210772833723,0.5227963525835866,0.47720364741641336,0.23441308420604456,17.007746905059648,1.0,1.0,0.0,,,,0.1674817055463791,0.6808462564197739
ID,9,dykes,Oracle conditional,0.1575663685798645,0.7723302980177797,0.06829795241355896,-0.01184340100735426,0.5971109400403359,0.5063333038378363,1.0,0.08046639530391916,0.07670974815337064,0.4342463999609336,0.47352368688926194,0.233983286908078,0.3465045592705167,0.6534954407294833,0.2673923975913131,8.423212065699591,1.0,1.0,0.0,,,,0.06782489269971848,0.9250283383431973
ID,9,dykes,Equal mixture,0.1699957400560379,0.8332543407744105,0.08454952389001846,-0.00947294570505619,0.5025129796862539,0.25312337664679474,1.0,0.08213577830316253,0.07958036127830871,0.36927002482968657,0.43959243334073483,0.11641791044776119,0.13677811550151975,0.8632218844984803,0.3426790372481352,5.468042984244929,1.0,1.0,0.0,,,,0.18283361196517944,0.466391182608446
ID,10,intrusions,SimPEG L2,0.24017038941383362,0.9671905387736149,0.09096139669418335,-0.04933719336986542,0.29493001555118176,0.3649184820951544,1.0,0.0616027325986281,0.06157645653177617,-0.16223214971974595,0.031995263581020304,0.0,0.0,1.0,,,1.0,0.0,1.0,,,,,
ID,10,intrusions,Unconditional,0.21088352799415588,0.8492493748165616,0.0877644270658493,-0.03717514127492905,0.5376119877330986,0.4868076024974063,1.0,0.061553586327920906,0.05936805052683439,0.1706064998618211,0.482096769696451,0.07017543859649122,0.09580838323353294,0.9041916167664671,0.10625516942213684,81.00108442236419,1.0,1.0,0.0,,,,0.10138902068138123,0.8542087709269509
ID,10,intrusions,Oracle conditional,0.19292213022708893,0.776917002679199,0.07531693577766418,-0.033003825694322586,0.7890408826821872,0.6251152675956465,1.0,0.05895539772327281,0.05706471751409579,0.42894594093690575,0.3818468357200496,0.020958083832335328,0.020958083832335328,0.9790419161676647,0.055227007249464236,66.81986139795458,1.0,2.0,1.0,,,,0.08021993190050125,0.8102941622112961
ID,10,intrusions,Equal mixture,0.23083889484405518,0.929611662865829,0.10475839674472809,-0.04515176638960838,0.31673171351665547,0.2656217404723011,1.0,0.061132105273363255,0.05964455442355928,0.14451943319177374,0.4672838406948026,0.0,0.0,1.0,,,1.0,0.0,1.0,,,,0.194105327129364,0.5176197451906531
ID,11,dipping_layers,SimPEG L2,0.7108880281448364,1.3170918041121786,0.6053853631019592,-0.4023219645023346,-0.32158001127251234,-0.10660486718883963,0.6618196925633568,0.15277382444913162,0.14710576882736082,-0.023118190292689137,0.19237169542428798,,,,,,,,,20.34375,20.75,34.833333333333336,,
ID,11,dipping_layers,Unconditional,0.4857093095779419,0.8998938306719588,0.4414779543876648,-0.15821892023086548,0.46829344477002566,-0.0739893166503666,0.6638969671790611,0.14900198807456755,0.1429219919820968,0.03332725664533807,0.3715094819384476,,,,,,,,,15.653645833333332,15.166666666666666,31.5,0.39179691672325134,0.38162904017804883
ID,11,dipping_layers,Oracle conditional,0.5068033933639526,0.9389757166650506,0.4604090750217438,-0.17071998119354248,0.3938634049207613,-0.11395903920060312,0.6638969671790611,0.14874822624571865,0.14322786793465375,0.10445229075741738,0.2838501666284914,,,,,,,,,11.21875,10.166666666666666,25.5,0.32092273235321045,0.23373300792842638
ID,11,dipping_layers,Equal mixture,0.5240035653114319,0.970843190309901,0.4664280414581299,-0.1385730355978012,0.2430151352833158,-0.07975553605896421,0.6638969671790611,0.15320120066108917,0.14449259392823308,-0.011349037769252534,0.3498477475610364,,,,,,,,,11.2265625,11.416666666666668,24.833333333333332,0.4020816683769226,0.3919548729579967
ID,12,horizontal_layers,SimPEG L2,0.4775103032588959,0.8719391822117427,0.4299507439136505,0.07379133254289627,0.18456342002094794,-0.07311995714940851,0.652752124122645,0.12932356013841365,0.12811667376127803,-0.0861370900877407,0.06793878971003839,,,,,,,,,22.026041666666664,22.0,26.166666666666668,,
ID,12,horizontal_layers,Unconditional,0.5981338620185852,1.0921991566302827,0.49743854999542236,0.026167131960392,-0.3697759378886442,0.013503753312230842,0.6420391577391947,0.13802482858757614,0.12404994600860506,-0.0320171813648347,0.5009649537752526,,,,,,,,,6.958333333333334,5.666666666666667,13.666666666666666,0.3360295593738556,0.6021160151878364
ID,12,horizontal_layers,Oracle conditional,0.6096116304397583,1.113157690807392,0.5325347185134888,0.17098234593868256,-0.7167952071167546,-0.12714187486811565,0.3128925009235316,0.1427440537204815,0.12156875910223651,0.08582711473053181,0.4544270205657019,,,,,,,,,5.333333333333334,5.0,11.5,0.41265326738357544,0.5936819114554279
ID,12,horizontal_layers,Equal mixture,0.5044920444488525,0.9212081449697341,0.43766531348228455,0.12435907870531082,-0.013319213648605253,-0.05156607722819008,0.6261544144809752,0.12929112664394035,0.1240937411802322,-0.002182024844792645,0.2814450361621935,,,,,,,,,7.481770833333333,7.166666666666667,19.0,0.31852301955223083,0.367982588348338
ID,13,horizontal_layers,SimPEG L2,0.7302539348602295,1.129504707472723,0.5749784111976624,-0.502737820148468,-0.34503116408218365,0.3445153514724464,0.9994895354772844,0.08954659921966407,0.08741519902373404,0.12889173572269716,0.6569887597097054,,,,,,,,,19.078125,25.0,28.0,,
ID,13,horizontal_layers,Unconditional,0.2590351998806,0.40065717375733884,0.16092342138290405,0.011403504759073257,0.8324806943230505,0.3214722613557032,1.0,0.08891648528454583,0.08656575863723497,0.28812975086476666,1.3043193549233703,,,,,,,,,6.640625,6.083333333333334,14.0,0.13962072134017944,0.5964224027834072
ID,13,horizontal_layers,Oracle conditional,0.26872819662094116,0.415649609847161,0.2094765305519104,-0.054446831345558167,0.8308823926744459,0.2944139981898117,0.9994895354772844,0.09209780085346764,0.09041972465285131,0.28449323485766403,1.473607747251233,,,,,,,,,7.481770833333333,6.25,15.166666666666666,0.21883812546730042,0.7710280976338221
ID,13,horizontal_layers,Equal mixture,0.22930055856704712,0.35466575113652254,0.18334493041038513,-0.05803590640425682,0.895086185773388,0.3228613957026986,0.9994895354772844,0.0886309409967203,0.08714126641384247,0.2789926477681635,1.3079004018596878,,,,,,,,,7.223958333333334,7.166666666666667,15.333333333333334,0.1923356056213379,0.8192960920811798
ID,14,dipping_layers,SimPEG L2,0.6179184317588806,1.0975181278731645,0.49024131894111633,-0.2990048825740814,-0.21362630243444167,0.07022534126522136,0.45022054190296157,0.10952121474266337,0.10822540742407395,-0.021316614900782748,0.1757826565239294,,,,,,,,,29.15625,30.0,52.0,,
ID,14,dipping_layers,Unconditional,0.6741853952407837,1.1974569049800161,0.5391561985015869,-0.31556496024131775,-0.23578013106846163,-0.0670039550355147,0.24354127284183996,0.1171735377286649,0.11005254352787648,-0.007388049418971229,0.6118905839389671,,,,,,,,,13.28125,12.083333333333332,29.0,0.1839105784893036,0.48841626814905664
ID,14,dipping_layers,Oracle conditional,0.5637012720108032,1.001220117315471,0.4438956677913666,-0.2458421289920807,0.24555343795098866,0.20745130039146997,0.7306238185255198,0.11087466566212348,0.10484678487786202,0.1156341485698787,0.46723770568089945,,,,,,,,,8.6953125,7.833333333333333,17.666666666666668,0.3006812036037445,0.6390401391449654
ID,14,dipping_layers,Equal mixture,0.6124734878540039,1.0878470704427454,0.4811667501926422,-0.2812608480453491,-0.02974391206991856,0.06310283260204055,0.4716446124763705,0.11259476399060081,0.10781859413717373,-0.039947343453774785,0.4973332720211784,,,,,,,,,10.247395833333332,9.833333333333334,24.166666666666668,0.2694343328475952,0.5614336653908292
ID,15,dipping_layers,SimPEG L2,0.39028486609458923,0.8456490403832397,0.3472585082054138,0.06031915172934532,0.0513283739449343,0.10760622055571503,0.9988378849506101,0.09590503645164346,0.09248160303876364,-0.06768143683295458,0.24871722696634907,,,,,,,,,25.169270833333336,23.0,44.333333333333336,,
ID,15,dipping_layers,Unconditional,0.37641310691833496,0.8155924308272243,0.31852924823760986,-0.051318347454071045,0.11479996028438354,0.05994167781955367,0.9924462521789658,0.09977693115258698,0.09008785556352701,0.011455329498683582,0.6455807164431965,,,,,,,,,12.575520833333332,9.583333333333332,34.666666666666664,0.45208996534347534,0.30619624450771377
ID,15,dipping_layers,Oracle conditional,0.40041762590408325,0.867604179702569,0.3141506016254425,-0.10666196048259735,0.019177146866918866,0.012817558417576118,1.0,0.09620536698683817,0.0910589832225154,-0.03237968563942281,0.441838318420516,,,,,,,,,18.489583333333336,19.25,35.333333333333336,0.36190128326416016,0.3216550681448142
ID,15,dipping_layers,Equal mixture,0.43050846457481384,0.9328034509447777,0.34393101930618286,-0.10982255637645721,-0.07157343811598282,-0.06831459261410791,0.969203951191168,0.1003034192594204,0.09084753784275143,-0.018721764825231205,0.5082196952090828,,,,,,,,,18.799479166666668,15.5,40.333333333333336,0.3553602695465088,0.3718313694136564
ID,16,blobs,SimPEG L2,0.20918431878089905,1.1505243740953468,0.16127800941467285,-0.1223408579826355,0.5740553247809734,0.18393960377526627,1.0,0.01706833878332574,0.015524963496996003,0.6813756191873664,1.467965576802292,0.2825361512791991,3.1624548736462095,2.1624548736462095,0.21926793473302456,22.0959191760532,1.0,1.0,0.0,,,,,
ID,16,blobs,Unconditional,0.19039328396320343,1.0471727285311418,0.13985507190227509,-0.0840960443019867,0.5152212230576793,0.17211160171487477,1.0,0.030362068437057237,0.02439931616493061,0.47547874809857593,2.476928323166675,0.3156934306569343,1.6028880866425992,0.6028880866425993,0.3932108131276716,57.47522913736462,1.0,3.0,2.0,,,,0.2780953645706177,0.7942653385935937
ID,16,blobs,Oracle conditional,0.09369973838329315,0.5153533184734105,0.06314794719219208,-0.036558497697114944,0.8682575638621273,0.40580483162354325,1.0,0.014582149079934641,0.012446673832768734,0.8522453470197083,1.7573200902910697,0.8433333333333334,0.9963898916967509,0.0036101083032490976,0.008524496051033623,47.260710735934346,1.0,1.0,0.0,,,,0.0604640431702137,0.6979269697725086
ID,16,blobs,Equal mixture,0.11727167665958405,0.645000175798072,0.09056764096021652,-0.059888988733291626,0.8141246356933776,0.30907050813019243,1.0,0.02225568470737,0.01870391261838747,0.6304433280350215,2.0587666089516805,0.7677419354838709,0.9783393501805054,0.021660649819494584,0.011882887286602946,73.07327107323472,1.0,1.0,0.0,,,,0.3025769591331482,0.7531340530127125
ID,17,blobs,SimPEG L2,0.2744491398334503,0.9828194680749108,0.179561048746109,-0.03443919122219086,0.3037489329376848,0.14819106880352534,0.73094688221709,0.041581596289095996,0.04113537544747914,-0.341121258228934,0.04183671794105685,0.0,0.0,1.0,,,2.0,0.0,2.0,,,,,
ID,17,blobs,Unconditional,0.25203385949134827,0.9025489526856341,0.16826990246772766,-0.032100144773721695,0.5455315161456699,0.1612667622525785,0.8498845265588915,0.03934217410448197,0.03435114252753005,0.4655367300256428,0.2500031653151833,0.0,0.0,1.0,,,2.0,0.0,2.0,,,,0.0973990261554718,0.5764457507338636
ID,17,blobs,Oracle conditional,0.26972323656082153,0.9658957140292719,0.1802324503660202,-0.03929859399795532,0.406194408853537,0.12734402066104467,0.7817551963048499,0.04054217341035842,0.038832719236556575,0.2718740740543665,0.11032763681695175,0.0,0.0,1.0,,,2.0,0.0,2.0,,,,0.04254070669412613,0.3926361550145913
ID,17,blobs,Equal mixture,0.2725253701210022,0.9759303288827302,0.18174083530902863,-0.032787829637527466,0.2425244567810227,0.1352529678944898,0.7147806004618937,0.041365108616755665,0.03671851608433884,0.35782430897373113,0.19319601759889257,0.0,0.0,1.0,,,2.0,0.0,2.0,,,,0.10880522429943085,0.5001553137064354
ID,18,intrusions,SimPEG L2,0.19218790531158447,0.9772532628181071,0.13548719882965088,0.0655650794506073,0.3513300675321267,0.17762784975402207,1.0,0.05820333420919066,0.05675674136509634,0.37004141310859384,0.40821386681596394,0.0,0.0,1.0,,,1.0,0.0,1.0,,,,,
ID,18,intrusions,Unconditional,0.2174912393093109,1.105917788659963,0.10762189328670502,0.02557501010596752,0.4345786296909965,0.358608969241008,0.8502202643171806,0.07079925445271074,0.06403763890196683,0.17705429237453582,1.4990731064022038,0.2514506769825919,1.8502202643171806,0.8502202643171806,0.09440184839954599,42.14130320925768,1.0,1.0,0.0,,,,0.2640990912914276,0.5407989657122025
ID,18,intrusions,Oracle conditional,0.2779432535171509,1.4133092867501251,0.10873071849346161,0.049453869462013245,0.36495817010436893,0.6472704242377066,0.8149779735682819,0.08095982328994959,0.07557813152802127,0.13904983320831243,1.2749998897841275,0.2063758389261745,2.1674008810572687,1.1674008810572687,0.12760369446495207,81.42835529273934,1.0,1.0,0.0,,,,0.0403624102473259,0.30330430614214215
ID,18,intrusions,Equal mixture,0.15577784180641174,0.7921123024535228,0.0935131311416626,0.03431428596377373,0.6035778992800559,0.2934095896859944,1.0,0.05893364183724478,0.0553161424071433,0.3051809084992056,1.0246816318698468,0.3825301204819277,1.0220264317180616,0.022026431718061675,0.051694836284827246,4.076057985299602,1.0,1.0,0.0,,,,0.2512398362159729,0.6177269243956759
ID,19,dykes,SimPEG L2,0.14076127111911774,0.9069058871656741,0.07990224659442902,-0.017796684056520462,0.3699947324171478,0.21012030354216607,1.0,0.08424992498652886,0.082636784535753,0.23398860950512132,0.2490669943854478,0.08974358974358974,0.13333333333333333,0.8666666666666667,0.33335447433682075,23.22190667986016,1.0,1.0,0.0,,,,,
ID,19,dykes,Unconditional,0.14476963877677917,0.932731259427206,0.07194207608699799,-0.006682045757770538,0.3360759772204499,0.3879973660514728,0.9155555555555556,0.08435978558722529,0.07977758784634595,0.2903900086640321,0.602441648335654,0.07327586206896551,0.10666666666666667,0.8933333333333333,0.34685221517566617,10.40140376770752,1.0,2.0,1.0,,,,0.18054074048995972,0.7625010700897021
ID,19,dykes,Oracle conditional,0.12671805918216705,0.8164273664825364,0.052856672555208206,-0.0021468079648911953,0.5403992104392829,0.5634523145002533,0.9955555555555555,0.07696781878309321,0.07351304271068118,0.5185476398092282,0.5045141493170455,0.2290748898678414,0.24,0.76,0.2722459191320871,0.010471025261022313,1.0,1.0,0.0,,,,0.07996617257595062,0.9086287334862454
ID,19,dykes,Equal mixture,0.1429673731327057,0.921119504930733,0.06544207036495209,0.011438509449362755,0.33137884611460144,0.41977740833842303,0.9066666666666666,0.0839370318306944,0.07976054678194085,0.3156234542443606,0.49102625095352337,0.08370044052863436,0.09333333333333334,0.9066666666666666,0.34346863993511023,8.093688098095528,1.0,1.0,0.0,,,,0.22192984819412231,0.4277535913186435
ID,20,dipping_layers,SimPEG L2,0.6911580562591553,1.0167418530367685,0.5984994173049927,0.04585304483771324,0.09909445523131528,0.036731857300618814,0.5970915312232677,0.22399400747954398,0.218559106851974,0.06196982675971761,0.19644735379366046,,,,,,,,,19.502604166666668,20.166666666666664,34.166666666666664,,
ID,20,dipping_layers,Unconditional,0.7257815003395081,1.0676753614781043,0.6069515943527222,0.05470004305243492,0.023748398391901394,0.028697734728695027,0.5819788993441688,0.2274764916131517,0.21377399208133258,0.11209060751748536,0.3629456270989195,,,,,,,,,8.0234375,6.75,16.333333333333332,0.3085170090198517,0.13737822650509413
ID,20,dipping_layers,Oracle conditional,0.6245301961898804,0.9187276096994845,0.5461294651031494,-0.017427854239940643,0.404759325933282,0.09775639336095338,0.6552609067579127,0.2189746939315851,0.21328223203720031,0.12307607404676087,0.3603999851941611,,,,,,,,,8.088541666666666,8.5,12.833333333333334,0.4532625377178192,0.2964497159285731
ID,20,dipping_layers,Equal mixture,0.7035616040229797,1.0349883395291322,0.6049888134002686,-0.0016210228204727173,0.03932887899049521,0.010038099866709824,0.5355004277159966,0.2263161411550479,0.21474171456632865,0.08926345010830511,0.35214072133580476,,,,,,,,,9.130208333333334,8.416666666666668,32.833333333333336,0.395815908908844,0.2671093572816256
ID,21,dykes,SimPEG L2,0.17540453374385834,0.9245605583996882,0.10536420345306396,-0.023707173764705658,0.33144475816180846,0.3203259356337342,1.0,0.07890427101395478,0.07529749185357801,0.3080361263574201,0.2750592579434737,0.1076923076923077,0.423728813559322,0.576271186440678,0.288854569309701,32.06313278644719,1.0,1.0,0.0,,,,,
ID,21,dykes,Unconditional,0.1509975790977478,0.7959110466978053,0.0874973013997078,-0.020763905718922615,0.5636123599295331,0.4593497407748641,1.0,0.0745924903991747,0.06773086616613588,0.49286732135441136,0.6131900604684558,0.2598752598752599,0.711864406779661,0.288135593220339,0.10904595063205613,5.472188664996811,1.0,1.0,0.0,,,,0.18205764889717102,0.9090594354712441
ID,21,dykes,Oracle conditional,0.13309410214424133,0.7015414868231337,0.07212474942207336,-0.017956124618649483,0.6838001101135743,0.5169859415182081,1.0,0.0715042610610439,0.06566563389806965,0.5422342058306531,0.6426476454386504,0.40471092077087795,0.8531073446327684,0.14689265536723164,0.13182703916461472,2.64425672209127,1.0,1.0,0.0,,,,0.13162674009799957,0.9180366474360652
ID,21,dykes,Equal mixture,0.18701183795928955,0.9857428747165827,0.12020602077245712,-0.0012748707085847855,0.24685719521299562,0.23361390621274952,0.884180790960452,0.08195415067360562,0.07198022939090196,0.3767364988219307,0.5607295543238832,0.11448598130841121,0.3474576271186441,0.652542372881356,0.2943136742883361,17.319100876410584,1.0,1.0,0.0,,,,0.2544703483581543,0.6980625940379743
ID,22,horizontal_layers,SimPEG L2,0.7457015514373779,1.203436858550529,0.6158145070075989,-0.4108924865722656,-0.23790570138527103,-0.03748224882267295,0.3980959097320169,0.12226970751473051,0.11746039459511189,0.10963320269758974,0.19034446146767975,,,,,,,,,15.684895833333332,19.75,22.833333333333332,,
ID,22,horizontal_layers,Unconditional,0.7706447839736938,1.2436910397946728,0.5871918201446533,-0.3623459041118622,-0.48850444439296004,0.03104931837246213,0.40232722143864597,0.13281516015120426,0.1127550963146691,0.15227886266600058,0.5271943068368559,,,,,,,,,12.096354166666666,11.083333333333334,22.833333333333332,0.37746661901474,0.35078348901601814
ID,22,horizontal_layers,Oracle conditional,0.5773360729217529,0.9317232994696268,0.4688628315925598,-0.26620984077453613,0.5983568894519188,0.11724851464406257,0.7609308885754584,0.12169059937216507,0.11439519256373411,0.10812899236520616,0.47722704748013356,,,,,,,,,7.440104166666667,7.083333333333334,15.166666666666666,0.4484623670578003,0.4382064422464875
ID,22,horizontal_layers,Equal mixture,0.622005820274353,1.0038127571389037,0.47710826992988586,-0.274601012468338,0.3282144667270995,0.09690678606897471,0.5659379407616361,0.12317009295649581,0.114790670970681,0.06869150926872074,0.45827692572829953,,,,,,,,,7.635416666666666,7.5,16.333333333333332,0.38691195845603943,0.2867283128789738
ID,23,blobs,SimPEG L2,0.20335333049297333,0.8821765102754915,0.10629288852214813,-0.055338237434625626,0.527950920564096,0.32906884459788993,1.0,0.029080188937250527,0.028807620542289972,-0.27906061873919746,0.08598852428749224,0.0,0.0,1.0,,,1.0,0.0,1.0,,,,,
ID,23,blobs,Unconditional,0.158625528216362,0.6881407576816259,0.0855330228805542,-0.03241262584924698,0.6590110576734068,0.5053412124859619,1.0,0.033611220578605085,0.022408020301170513,0.5031124120129477,0.8144888983642117,0.23278688524590163,0.4891089108910891,0.5108910891089109,0.07857426197117949,32.16155618642066,1.0,1.0,0.0,,,,0.17172333598136902,0.7974557520702185
ID,23,blobs,Oracle conditional,0.14540721476078033,0.6307977792917266,0.07143542915582657,0.010433909483253956,0.741584424745005,0.78784828746277,1.0,0.023340208025542954,0.01637103932900193,0.8137112819609543,0.6484472855848495,0.43765903307888043,1.2376237623762376,0.2376237623762376,0.08562746100108545,35.889251088438876,1.0,1.0,0.0,,,,0.07013224065303802,0.9148324026486592
ID,23,blobs,Equal mixture,0.14771685004234314,0.6408173151791343,0.07329487800598145,-0.04033941403031349,0.8334926564408954,0.6218382545337092,1.0,0.024252046757821836,0.02122929419851411,0.6734814210633276,0.5062201514448826,0.07920792079207921,0.07920792079207921,0.9207920792079208,0.04092375054506515,0.8917092151171886,1.0,1.0,0.0,,,,0.14487449824810028,0.564937494607642
ID,24,intrusions,SimPEG L2,0.2706289291381836,0.9362647523457656,0.1402912735939026,-0.06819511950016022,0.3524759148101205,0.1548495769125611,1.0,0.0671339765855921,0.0671216607141907,-0.1618874823676203,0.04910180019960218,0.0,0.0,1.0,,,1.0,0.0,1.0,,,,,
ID,24,intrusions,Unconditional,0.23860326409339905,0.8254691273275935,0.12759622931480408,-0.0492699109017849,0.5531129065065628,0.31903571770201944,0.9750830564784053,0.06696930803661974,0.06363550492461777,0.2452996833063906,0.5800275063533612,0.18122977346278318,0.21262458471760798,0.7873754152823921,0.09787081769493276,76.70905110143285,1.0,1.0,0.0,,,,0.14852547645568848,0.8367792125128858
ID,24,intrusions,Oracle conditional,0.14471259713172913,0.5006460482488546,0.07024861127138138,-0.028432980179786682,0.9018423284952648,0.5927607543692219,1.0,0.05806784891795318,0.05715882134854998,0.5174968103393409,0.7091765349572495,0.773095623987034,0.8172757475083057,0.18272425249169436,0.025345569882394472,87.30865438998,1.0,1.0,0.0,,,,0.09735380858182907,0.9171350898154538
ID,24,intrusions,Equal mixture,0.1974755823612213,0.6831842693334527,0.10764047503471375,-0.038011617958545685,0.8372467221975213,0.40426476846417214,1.0,0.06341050823229241,0.06239039549069616,0.3690259336290231,0.5292853631241612,0.4900332225913621,0.4900332225913621,0.5099667774086378,0.03605913475564706,62.94210166725587,1.0,1.0,0.0,,,,0.1384664624929428,0.7920938257654242
ID,25,intrusions,SimPEG L2,0.22377145290374756,0.9064735051866876,0.16280722618103027,-0.06446373462677002,0.42519756069681824,0.14187984114615357,1.0,0.06509586453065976,0.06432652549059881,0.24502657472693268,0.41903239847710827,0.0,0.0,1.0,,,1.0,0.0,1.0,,,,,
ID,25,intrusions,Unconditional,0.2223234325647354,0.9006077343063843,0.11893647909164429,-0.05878704786300659,0.5829005454738794,0.35848903585287983,0.9741935483870968,0.06988179824246837,0.06597542876066573,0.3203924993838208,1.3916640398976372,0.36910569105691055,1.7161290322580645,0.7161290322580646,0.10035831605797019,71.48202850148817,1.0,1.0,0.0,,,,0.17730677127838135,0.8533396100869729
ID,25,intrusions,Oracle conditional,0.2199111133813858,0.8908356950342409,0.07482343167066574,-0.031631145626306534,0.6868932709172993,0.6430559313931402,0.9451612903225807,0.08178231402896771,0.07896459785312997,0.3177463805647823,1.2885158233051064,0.458955223880597,1.5225806451612902,0.5225806451612903,0.06912435555082631,45.376729250532655,1.0,1.0,0.0,,,,0.029721595346927643,0.3778471904373309
ID,25,intrusions,Equal mixture,0.18143917620182037,0.7349901155648917,0.14018487930297852,-0.0011194739490747452,0.6484036488028765,0.20584353748369116,1.0,0.062323989337931984,0.06095324559940092,0.3569564829182394,1.3321836343395987,0.7305389221556886,0.864516129032258,0.13548387096774195,0.013422034450445151,18.581618192969515,1.0,1.0,0.0,,,,0.3338593542575836,0.34320041098949855
ID,26,dykes,SimPEG L2,0.17612043023109436,0.8517101339324415,0.10092262923717499,0.01948733627796173,0.4680219241265187,0.32686564192292344,1.0,0.08611800686882569,0.08339608860729934,0.29223511666185725,0.28858054000022726,0.16666666666666666,0.38127090301003347,0.6187290969899666,0.27331196505584315,25.59357650203069,1.0,1.0,0.0,,,,,
ID,26,dykes,Unconditional,0.1566038727760315,0.7573289781395512,0.07442072033882141,-0.01690226048231125,0.6232228801367257,0.44503623404269677,1.0,0.07815637685950022,0.0743981027685631,0.5301159490762255,0.5308868385611957,0.3249211356466877,0.40468227424749165,0.5953177257525084,0.21784925089013282,4.35986017341637,1.0,1.0,0.0,,,,0.17042900621891022,0.7639527733181954
ID,26,dykes,Oracle conditional,0.17117750644683838,0.8278063865206138,0.07563859224319458,-0.0046320222318172455,0.5031459626990059,0.4945287470239542,1.0,0.08218465463464987,0.07654154414147196,0.46095255028304083,0.5194115592692903,0.2161290322580645,0.2608695652173913,0.7391304347826086,0.27657794325630897,6.778736399584025,1.0,1.0,0.0,,,,0.09862522780895233,0.893254452280373
ID,26,dykes,Equal mixture,0.1814797967672348,0.8776277789455714,0.08343870937824249,-0.008718088269233704,0.4039138489094401,0.4420511341115868,0.8929765886287625,0.08743943189751663,0.08035381003020213,0.3760136633812676,0.40874671945088353,0.10491803278688525,0.12709030100334448,0.8729096989966555,0.3245995437839165,2.468074489854485,1.0,2.0,1.0,,,,0.17142465710639954,0.6696710556130367
ID,27,intrusions,SimPEG L2,0.16142117977142334,0.9323226450827492,0.08211357891559601,0.02327069640159607,0.34600887166402244,0.2745452977650693,1.0,0.05978094671700235,0.05955670681128283,0.09971931928406172,0.2800579118880944,0.0,0.0,1.0,,,1.0,0.0,1.0,,,,,
ID,27,intrusions,Unconditional,0.15802551805973053,0.9127102725716909,0.06829212605953217,0.01807822287082672,0.6202734547017914,0.4372894850227532,1.0,0.061142866714328135,0.05812728687437948,0.39162515557892547,1.6756782887577195,0.37800687285223367,1.7655172413793103,0.7655172413793103,0.07459821334303236,76.30606390265626,1.0,1.0,0.0,,,,0.1576349139213562,0.721866081479871
ID,27,intrusions,Oracle conditional,0.19304056465625763,1.1149471841516738,0.08496447652578354,0.030995242297649384,0.31843511922689866,0.5898050450441477,1.0,0.063971388558368,0.05600733202923527,0.3422464338076508,1.2757455994090496,0.13053097345132744,2.524137931034483,1.5241379310344827,0.13881831544757448,88.36314417198864,1.0,1.0,0.0,,,,0.0967496857047081,0.6973424750076779
ID,27,intrusions,Equal mixture,0.16358928382396698,0.9448449950491193,0.0846249908208847,0.02192733809351921,0.35058665265327416,0.2946760324521675,1.0,0.060263157749102604,0.057810346135097036,0.2297314348330072,1.0270744761417847,0.0,0.15172413793103448,0.8482758620689655,0.18605597958555775,82.74182062245569,1.0,2.0,1.0,,,,0.20921173691749573,0.4533714964201449
ID,28,horizontal_layers,SimPEG L2,0.7800228595733643,1.1638702684184796,0.6837821006774902,-0.3513765037059784,-0.23945564244518183,-0.026829658354311496,0.491353001017294,0.20098473225494137,0.19822089127081796,-0.055265718562512285,0.10797975173132701,,,,,,,,,20.447916666666664,20.75,23.833333333333332,,
ID,28,horizontal_layers,Unconditional,0.8128674030303955,1.2128775342187736,0.6803792119026184,-0.28874921798706055,-0.12670252824414832,0.01591351999495393,0.6317395727365208,0.21250148520454154,0.1954928901869683,-0.022081711388491448,0.4483926523791834,,,,,,,,,6.747395833333333,7.333333333333333,11.833333333333334,0.36915323138237,0.15998195634581633
ID,28,horizontal_layers,Oracle conditional,0.7282822132110596,1.0866681720558442,0.6284779906272888,-0.29117071628570557,0.1550197672976523,0.04441711449735076,0.49745676500508645,0.20236558019171794,0.19466510008105456,0.003210859774022865,0.36867651562287057,,,,,,,,,10.315104166666668,11.5,13.5,0.3086017966270447,0.5929256716329819
ID,28,horizontal_layers,Equal mixture,0.6814278364181519,1.016756866989261,0.6089850664138794,-0.18563532829284668,0.20606775743911737,0.03697415769127345,0.655645981688708,0.20178584852719542,0.19337886227513604,-0.056852887193172344,0.31997010315635616,,,,,,,,,9.291666666666668,8.916666666666668,18.833333333333332,0.4577903747558594,0.6108087015120672
ID,29,faulted_layers,SimPEG L2,0.8731970191001892,1.1429462280308722,0.7325939536094666,-0.3806728422641754,-0.07948981052904988,0.019923022486624278,0.5033726812816189,0.12845744203588086,0.12433437584000268,0.17673280065908895,0.3200964001616176,,,,,,,,,23.559895833333332,30.0,42.0,,
ID,29,faulted_layers,Unconditional,0.742933452129364,0.9724414630551814,0.6210078597068787,-0.2944141626358032,0.4739970343616439,0.11747984487857557,0.6396852164137156,0.13623806879173223,0.12851037913377916,0.06726192486295315,0.6799852253921674,,,,,,,,,14.559895833333332,10.0,30.333333333333332,0.37632036209106445,0.12950996604155546
ID,29,faulted_layers,Oracle conditional,0.7941383123397827,1.0394645982173403,0.7104634046554565,-0.2430332750082016,0.13529632258658705,0.03789325854560328,0.5483417650365374,0.13373850248300767,0.12047869047876082,0.20162142762912885,0.6604475120734872,,,,,,,,,11.307291666666666,10.166666666666668,29.0,0.5608988404273987,0.5538864175669794
ID,29,faulted_layers,Equal mixture,0.6941995620727539,0.9086526335022913,0.607365071773529,-0.22242289781570435,0.6044611384092293,0.16866032265416306,0.7608206857785272,0.1283389821015405,0.12249133649842091,0.17151385869802746,0.5925542466682776,,,,,,,,,14.3984375,13.333333333333334,31.166666666666668,0.3960617184638977,0.1833258497856537
ID,30,intrusions,SimPEG L2,0.12797003984451294,0.9617424041779499,0.04651268944144249,0.004435720853507519,0.2439958556111283,0.43284615281287786,1.0,0.03975202023533374,0.03972356103247497,-0.10425405405006026,0.08608589203521046,0.0,0.0,1.0,,,1.0,0.0,1.0,,,,,
ID,30,intrusions,Unconditional,0.16569088399410248,1.245228565346036,0.07395043224096298,-0.02694055624306202,0.18321189640131771,0.5655082537759817,1.0,0.04254438192703699,0.03873596341400812,0.22751713084013986,1.2959835576141838,0.06680584551148225,2.2756410256410255,1.2756410256410255,0.20131370608988888,3.2230311217357897,1.0,1.0,0.0,,,,0.07732152193784714,0.9310763154308165
ID,30,intrusions,Oracle conditional,0.17084051668643951,1.2839299686759027,0.08546954393386841,-0.032648708671331406,0.004173412218400634,0.5104193699207442,0.6025641025641025,0.044054916605524935,0.03934315540316586,0.13720370012304225,1.096226934978122,0.0022624434389140274,1.8397435897435896,0.8397435897435898,0.18231856371768113,70.22684170863472,1.0,1.0,0.0,,,,0.11710046231746674,0.7908954410742114
ID,30,intrusions,Equal mixture,0.13265416026115417,0.9969453097676736,0.05606071650981903,0.007590502500534058,0.14424152341242313,0.5017880314919579,0.9423076923076923,0.04037161216037865,0.038614054989536094,0.13941008626134785,0.871343951065189,0.0,0.0,1.0,,,1.0,0.0,1.0,,,,0.15855638682842255,0.6265109193364149
ID,31,blobs,SimPEG L2,0.1430460661649704,0.9017023994589594,0.09130516648292542,-0.03141998499631882,0.524450675881733,0.20657611588498825,0.7080745341614907,0.02520096772176367,0.024609163200955877,0.048410867215376435,0.19426507607852017,0.0,0.0,1.0,,,2.0,0.0,2.0,,,,,
ID,31,blobs,Unconditional,0.15381412208080292,0.9695797072181023,0.10772924870252609,-0.06522376835346222,0.6495094582762841,0.3241215800079698,1.0,0.02800041453117099,0.02356466915660351,0.5737904040947077,1.2268070252203271,0.28861154446177845,1.565217391304348,0.5652173913043478,0.12259908284914639,43.58454705257407,2.0,1.0,1.0,,,,0.19286789000034332,0.6506950652561971
ID,31,blobs,Oracle conditional,0.19522568583488464,1.2306208347618623,0.10716119408607483,-0.06398577988147736,0.5124871923248271,0.4651121994317932,1.0,0.030076198006713746,0.02303180321640231,0.49259773552061126,1.1573400211722555,0.21726618705035972,1.6273291925465838,0.6273291925465838,0.1408559145295252,20.76155259628405,2.0,1.0,1.0,,,,0.04343385249376297,0.40192677161391244
ID,31,blobs,Equal mixture,0.1510709822177887,0.9522881041503266,0.10252708196640015,-0.03783147409558296,0.4433234691582471,0.1873761752597319,0.7080745341614907,0.028235111287880213,0.022376137853725445,0.2645897123440677,0.9999298356420359,0.1634980988593156,0.9006211180124224,0.09937888198757763,0.12304917764653145,15.444636148162372,2.0,1.0,1.0,,,,0.2542404234409332,0.4157098654831459
ID,32,blobs,SimPEG L2,0.2361709475517273,0.7902055610072367,0.15135779976844788,0.016789007931947708,0.6937056894876579,0.39028352345048284,1.0,0.03559319267976208,0.03284159966777939,0.20445796310232006,0.2356532092368661,0.0,0.0,1.0,,,2.0,0.0,2.0,,,,,
ID,32,blobs,Unconditional,0.16739244759082794,0.5600792321329586,0.1289893090724945,-0.01995955966413021,0.8703138661467363,0.4805182234141585,1.0,0.036087827991208216,0.029204914471860573,0.5651303233780818,1.080884287913454,0.5973622963537626,1.1248710010319918,0.12487100103199174,0.33117075632960624,40.88541235911491,2.0,2.0,0.0,,,,0.26921480894088745,0.5422546854981221
ID,32,blobs,Oracle conditional,0.13934999704360962,0.4662518558345724,0.0925980806350708,0.02231256477534771,0.8974811856622018,0.6490198684588132,1.0,0.026288519550386177,0.01828665833961171,0.7417262922904747,0.9758390776459981,0.6398601398601399,0.936016511867905,0.06398348813209494,0.05139055610148838,57.46484703457714,2.0,2.0,0.0,,,,0.1165052056312561,0.5870627024648832
ID,32,blobs,Equal mixture,0.1912781000137329,0.6399983566845993,0.12063886225223541,0.01543935015797615,0.8393668072574387,0.44670363775660343,1.0,0.03290881046085313,0.027091421849298046,0.3553962189295346,0.5762708893660513,0.3157894736842105,0.3673890608875129,0.6326109391124871,0.08284608733325381,80.24566819059942,2.0,2.0,0.0,,,,0.27383682131767273,0.34531860004785847
ID,33,blobs,SimPEG L2,0.21461047232151031,0.8903908367968109,0.13124051690101624,0.043381284922361374,0.5367139569538243,0.2053259637158324,0.952076677316294,0.03313735355777763,0.03114328286096761,0.24395410294320496,0.19533713484169615,0.0,0.0,1.0,,,2.0,0.0,2.0,,,,,
ID,33,blobs,Unconditional,0.16196885704994202,0.6719876462862909,0.10918661952018738,0.008040890097618103,0.7567625929740772,0.38231696507406737,0.9904153354632588,0.03605821292243769,0.027072556274339486,0.5025744526080832,1.0250159912235326,0.4744897959183674,0.8466453674121406,0.15335463258785942,0.303559769658043,30.386124223334832,2.0,2.0,0.0,,,,0.21855948865413666,0.630972261081659
ID,33,blobs,Oracle conditional,0.1686362326145172,0.6996497172186315,0.11402927339076996,0.05753350257873535,0.7489336769738476,0.2533039460486724,1.0,0.03084182717855218,0.022339649967906997,0.5390974912118641,0.9096229811698723,0.3875,0.5958466453674122,0.40415335463258784,0.32359125419956797,52.605155551495486,2.0,2.0,0.0,,,,0.1180429756641388,0.4633686825103086
ID,33,blobs,Equal mixture,0.1710546761751175,0.7096835238748266,0.10719086974859238,0.01572076976299286,0.7710730418592037,0.3827529765614329,1.0,0.030284217669035433,0.026700635680080752,0.3530341920674589,0.505312859635886,0.0,0.0,1.0,,,2.0,0.0,2.0,,,,0.18252238631248474,0.28453065247504206
ID,34,horizontal_layers,SimPEG L2,0.7449512481689453,1.2172875723415983,0.6004434823989868,0.5232748985290527,-0.40151972614617787,0.30516065606899934,0.9994850669412977,0.07497498264599498,0.0717829128657765,0.13831579424091503,0.6337383547594145,,,,,,,,,18.109375,10.333333333333334,31.5,,
ID,34,horizontal_layers,Unconditional,0.29527536034584045,0.4824946967350588,0.2366490215063095,0.02359624207019806,0.7577092772824661,0.14467494602925318,1.0,0.08557033843931028,0.08161485440441582,0.2406085833291636,1.4565122675816218,,,,,,,,,10.005208333333332,8.916666666666666,18.833333333333332,0.19877153635025024,0.6867124979456227
ID,34,horizontal_layers,Oracle conditional,0.3173019289970398,0.5184872108040509,0.26233717799186707,0.02725978195667267,0.7132663910871854,0.14286339015868874,1.0,0.08079145355820008,0.07585595762668258,0.23242687552787764,1.4758151724098407,,,,,,,,,10.346354166666668,9.25,19.666666666666668,0.2276635468006134,0.5766770546177481
ID,34,horizontal_layers,Equal mixture,0.2975867986679077,0.48627170247953205,0.24707819521427155,0.030215054750442505,0.7562335600762592,0.16507303241979193,0.9984552008238929,0.08889558943478094,0.0826720399501833,0.25048302861556393,1.9141153998810503,,,,,,,,,9.778645833333334,9.25,29.666666666666668,0.22625353932380676,0.5888194983109942
ID,35,horizontal_layers,SimPEG L2,0.3702450692653656,0.8395535838220055,0.3073558807373047,0.07807585597038269,0.180250175527317,-0.016962861632516108,0.9985433357611071,0.09241973048941256,0.08965324994178867,0.06835865556638163,0.16609840468842924,,,,,,,,,16.260416666666664,11.166666666666666,28.666666666666668,,
ID,35,horizontal_layers,Unconditional,0.37419283390045166,0.8485053841904712,0.2665870785713196,0.07720040529966354,0.2896310671926557,0.027315325111964807,0.9235251274581209,0.09586131414877998,0.08948791209844428,0.06333147557751319,0.7150166896623034,,,,,,,,,8.096354166666668,7.166666666666666,14.0,0.2544995844364166,0.3790791384629578
ID,35,horizontal_layers,Oracle conditional,0.5154920220375061,1.16891002867901,0.37422823905944824,0.20836800336837769,-0.6046196696782993,-0.07355379202808891,0.15003641660597233,0.09717478810610762,0.08739051835326087,0.06880983593834693,0.6370657673554732,,,,,,,,,7.609375,6.833333333333333,12.166666666666666,0.4552135765552521,0.37322798474606234
ID,35,horizontal_layers,Equal mixture,0.3650563359260559,0.827787810197639,0.26610812544822693,0.12705649435520172,0.3669937531681308,0.032602026288336035,0.9162418062636563,0.09108799468478132,0.08728227313280276,0.0762362933873704,0.522913740047964,,,,,,,,,7.0546875,6.833333333333334,12.166666666666666,0.28421929478645325,0.21649171450917587
ID,36,blobs,SimPEG L2,0.22451288998126984,0.9445486294307283,0.16879811882972717,-0.1286102831363678,0.6354974056167763,0.30531136504630885,1.0,0.02108021732220608,0.016139360210803737,0.7309250430762979,0.950450612874008,0.3407142857142857,2.2929824561403507,1.292982456140351,0.19217138403686893,35.5587894972987,1.0,1.0,0.0,,,,,
ID,36,blobs,Unconditional,0.16146880388259888,0.6793157284459326,0.12396812438964844,-0.05309688672423363,0.705884881104116,0.342647466320225,1.0,0.03438876728339974,0.024734710617002723,0.602623858247121,1.3175752291721097,0.46594427244582043,0.6614035087719298,0.3385964912280702,0.06786842561260122,8.224726455163132,1.0,2.0,1.0,,,,0.24095243215560913,0.7880409598900573
ID,36,blobs,Oracle conditional,0.12281970679759979,0.5167150346353607,0.07898563891649246,-0.014782552607357502,0.8202114003198392,0.4487167559285569,1.0,0.023713821094805534,0.015114024917316688,0.7782859804480777,1.1681470212836242,0.42496493688639553,0.7824561403508772,0.21754385964912282,0.07031675793505496,4.871554851164353,1.0,2.0,1.0,,,,0.06936632841825485,0.7074278143081263
ID,36,blobs,Equal mixture,0.16381463408470154,0.6891848753909392,0.1228647455573082,-0.02118080109357834,0.6688162711940979,0.2941074871264015,0.9719298245614035,0.03444447595945268,0.024505329020706266,0.6014554121283465,1.4602456004161344,0.43134087237479807,0.5543859649122806,0.4456140350877193,0.0811639395693579,23.812727174982516,1.0,1.0,0.0,,,,0.34385502338409424,0.6905844191609837
ID,37,horizontal_layers,SimPEG L2,0.4875166118144989,0.8851728485875355,0.39962175488471985,-0.1695987433195114,0.13520276254570202,-0.017848196067144124,1.0,0.1100576576396847,0.10787856800885755,0.055065545628785274,0.13708547074114072,,,,,,,,,15.27604166666667,12.333333333333332,26.0,,
ID,37,horizontal_layers,Unconditional,0.4921613335609436,0.8936061644573162,0.3967747092247009,-0.11856065690517426,0.14446914545046916,0.03902589510579741,0.9101123595505618,0.11305184238457652,0.1070018596506538,0.030018480615212863,0.5757328790431578,,,,,,,,,9.455729166666668,9.083333333333334,25.333333333333332,0.2494443953037262,0.2570425233111917
ID,37,horizontal_layers,Oracle conditional,0.506062388420105,0.9188459943007709,0.4060439467430115,-0.18938308954238892,-0.03266206807094627,-0.04381461493799556,1.0,0.107914620163512,0.10526971053543856,0.1919543645356779,0.23619677584054322,,,,,,,,,9.6328125,10.0,17.666666666666668,0.13907894492149353,-0.16382397923028463
ID,37,horizontal_layers,Equal mixture,0.4992125332355499,0.9064088676897256,0.3862694203853607,-0.19706395268440247,0.13237857047749074,-0.004549804457838601,1.0,0.10866841210678559,0.10641400470674722,0.08604725759892148,0.27220279973088257,,,,,,,,,9.143229166666666,8.666666666666666,26.0,0.16075359284877777,-0.0047812957721789645
ID,38,blobs,SimPEG L2,0.20377640426158905,0.8607394041405136,0.1265610158443451,-0.05027935653924942,0.48984100503870165,0.08442607091730649,1.0,0.03434785787973752,0.034087252030138654,-0.29374714974748656,0.09476043525780496,0.0,0.0,1.0,,,2.0,0.0,2.0,,,,,
ID,38,blobs,Unconditional,0.20143017172813416,0.8508290575518643,0.11119096726179123,-0.043643832206726074,0.509397687100532,0.4040616945383503,0.7007168458781362,0.03909127229510454,0.02649038927914608,0.5747245267635767,0.8298312566759807,0.2273342354533153,0.6254480286738351,0.37455197132616486,0.23320130886192766,9.3345350479361,2.0,1.0,1.0,,,,0.16885468363761902,0.6289435401564634
ID,38,blobs,Oracle conditional,0.2104615569114685,0.8889770910763325,0.11921794712543488,-0.013107119128108025,0.46932812982606753,0.3955296464428925,0.989247311827957,0.04089965579838466,0.02467375196942489,0.5296511591822476,0.7678978661581406,0.19388954171562867,0.8207885304659498,0.17921146953405018,0.15158744683621256,22.697676597317905,2.0,1.0,1.0,,,,0.04045578092336655,0.7167731016576521
ID,38,blobs,Equal mixture,0.19124744832515717,0.8078178399078686,0.10772228986024857,-0.05868775397539139,0.5199925401158972,0.26167664716831135,0.9390681003584229,0.03485396752917967,0.028261110069347947,0.4172192421564062,0.3912616999748401,0.0,0.0,1.0,,,2.0,0.0,2.0,,,,0.15456658601760864,0.2504492258571558
ID,39,faulted_layers,SimPEG L2,0.6133476495742798,1.0835045591303378,0.5314860939979553,0.2052953988313675,-0.1599438007857031,-0.14533502321744568,0.64004914004914,0.16167673415272155,0.16004311498637847,-0.13655369888798197,0.05639599558334366,,,,,,,,,32.841145833333336,32.333333333333336,43.833333333333336,,
ID,39,faulted_layers,Unconditional,0.6219161152839661,1.0986411161345768,0.5347179174423218,0.26133233308792114,0.24679567026938257,-0.0274307236770013,0.6179361179361179,0.16344882191524227,0.15214903169902663,-0.011242252019500253,0.33841965339172464,,,,,,,,,8.846354166666668,8.333333333333334,14.0,0.3471987545490265,0.3095399546824267
ID,39,faulted_layers,Oracle conditional,0.5312449932098389,0.9384667448510646,0.43172749876976013,-0.0005082283169031143,0.34400859078678375,0.11600124880341928,0.6904176904176904,0.15735310355923085,0.15212940777418066,-0.09351430976154049,0.3425326587896322,,,,,,,,,13.979166666666668,13.0,43.0,0.503178596496582,0.49114315810907827
ID,39,faulted_layers,Equal mixture,0.585473895072937,1.0342643931278315,0.5207829475402832,0.12485064566135406,0.04099539563341072,-0.09456400011092447,0.6564291564291564,0.16520237996195625,0.15539955885272982,-0.09679362975596618,0.19650026521690553,,,,,,,,,10.338541666666668,9.5,32.166666666666664,0.324853777885437,0.36524799997498564
ID,40,horizontal_layers,SimPEG L2,0.6257715821266174,1.1765103044758403,0.5422279834747314,0.2913573682308197,-0.2617257027097444,-0.061024518894371896,0.6607270135424091,0.1393970059590486,0.13752666339080438,-0.14234358714871062,0.09896101446106957,,,,,,,,,25.317708333333332,23.0,34.833333333333336,,
ID,40,horizontal_layers,Unconditional,0.671928346157074,1.2632894265295231,0.5711510181427002,0.2099004089832306,-0.5162506965133086,-0.14195036916169593,0.6607270135424091,0.15255650404353374,0.13183992521817892,0.008360578893041622,0.4292907259359504,,,,,,,,,15.791666666666668,13.666666666666666,32.5,0.45363929867744446,0.4719757048388188
ID,40,horizontal_layers,Oracle conditional,0.4749631881713867,0.8929761291353555,0.4073258638381958,0.09242676943540573,0.533167465370533,0.08752874321061263,0.8114754098360656,0.13394279886110155,0.12607801595116516,0.2310506775803626,0.4022721093310584,,,,,,,,,11.703125,10.583333333333332,22.0,0.506180465221405,0.7502076143406213
ID,40,horizontal_layers,Equal mixture,0.539266049861908,1.0138716468402096,0.4401942491531372,0.11108335852622986,0.1378430458289389,0.04571305587996002,0.6607270135424091,0.13782293702118525,0.1321288935458742,-0.03289369109939582,0.32991674634191437,,,,,,,,,9.919270833333332,9.0,21.666666666666668,0.41906216740608215,0.6507239882350911
ID,41,dipping_layers,SimPEG L2,0.5020869374275208,0.9111017179864049,0.4489568769931793,0.041754357516765594,0.04238041606191492,-0.06148380492737978,0.6832298136645962,0.13633592134756237,0.1343294916719175,-0.07512231769674696,0.15249149091344283,,,,,,,,,26.12760416666667,23.0,44.333333333333336,,
ID,41,dipping_layers,Unconditional,0.5572145581245422,1.011137919252465,0.4931281805038452,0.02128935419023037,-0.04016453354013212,-0.027319575777294266,0.6583850931677019,0.14559508553434422,0.13272959042194074,-0.017792168247399223,0.6017408041351063,,,,,,,,,16.1171875,11.166666666666666,37.333333333333336,0.41432279348373413,0.24878635268058827
ID,41,dipping_layers,Oracle conditional,0.5042081475257874,0.9149509281941884,0.4236481487751007,-0.08423997461795807,0.07235664037535447,-0.0846736365635215,0.6810376324442821,0.13660723627328927,0.13168349084496692,-0.038865384755554774,0.3747418733470601,,,,,,,,,12.763020833333332,11.916666666666668,31.333333333333332,0.3542582094669342,0.25544703975674576
ID,41,dipping_layers,Equal mixture,0.5438548922538757,0.9868950767900564,0.47342920303344727,-0.1042339950799942,-0.16010821472873274,-0.09814834859512958,0.5250274022652539,0.13972861657419683,0.13095485924039815,-0.02067631784081131,0.4168086660498188,,,,,,,,,15.5703125,12.333333333333332,33.666666666666664,0.41448137164115906,0.1608585640403799
ID,42,dipping_layers,SimPEG L2,0.9373900890350342,1.3533491976222671,0.736027717590332,0.5034716725349426,-0.38307416529364596,-0.0056936814753487846,0.5361363011816433,0.11818238846200699,0.11507827904985633,-0.04555440964390147,0.34256858537544,,,,,,,,,22.481770833333336,24.333333333333332,38.0,,
ID,42,dipping_layers,Unconditional,0.6550142765045166,0.9456714508802392,0.5410574674606323,0.2696297764778137,0.5875027397776064,0.12994852317305158,0.5361363011816433,0.11873103055947479,0.11460314236340272,0.02144088405070128,0.6806454722386698,,,,,,,,,15.804687500000002,15.166666666666668,33.0,0.319846510887146,0.4505831353838406
ID,42,dipping_layers,Oracle conditional,0.6940678954124451,1.0020547905715076,0.5844638347625732,0.2837480306625366,0.460583089091812,0.06079030566318375,0.5361363011816433,0.11783326012889837,0.1136041626872201,0.010359590302154584,0.665963292536251,,,,,,,,,17.424479166666664,14.75,33.0,0.31510040163993835,0.3185262360011033
ID,42,dipping_layers,Equal mixture,0.5894070267677307,0.8509515260292261,0.49483904242515564,0.2301437258720398,0.7741339381898649,0.21037425705509377,0.5633415773564165,0.11455209275232321,0.11282452299795523,0.039661041423543916,0.5697062542409739,,,,,,,,,14.098958333333334,12.5,33.0,0.32379981875419617,0.07117247485676503
ID,43,intrusions,SimPEG L2,0.21161149442195892,0.9456913958973489,0.08952383697032928,-0.016408298164606094,0.29725116392446693,0.24664445141040126,1.0,0.05847179981091874,0.05840877850841711,-0.11927183511790612,0.09000446322840665,0.0,0.0,1.0,,,1.0,0.0,1.0,,,,,
ID,43,intrusions,Unconditional,0.1615774780511856,0.7220894648525419,0.08491267263889313,0.0002944469451904297,0.6638207203534174,0.4044991026208053,1.0,0.052178270300734866,0.05038254244999551,0.4869641419039276,1.0679292354873922,0.45789473684210524,1.1556420233463034,0.1556420233463035,0.07054259164831209,52.7277029321134,1.0,1.0,0.0,,,,0.16046074032783508,0.8606649523491452
ID,43,intrusions,Oracle conditional,0.22689566016197205,1.0139963056721344,0.11526048183441162,0.014354011043906212,0.20938125095243054,0.4586615870766864,1.0,0.06043420631192387,0.056962710036382806,0.1307699368603523,0.7586092490855195,0.09730848861283643,1.0622568093385214,0.0622568093385214,0.14587137944296638,72.03444543122231,1.0,1.0,0.0,,,,0.1279076188802719,0.8587450590275112
ID,43,intrusions,Equal mixture,0.20504938066005707,0.916365321052115,0.10881058126688004,0.00789448618888855,0.3175620809247307,0.2780550170430226,1.0,0.05804786931296315,0.056202957123817406,0.20718827948295196,0.6059089725009237,0.0,0.0,1.0,,,1.0,0.0,1.0,,,,0.16820479929447174,0.6911507018525551
ID,44,faulted_layers,SimPEG L2,0.4405837059020996,0.8314304055048899,0.3819093704223633,0.07050573080778122,0.18330483814471715,0.025691445230036386,1.0,0.10113407493349429,0.09981342197041852,-0.04296795551256596,0.11543125463290266,,,,,,,,,26.364583333333332,25.75,31.666666666666668,,
ID,44,faulted_layers,Unconditional,0.2939912676811218,0.5547941869582583,0.23652143776416779,0.05859861522912979,0.8310371311079012,0.23448820008433224,0.9919893190921228,0.09720185794291948,0.09303864361604532,0.19876457430060604,0.7195424449763782,,,,,,,,,8.0,5.833333333333333,18.333333333333332,0.39431309700012207,0.7766703289997774
ID,44,faulted_layers,Oracle conditional,0.546322226524353,1.030970742337007,0.42946767807006836,0.21189305186271667,-0.2750978189293208,-0.07103822611698275,0.5961281708945261,0.1051869912961015,0.09876052842590068,-0.14537158248413795,0.6086614010704589,,,,,,,,,13.578125,12.833333333333334,26.0,0.5094968676567078,0.3941485509802429
ID,44,faulted_layers,Equal mixture,0.4601672887802124,0.8683868022927593,0.3627091348171234,0.15485228598117828,0.19786209009121652,0.020876953159494498,0.9112149532710281,0.10052753705804982,0.09593290010542865,0.054269553244099114,0.39570077663943676,,,,,,,,,7.421875,6.25,19.666666666666668,0.3609376549720764,0.6635915264206544
ID,45,dykes,SimPEG L2,0.13529843091964722,0.9592998335226106,0.08089311420917511,-0.02636503055691719,0.2869189500389486,0.16947206383318325,1.0,0.08209203816254794,0.07944207928237551,0.27910193807182276,0.28390065975931156,0.1016949152542373,0.18902439024390244,0.8109756097560976,0.2768333938554986,25.388422965451213,1.0,1.0,0.0,,,,,
ID,45,dykes,Unconditional,0.16944476962089539,1.201405945240698,0.08951744437217712,-0.026820579543709755,0.06834329407333029,0.37607179627353365,0.5548780487804879,0.08764316198959789,0.07844445992550335,0.2674233776938714,0.721801834606145,0.038922155688622756,1.1158536585365855,0.11585365853658537,0.1272575247049887,31.91196737314487,1.0,2.0,1.0,,,,0.14386765658855438,0.6633674470526322
ID,45,dykes,Oracle conditional,0.13939118385314941,0.9883184790536114,0.05837376415729523,-0.010657791048288345,0.329848772892401,0.5645259280228726,0.6707317073170732,0.08551482777760108,0.07294481006835221,0.4420662658653149,0.6892030693377558,0.19130434782608696,0.6707317073170732,0.32926829268292684,0.14460195349448282,9.54097618904045,1.0,1.0,0.0,,,,0.07033757865428925,0.8024460708667045
ID,45,dykes,Equal mixture,0.14722606539726257,1.0438697556637653,0.07669644057750702,-0.009535218589007854,0.13628559071537638,0.33861022457273104,0.7378048780487805,0.08379964974164217,0.07761711984222637,0.3060743751218569,0.5898618345452238,0.08875739644970414,0.12195121951219512,0.8780487804878049,0.29201239248699157,8.041280575735371,1.0,1.0,0.0,,,,0.21862497925758362,0.5669905129397529
ID,46,faulted_layers,SimPEG L2,0.7113901972770691,1.1950358611476548,0.5577993988990784,0.40499112010002136,-0.4433396891130784,0.10603205697863999,0.48904494382022473,0.1026523908116681,0.10149996769596555,-0.12584519588970597,0.12310209392070925,,,,,,,,,31.25,30.583333333333336,38.0,,
ID,46,faulted_layers,Unconditional,0.8674337863922119,1.457167228164731,0.7017616629600525,0.49702537059783936,-0.5486835388402839,-0.1351495747902232,0.4404494382022472,0.11336885497996395,0.09939846554827989,-0.0013556949858423,0.6764155551980222,,,,,,,,,11.802083333333332,11.833333333333334,24.666666666666668,0.34850963950157166,0.515703037663681
ID,46,faulted_layers,Oracle conditional,0.592137336730957,0.9947077635121746,0.5116850137710571,0.2310781478881836,0.1910854815490986,-0.0002088681762670054,0.5971910112359551,0.10578476191150257,0.09886045360856796,-0.04747212824028435,0.5180404569888499,,,,,,,,,21.0,16.75,40.166666666666664,0.43861058354377747,0.7076393357253905
ID,46,faulted_layers,Equal mixture,0.6323366761207581,1.0622370215046733,0.5047824382781982,0.342305064201355,0.28525833007484735,0.14908382912357354,0.6460674157303371,0.10261852181346637,0.09921918425644684,-0.03734600143396488,0.42282654067567116,,,,,,,,,12.080729166666666,11.916666666666668,35.166666666666664,0.278692364692688,0.28457505962606877
ID,47,faulted_layers,SimPEG L2,0.7649285793304443,1.505783599602005,0.645209014415741,-0.5538132190704346,-0.7059180261891635,0.23655422960641734,1.0,0.06433463108129103,0.06141008115737526,-0.06487083094221179,0.7254866214113975,,,,,,,,,22.6796875,23.0,28.166666666666668,,
ID,47,faulted_layers,Unconditional,0.35077306628227234,0.6905067278990745,0.27992260456085205,0.005889885127544403,0.5121025128023098,0.10178350966011686,1.0,0.07720339113537968,0.07368751686298901,-0.07214022448433714,1.6149620143289676,,,,,,,,,12.684895833333334,13.166666666666666,21.0,0.26536428928375244,0.1754874612434073
ID,47,faulted_layers,Oracle conditional,0.34846556186676025,0.6859643400229035,0.2905030846595764,-0.06838692724704742,0.49182907901849693,0.1432126641991841,1.0,0.07289816446588823,0.06383765193773731,0.039136524974109535,1.7010566004640686,,,,,,,,,11.7265625,12.333333333333332,21.5,0.34689414501190186,0.6046915141724533
ID,47,faulted_layers,Equal mixture,0.2040269821882248,0.40163290006007474,0.17938172817230225,-0.08901729434728622,0.9080154977998363,0.25914858603593266,1.0,0.05901360370195971,0.05693422314352989,0.14603494710687745,1.1044454232639218,,,,,,,,,8.78125,7.75,25.666666666666668,0.3365863561630249,0.8263826101515197
ID,48,intrusions,SimPEG L2,0.2021278291940689,0.9727869183289851,0.0695808157324791,0.02469026669859886,0.21097637634653363,0.34171675294169995,1.0,0.06503032582404879,0.0650295889718194,-0.15749418034992738,0.034932158274055575,0.0,0.0,1.0,,,1.0,0.0,1.0,,,,,
ID,48,intrusions,Unconditional,0.15535233914852142,0.7476690560525943,0.07269059121608734,-0.008759441785514355,0.6547831861101507,0.428176032301524,1.0,0.06101841770495195,0.05999973922148496,0.37852849447300263,0.7151709507015735,0.4666666666666667,0.8504672897196262,0.14953271028037382,0.0699307913927651,9.635493871902876,1.0,1.0,0.0,,,,0.1261986345052719,0.8113739301662406
ID,48,intrusions,Oracle conditional,0.18018227815628052,0.8671688792385616,0.08422201126813889,-0.014912072569131851,0.4569621998073464,0.5114403722501785,1.0,0.06525086606272203,0.062463995767997584,0.20594007784705562,0.6111585610131655,0.023255813953488372,0.2336448598130841,0.7663551401869159,0.10853448918637579,70.75608783272554,1.0,1.0,0.0,,,,0.1211017593741417,0.9409957737656758
ID,48,intrusions,Equal mixture,0.18349628150463104,0.8831182866874416,0.07981003075838089,0.0007662728894501925,0.47148036354389905,0.37551248480769905,1.0,0.06412428164995002,0.0627482570184843,0.25791341623190106,0.4617431625745189,0.0,0.0,1.0,,,1.0,0.0,1.0,,,,0.1461874097585678,0.8119841898552717
ID,49,faulted_layers,SimPEG L2,0.7690420150756836,1.3382773371210301,0.6523182392120361,-0.5303428769111633,-0.5200716842451484,0.20880511338636543,1.0,0.0706586674173564,0.0677811635509538,-0.02552185391794562,0.5601146842919065,,,,,,,,,20.6875,23.5,32.0,,
ID,49,faulted_layers,Unconditional,0.22589106857776642,0.39309282433148546,0.16574814915657043,9.461864829063416e-05,0.8583357837147435,0.2137656123896289,1.0,0.0737532968185947,0.07078639641819873,0.15613497128248333,1.015566792885016,,,,,,,,,7.992187499999999,7.333333333333333,17.0,0.2052890658378601,0.7598251911433226
ID,49,faulted_layers,Oracle conditional,0.2735941410064697,0.4761051168862609,0.2305925488471985,-0.06359335780143738,0.8149112770705783,0.20529836885422997,1.0,0.07123265694769057,0.06611503134330964,0.13996087080442232,1.1414379760000717,,,,,,,,,10.067708333333332,8.916666666666668,29.5,0.3304814398288727,0.8300429344505517
ID,49,faulted_layers,Equal mixture,0.24169887602329254,0.420601373980543,0.19329597055912018,-0.06826621294021606,0.8607048789550853,0.24241171015500487,1.0,0.06675884211505287,0.06469919937083728,0.1656358629753635,1.041343197721818,,,,,,,,,7.4296875,6.166666666666666,16.0,0.2882670760154724,0.852521368500314
ID,50,faulted_layers,SimPEG L2,0.5187454223632812,1.0764073087467345,0.39934641122817993,0.2251737117767334,-0.02139587339547321,0.039958445196927164,0.37318435754189944,0.09416079912761437,0.09021408074053722,0.03646765781444691,0.2068359872096961,,,,,,,,,21.145833333333336,23.583333333333336,31.166666666666668,,
ID,50,faulted_layers,Unconditional,0.5083383917808533,1.0548125084875983,0.4142436385154724,0.1737334430217743,0.17579830356057413,0.03235736951743673,0.6435754189944134,0.09942758808214502,0.08935716597167334,0.009911774537555072,0.5754304097097163,,,,,,,,,13.127604166666668,12.333333333333334,30.166666666666668,0.29782405495643616,0.33026856649333575
ID,50,faulted_layers,Oracle conditional,0.5261409282684326,1.091753134010923,0.42548879981040955,0.18685463070869446,-0.12201841852775162,0.023244119673406435,0.4584729981378026,0.09814926413666201,0.08800751957365198,-0.017678096873234826,0.4907975848022231,,,,,,,,,17.21875,16.5,32.666666666666664,0.3554764688014984,0.26240903375440183
ID,50,faulted_layers,Equal mixture,0.5040322542190552,1.0458771854097164,0.3811141848564148,0.21437811851501465,0.12353614249360291,0.07025126105306931,0.47635009310986964,0.09551578735658825,0.08865117122389672,-0.02818836041366824,0.3855661615329303,,,,,,,,,14.260416666666668,13.5,27.5,0.30509841442108154,0.2774057962051417
ID,51,dipping_layers,SimPEG L2,0.7504263520240784,1.192398974068629,0.6054608821868896,0.5229849219322205,-0.3616372658385719,0.294194003923771,0.9994565217391305,0.07539405772836676,0.07505663854450854,-0.02207970422444216,0.6235077061976765,,,,,,,,,23.028645833333336,24.0,29.0,,
ID,51,dipping_layers,Unconditional,0.2778964340686798,0.4415668799303999,0.23243936896324158,0.10393877327442169,0.8648497348472414,0.27967573133607593,0.9994565217391305,0.08295448737532148,0.08178021503333768,0.06663895660406415,1.2710089016894361,,,,,,,,,12.322916666666666,9.833333333333332,29.0,0.2262965887784958,0.7218382111448038
ID,51,dipping_layers,Oracle conditional,0.25988101959228516,0.41294107050735224,0.20700612664222717,0.07128448039293289,0.858410668656941,0.28598051661325763,0.9989130434782608,0.08793156186602577,0.08597326845823755,0.07208460185476241,1.491659407513897,,,,,,,,,8.0859375,6.583333333333334,29.0,0.15816867351531982,0.49202315429930976
ID,51,dipping_layers,Equal mixture,0.2567024528980255,0.4078904487441092,0.21290570497512817,0.08486147224903107,0.883631404921984,0.2969544687722023,0.9994565217391305,0.08222879436349552,0.07924573325301784,0.08207546285102411,1.4973515572540392,,,,,,,,,9.544270833333334,9.0,29.0,0.20781555771827698,0.667219328740445
ID,52,intrusions,SimPEG L2,0.2612667679786682,0.9361582845177918,0.1325935274362564,0.025631770491600037,0.2994531816551455,0.10066270956002346,1.0,0.0721105143914357,0.07207297600884141,-0.10977660108655608,0.08906862954745678,0.0,0.0,1.0,,,1.0,0.0,1.0,,,,,
ID,52,intrusions,Unconditional,0.17753198742866516,0.6361239207116576,0.09263255447149277,-0.013650208711624146,0.750769568230075,0.49215428044958437,1.0,0.06516796517732952,0.06311384201849256,0.4611551589695389,0.8845193041809962,0.5327586206896552,1.3394736842105264,0.3394736842105263,0.06354177616688994,86.07179818286745,1.0,1.0,0.0,,,,0.12692196667194366,0.9207974058277405
ID,52,intrusions,Oracle conditional,0.16425663232803345,0.5885563186261653,0.06620746105909348,-0.024049729108810425,0.8009643644273493,0.6200441488916344,1.0,0.0689056222047166,0.06776101719664238,0.3614901711039685,1.1100791528242873,0.5726351351351351,1.45,0.45,0.05033374721261566,26.264777939033706,1.0,1.0,0.0,,,,0.11149662733078003,0.7349189921287027
ID,52,intrusions,Equal mixture,0.21728982031345367,0.7785822399136142,0.10016319900751114,0.03770001232624054,0.7950216186146623,0.3357631108094849,1.0,0.06778726478868334,0.06692495561750948,0.4330359084999382,0.6239196992767578,0.034210526315789476,0.034210526315789476,0.9657894736842105,0.031868412377256114,74.86284017933244,1.0,1.0,0.0,,,,0.23140642046928406,0.3541713391568675
ID,53,horizontal_layers,SimPEG L2,0.534943163394928,0.9833373434414353,0.4447636008262634,0.2516462802886963,0.09899577623560564,-0.04500400489466554,0.8039008961518187,0.13244279815262067,0.1315511938351721,0.011283537847323909,0.04609843346270963,,,,,,,,,20.541666666666668,20.833333333333332,22.833333333333332,,
ID,53,horizontal_layers,Unconditional,0.5336201190948486,0.9809053114867903,0.4456816017627716,0.2124032974243164,0.043784309744773334,0.04933940269045173,0.5028993147074328,0.13416808836874852,0.12901131412738234,-0.0018848742738286743,0.2721180975844043,,,,,,,,,9.3671875,9.083333333333332,22.833333333333332,0.11745011806488037,-0.04387968874644842
ID,53,horizontal_layers,Oracle conditional,0.5432710647583008,0.9986457667721128,0.454632043838501,0.2505168318748474,-0.21958594287483127,-0.10464100319259763,0.6236162361623616,0.13343315990248142,0.13010786453252893,0.06472887448511905,0.11313940691664229,,,,,,,,,8.6640625,7.5,13.5,0.13731317222118378,-0.022112014743758783
ID,53,horizontal_layers,Equal mixture,0.5358197093009949,0.9849486180247128,0.45466357469558716,0.23588785529136658,-0.04844214800527335,-0.08054253492583771,0.6847654190827622,0.13348957144576676,0.12966491699165558,0.035594957097095786,0.15044973935700745,,,,,,,,,7.611979166666667,7.0,15.166666666666666,0.12801584601402283,-0.0459038162414429
ID,54,blobs,SimPEG L2,0.13834892213344574,0.8946059660959985,0.10490269958972931,-0.050726957619190216,0.46547699838884715,0.22078923516850574,1.0,0.024108001263585168,0.02315879416424191,0.3900999941191426,0.43519046107493137,0.0,0.0,1.0,,,1.0,0.0,1.0,,,,,
ID,54,blobs,Unconditional,0.20602548122406006,1.3322230620131883,0.11112536489963531,-0.05152076482772827,0.49493888140980524,0.2712444545755015,0.8901960784313725,0.04391257056817502,0.03913263039716608,0.40649343924217074,1.8656593700328383,0.2757009345794392,2.211764705882353,1.2117647058823529,0.12913994475186089,56.90045742682778,1.0,1.0,0.0,,,,0.17342136800289154,0.4877504031070407
ID,54,blobs,Oracle conditional,0.19185477495193481,1.2405909901520913,0.09291433542966843,-0.041245896369218826,0.5950404212628573,0.40315364866540004,1.0,0.03285465893502913,0.02493348771729298,0.6245136442985695,1.6797301642406917,0.3218588640275387,2.011764705882353,1.011764705882353,0.10450363585606509,54.164153725671135,1.0,1.0,0.0,,,,0.021306375041604042,0.5022744312420093
ID,54,blobs,Equal mixture,0.10318513214588165,0.6672262667942669,0.06597137451171875,0.007425746880471706,0.7111078294473515,0.41119419454572587,1.0,0.027703306354268934,0.022640991093326006,0.4517631532306822,1.5111111541081204,0.42406876790830944,0.9490196078431372,0.050980392156862744,0.05046964396950272,41.99857290571176,1.0,1.0,0.0,,,,0.29742681980133057,0.344577958712162
ID,55,blobs,SimPEG L2,0.2095443457365036,0.9620032771211465,0.15269683301448822,-0.06139310821890831,0.3540753646988922,0.11627539273944411,0.6941323345817728,0.024031367594386416,0.022854341493469377,-0.056636688034736274,0.2255185126720442,0.0,0.0,1.0,,,2.0,0.0,2.0,,,,,
ID,55,blobs,Unconditional,0.1907988339662552,0.8759439578352503,0.1282663345336914,-0.07002324610948563,0.7316546230545204,0.2284825221251616,0.7078651685393258,0.041530189912471586,0.03783528077910026,0.5620684474134683,1.0408279819467086,0.4707724425887265,0.7590511860174781,0.24094881398252185,0.04718626698049953,50.12263034264671,2.0,1.0,1.0,,,,0.1420493721961975,0.5667371233773194
ID,55,blobs,Oracle conditional,0.13979530334472656,0.6417903545480591,0.09390152990818024,-0.059653595089912415,0.8528445777216159,0.48006129622458926,0.9313358302122348,0.018015177090837952,0.016175909602671554,0.8502601774739097,0.955073513400255,0.5868596881959911,0.7790262172284644,0.2209737827715356,0.025663266078006508,28.778125165644592,2.0,1.0,1.0,,,,0.014013880863785744,0.4418815333926682
ID,55,blobs,Equal mixture,0.1638265699148178,0.7521162004330638,0.11638538539409637,-0.04124804586172104,0.6877647152744402,0.23778735158212433,0.731585518102372,0.024036160167032455,0.016730520119928947,0.49704469544759217,0.7622556652820189,0.48588957055214727,0.5118601747815231,0.48813982521847693,0.007125330561558702,37.942912655297484,2.0,1.0,1.0,,,,0.25685176253318787,0.6040261002739872
ID,56,blobs,SimPEG L2,0.2463436871767044,1.1848777873683476,0.1845455914735794,0.14229510724544525,0.323126350496814,0.1619630861583427,0.5872274143302181,0.027427193115145486,0.02323757661497026,0.3174231045201373,0.45785835490962234,0.361794500723589,0.4657320872274143,0.5342679127725857,0.03880823726755503,4.703161187452348,2.0,1.0,1.0,,,,,
ID,56,blobs,Unconditional,0.24354133009910583,1.1713988519364067,0.1594802737236023,0.08157157152891159,0.5533267757212489,0.2808101096641842,0.8987538940809969,0.050596827441309215,0.04648393956920191,0.18465421630049128,1.3525873084579616,0.29242262540021347,0.8862928348909658,0.11370716510903427,0.08581008909904718,65.69377440396919,2.0,1.0,1.0,,,,0.2417910397052765,0.22285081948889288
ID,56,blobs,Oracle conditional,0.2554580271244049,1.2287164546965987,0.17075712978839874,0.10316625982522964,0.537748749331265,0.25589338907917897,0.8193146417445483,0.03563934497848213,0.031330290714413206,0.23297093683512654,1.275449002650998,0.25594149908592323,1.1401869158878504,0.14018691588785046,0.12103843823463221,6.859521736986041,2.0,1.0,1.0,,,,0.051548849791288376,0.21214424291815243
ID,56,blobs,Equal mixture,0.1600627452135086,0.7698788370113364,0.09696224331855774,0.029545586556196213,0.6602798385752703,0.3623744900685823,0.897196261682243,0.03450965189365515,0.025953915388360543,0.16782415673570134,1.1282461039913414,0.44281524926686217,0.5327102803738317,0.4672897196261682,0.024374523200910988,62.72136693651551,2.0,1.0,1.0,,,,0.3285601735115051,0.09639306725622743
ID,57,faulted_layers,SimPEG L2,0.715573251247406,1.181061251778676,0.578053891658783,-0.351924329996109,-0.12042066026475853,-0.006607441941516341,0.48327809581199155,0.1686616133194881,0.164360052179212,-0.06768015262283293,0.11707930232407368,,,,,,,,,21.096354166666668,21.916666666666664,30.333333333333332,,
ID,57,faulted_layers,Unconditional,0.6837098002433777,1.128470287452936,0.5644954442977905,-0.2933530807495117,0.041123013274239575,0.020132419078188413,0.5206387466104249,0.17021417769827857,0.15883941458188613,-0.003566851133681425,0.2884408369052501,,,,,,,,,13.5546875,14.25,21.666666666666668,0.35489386320114136,-0.064837633745184
ID,57,faulted_layers,Oracle conditional,0.5706133246421814,0.9418033531978391,0.4991910755634308,-0.17561852931976318,0.44602879598575057,0.036889575653845784,0.5851159987948177,0.16381656964678054,0.1549325988141601,0.08443773018317717,0.3337886898176675,,,,,,,,,9.799479166666666,8.083333333333334,22.166666666666668,0.5233430862426758,0.2804352079283348
ID,57,faulted_layers,Equal mixture,0.6221747994422913,1.0269061150252476,0.5284137725830078,-0.21955838799476624,0.2423781386606372,0.03209252417929087,0.5477553479963845,0.16890218764809775,0.16096279902727445,-0.056269686634583184,0.233234374957729,,,,,,,,,11.510416666666666,11.916666666666668,19.166666666666668,0.3642006516456604,0.33918563342506924
ID,58,faulted_layers,SimPEG L2,0.49648547172546387,0.8411449552624045,0.44036537408828735,0.10493089258670807,0.23304465735706756,-0.06267285438673584,1.0,0.11234929110976566,0.10911879565265402,0.11062888981648984,0.13373093699132113,,,,,,,,,16.5625,12.75,33.666666666666664,,
ID,58,faulted_layers,Unconditional,0.34959477186203003,0.5922829478089157,0.3006897568702698,0.09139718860387802,0.8511665993990511,0.08156741076272166,1.0,0.10787788321438453,0.09956438897700003,0.2529090206812877,0.5604253039221981,,,,,,,,,8.015625,5.833333333333333,29.0,0.33531782031059265,0.4718669906083726
ID,58,faulted_layers,Oracle conditional,0.5980972647666931,1.0132955054381385,0.46356868743896484,0.2641991078853607,-0.14585706093784778,-0.028482305582894135,0.5572109654350417,0.11297646401417602,0.10491871545008567,0.021347632667118796,0.47991080832219307,,,,,,,,,11.114583333333332,9.666666666666666,20.833333333333332,0.4834219515323639,0.08823867666389222
ID,58,faulted_layers,Equal mixture,0.5466592907905579,0.9261493656556844,0.4314666986465454,0.2072816640138626,0.04387808056678174,-0.08967476249777422,0.8915375446960667,0.11530659612807224,0.10625978770573799,0.04110931354835571,0.34289214460082684,,,,,,,,,9.861979166666668,11.25,17.666666666666668,0.35511982440948486,0.17842339928652004
ID,59,horizontal_layers,SimPEG L2,0.7568414807319641,1.3633442016260673,0.6250290274620056,-0.5315470695495605,-0.5746814412140899,0.2612666840647087,1.0,0.06471688966019798,0.0628671668152716,0.022527319280860124,0.6594923822084708,,,,,,,,,25.526041666666664,26.0,30.666666666666668,,
ID,59,horizontal_layers,Unconditional,0.2891654968261719,0.5208912479625306,0.19918516278266907,0.03813156485557556,0.7336811662248749,0.07299393522308689,1.0,0.07537306799884144,0.07356256792975027,0.06546642481088419,1.3316708072160788,,,,,,,,,13.440104166666664,11.833333333333334,28.0,0.21814709901809692,0.4121205657325074
ID,59,horizontal_layers,Oracle conditional,0.2932654321193695,0.5282767086584972,0.23754490911960602,-0.06318941712379456,0.7268410034487786,0.17828890207253115,1.0,0.07165107022625491,0.06779803708766005,0.09333111570769773,1.369335678747154,,,,,,,,,11.356770833333334,10.833333333333334,19.666666666666668,0.27981799840927124,0.7505376306465094
ID,59,horizontal_layers,Equal mixture,0.25873637199401855,0.46607743033145915,0.22203713655471802,-0.10028806328773499,0.8503868427933338,0.22092808010968298,1.0,0.06335690318347309,0.06131579577300087,0.09469909491616478,1.0453879048433534,,,,,,,,,12.302083333333334,11.5,23.0,0.29975199699401855,0.8038139287794663
ID,60,faulted_layers,SimPEG L2,0.4286276698112488,0.8564575482270901,0.35942086577415466,-0.07258108258247375,0.1846208054231819,-0.05016956803605456,1.0,0.09191784929765326,0.09077377783559441,-0.07257369036294409,0.0907050808193245,,,,,,,,,26.325520833333336,27.0,28.666666666666668,,
ID,60,faulted_layers,Unconditional,0.3760650157928467,0.7514300734288962,0.3076276183128357,-0.031001869589090347,0.5079322364017356,0.022366549207584564,1.0,0.09450580664327224,0.08530807386678159,0.09334128987167056,0.6496102816023718,,,,,,,,,6.7421875,6.833333333333333,22.0,0.4263802468776703,0.5338646926613664
ID,60,faulted_layers,Oracle conditional,0.4778790771961212,0.9548686928789429,0.32532405853271484,-0.2463715374469757,0.2946540383500384,0.24757588977853515,0.8119335347432024,0.0902125917092428,0.08671605314554215,0.030420079518903825,0.5212680195737988,,,,,,,,,12.0234375,10.666666666666666,19.166666666666668,0.3872709274291992,0.19222893821089723
ID,60,faulted_layers,Equal mixture,0.4357599914073944,0.870708916250279,0.3277507424354553,-0.14878703653812408,0.3242880716539875,-0.011150132258752998,0.9358006042296072,0.09176149774152663,0.08700745878268082,0.06102455972019538,0.37879922372806596,,,,,,,,,8.955729166666666,8.916666666666668,15.333333333333334,0.30955976247787476,0.6207175436205443
ID,61,intrusions,SimPEG L2,0.16226622462272644,0.9823490239117755,0.04658280685544014,0.02399451658129692,0.20364969773233121,0.6344987198131051,1.0,0.05322987761649983,0.05322151917335311,-0.12693136200825922,0.022393763512477478,0.0,0.0,1.0,,,1.0,0.0,1.0,,,,,
ID,61,intrusions,Unconditional,0.14388813078403473,0.871089255677362,0.05882750451564789,0.019262200221419334,0.49917630717528266,0.4215297202556579,0.9945054945054945,0.053174197508820284,0.05158603869581612,0.1730670616461615,0.6101811284772044,0.0,0.0,1.0,,,1.0,0.0,1.0,,,,0.1387050598859787,0.7464391583945362
ID,61,intrusions,Oracle conditional,0.13686403632164001,0.82856585097598,0.04886443912982941,0.007231862749904394,0.5825537230908503,0.6623505728777277,1.0,0.05225141638077117,0.05136504490589059,0.2125916113244214,0.5061260296689393,0.0,0.0,1.0,,,1.0,0.0,1.0,,,,0.07669221609830856,0.9185649510938344
ID,61,intrusions,Equal mixture,0.1585121601819992,0.9596221653333834,0.05010885000228882,0.02190353162586689,0.23962297205748645,0.6546715933363949,0.8681318681318682,0.053067284240612606,0.05180903309829454,0.1683355834148571,0.512843814315182,0.0,0.0,1.0,,,1.0,0.0,1.0,,,,0.1318751722574234,0.6959323562701892
ID,62,intrusions,SimPEG L2,0.19036899507045746,0.9618275846414421,0.07687230408191681,-0.028727469965815544,0.24584633528602037,0.3015027220556986,1.0,0.048632645766592375,0.04862932249053592,-0.1629335743691554,0.043998412378711715,0.0,0.0,1.0,,,1.0,0.0,1.0,,,,,
ID,62,intrusions,Unconditional,0.1405065655708313,0.7099007406076776,0.06650670617818832,-0.022911742329597473,0.7844146544848357,0.48104207033484486,1.0,0.044429861005462076,0.043423748980857185,0.4552926339019626,0.8236353780047801,0.3419354838709677,0.3419354838709677,0.6580645161290323,0.023071929065065586,26.249810508171468,1.0,1.0,0.0,,,,0.1931999921798706,0.5506858610789837
ID,62,intrusions,Oracle conditional,0.16438721120357513,0.8305562270755193,0.07574035227298737,-0.009078889153897762,0.5603461637453192,0.4821531183575047,1.0,0.04684081617409623,0.045714020297641385,0.3125889883815676,0.5221860009059149,0.0,0.0,1.0,,,1.0,0.0,1.0,,,,0.09561535716056824,0.8943792249683946
ID,62,intrusions,Equal mixture,0.17529726028442383,0.8856785759216037,0.07885992527008057,-0.015189852565526962,0.4310262871598602,0.46314084702508396,0.9870967741935484,0.0485182712000725,0.04700916479002873,0.15575059748790052,0.5107312714899446,0.0,0.0,1.0,,,1.0,0.0,1.0,,,,0.09676829725503922,0.7111025728616535
ID,63,intrusions,SimPEG L2,0.17305973172187805,0.9346859395616799,0.08497913181781769,0.0020147953182458878,0.3151326703751695,0.201197174022325,1.0,0.05481753259539192,0.05476931252439133,-0.060589082484256734,0.13475163890265662,0.0,0.0,1.0,,,1.0,0.0,1.0,,,,,
ID,63,intrusions,Unconditional,0.15926183760166168,0.8601642845157035,0.08435222506523132,-0.0407228097319603,0.6043533256284965,0.5151454065800132,1.0,0.051346137206505306,0.04993128672711157,0.38164407050957927,1.3307517103582938,0.3448275862068966,2.201492537313433,1.2014925373134329,0.12974580192978205,1.2029128468393475,1.0,1.0,0.0,,,,0.1124706119298935,0.7648474948568681
ID,63,intrusions,Oracle conditional,0.22212675213813782,1.1996941747123533,0.10122540593147278,-0.04865535348653793,0.438450579871369,0.43194750392569653,0.832089552238806,0.0636136154683367,0.060930519245505285,0.10184208086195347,1.5649293170160643,0.2376237623762376,2.264925373134328,1.2649253731343284,0.11823328546056776,72.29660649576417,1.0,1.0,0.0,,,,0.10977322608232498,0.5783918249812693
ID,63,intrusions,Equal mixture,0.15817025303840637,0.8542686972929231,0.09018266946077347,-0.017874127253890038,0.47808104404697305,0.299518201056054,1.0,0.053792010950425385,0.052627895391072536,0.2196789408316476,0.7911966213135547,0.2761904761904762,0.5,0.5,0.08576273200395651,6.112511132280136,1.0,1.0,0.0,,,,0.15854576230049133,0.8520728180605549
ID,64,blobs,SimPEG L2,0.28141820430755615,1.3170088946094052,0.19833484292030334,-0.1456637680530548,-0.03151007061443956,-0.03234469839030798,0.36024844720496896,0.03218004104318676,0.02238306576975849,0.5695743053962598,0.5428387444667411,0.2706043956043956,0.4363354037267081,0.5636645962732919,0.15879823499801624,80.13109947863254,2.0,1.0,1.0,,,,,
ID,64,blobs,Unconditional,0.3139726221561432,1.4693602962215186,0.18867278099060059,-0.1282465010881424,-0.08868435460569248,0.05019316447307198,0.4254658385093168,0.046585630227285915,0.029670827451669112,0.410590030482905,1.19005829898228,0.38171428571428573,0.8773291925465838,0.12267080745341614,0.07252084079752695,83.99270179316959,2.0,1.0,1.0,,,,0.21161840856075287,0.5005535265557493
ID,64,blobs,Oracle conditional,0.3484150171279907,1.6305472409011863,0.2227630317211151,-0.14212672412395477,-0.05317107463989134,0.0046040915766965024,0.4673913043478261,0.04855161769196714,0.02423286898425283,0.5971704480974036,1.414340765877567,0.2490842490842491,1.1180124223602483,0.11801242236024845,0.12059097438409794,66.79529262759714,2.0,2.0,0.0,,,,0.09154397994279861,0.1640000164005915
ID,64,blobs,Equal mixture,0.24464979767799377,1.1449364492930136,0.16769982874393463,-0.11208892613649368,0.2949682061352104,-0.00200114331809861,0.656832298136646,0.03705564946330974,0.024007171684993712,0.4635419138012615,1.1979820700908497,0.24155844155844156,0.484472049689441,0.515527950310559,0.1575815120461938,70.07394640186652,2.0,3.0,1.0,,,,0.38378170132637024,0.2519930142506393
ID,65,dykes,SimPEG L2,0.169416606426239,0.9508328035994197,0.09925217181444168,-0.0174411628395319,0.24328761966149975,0.30348750867028956,1.0,0.08727872723463642,0.08449117526839989,0.23692700595379285,0.23849073568935977,0.09230769230769231,0.26785714285714285,0.7321428571428571,0.3569704286091198,30.621838191613406,1.0,2.0,1.0,,,,,
ID,65,dykes,Unconditional,0.19036860764026642,1.0684236966977638,0.10480639338493347,-0.022545527666807175,0.15160384635076285,0.43771462883761214,0.9178571428571428,0.08759588258740798,0.08127408452944501,0.2940963071118408,0.5860680622115835,0.04823151125401929,1.3285714285714285,0.32857142857142857,0.14954913008476098,17.641858106786255,1.0,1.0,0.0,,,,0.1685767024755478,0.9043800612029843
ID,65,dykes,Oracle conditional,0.14681529998779297,0.8239853591888644,0.06821002811193466,-0.0014596350956708193,0.5092806419349913,0.4880156682314,1.0,0.08072479443914471,0.07487519618270722,0.48323682524041756,0.5609539700842858,0.27607361963190186,0.4857142857142857,0.5142857142857142,0.2507181818782574,4.250907010217712,1.0,1.0,0.0,,,,0.08895067870616913,0.9429790943580346
ID,65,dykes,Equal mixture,0.19845090806484222,1.1137847538830172,0.12812107801437378,-0.03802945464849472,0.06023060763912668,0.29536468198465327,0.9785714285714285,0.08700758788504769,0.08324600218097669,0.2383214286772615,0.4289772892373671,0.04119850187265917,0.9857142857142858,0.014285714285714285,0.21193997618524557,10.88276776238848,1.0,5.0,4.0,,,,0.1735432893037796,0.8067456134427671
ID,66,intrusions,SimPEG L2,0.22447235882282257,0.837119261258646,0.18422788381576538,-0.06200631707906723,0.5131239716674719,0.1580297039901644,1.0,0.06399561572001573,0.06351920685892494,0.2376621361065681,0.4670115423343002,0.6447811447811448,0.7959558823529411,0.20404411764705882,0.012886546416424659,3.7280397990559675,1.0,1.0,0.0,,,,,
ID,66,intrusions,Unconditional,0.18442299962043762,0.6877641684302902,0.11432027816772461,-0.03314070403575897,0.6911393276172476,0.31189692279886655,0.9852941176470589,0.06790346303707058,0.06517862355600312,0.21850435754663453,1.486426005216813,0.5110593713620489,1.3860294117647058,0.3860294117647059,0.0831140253955121,8.053218731303355,1.0,2.0,1.0,,,,0.2795512080192566,0.6777458935114616
ID,66,intrusions,Oracle conditional,0.12747953832149506,0.47540631508004266,0.053639139980077744,-0.018359635025262833,0.9083205798015123,0.6928120104886345,0.9742647058823529,0.07753365744834796,0.07636286320192452,0.3690371645548106,1.3028759638687764,0.7738693467336684,0.9466911764705882,0.05330882352941176,0.02298382767225304,17.014046248511196,1.0,1.0,0.0,,,,0.06066233664751053,0.5032679605376857
ID,66,intrusions,Equal mixture,0.1577884703874588,0.5884366719295668,0.10365801304578781,0.004718547686934471,0.7994552755278589,0.29594289936050205,1.0,0.06429025387899164,0.06195091130258284,0.2842726092236185,1.3135606848985912,0.7053140096618358,0.9466911764705882,0.05330882352941176,0.00962827512863484,7.371840449671799,1.0,1.0,0.0,,,,0.3291030526161194,0.31497183135171564
ID,67,blobs,SimPEG L2,0.2539462149143219,0.8215662092897399,0.18940815329551697,0.0841599553823471,0.6066013140800648,0.18579201324638459,0.7523609653725079,0.04204260199243713,0.03721855601794895,0.4029390634453764,0.28561656143093683,0.2821180555555556,0.5498426023084995,0.45015739769150054,0.06470891683852405,48.31269805388312,3.0,1.0,2.0,,,,,
ID,67,blobs,Unconditional,0.2430564910173416,0.7863357996328271,0.1541767418384552,0.047731123864650726,0.6213945217728362,0.3009349366133105,0.7460650577124869,0.0515606589638009,0.03956421212078364,0.30854406980087234,0.7514347800824894,0.4025854108956602,0.5939139559286464,0.4060860440713536,0.027398868275922007,11.216012819023232,3.0,1.0,2.0,,,,0.31301960349082947,0.2228477587067974
ID,67,blobs,Oracle conditional,0.23075026273727417,0.7465227182599847,0.15124674141407013,0.060165174305438995,0.7377318654477731,0.4337508053486475,0.9181532004197271,0.04130444424802846,0.025739586717638138,0.6371204357536182,0.828022377559386,0.37798036465638146,1.061909758656873,0.06190975865687303,0.1000626219593558,49.8664389898429,3.0,2.0,1.0,,,,0.07648798823356628,0.4685210998691902
ID,67,blobs,Equal mixture,0.21844632923603058,0.7067170609503052,0.145242378115654,0.04114174097776413,0.7164478660095842,0.27535038038228976,0.7712486883525709,0.04230655153855928,0.032942728702545436,0.4079594514730851,0.5113511529305643,0.3644214162348877,0.657922350472193,0.34207764952780695,0.06977707997242852,59.64411978963063,3.0,1.0,2.0,,,,0.303885817527771,0.2691814572808623
ID,68,intrusions,SimPEG L2,0.2080109417438507,0.958692258022778,0.08395962417125702,0.038392603397369385,0.29963429041628203,0.33383568080801473,1.0,0.0521576612850949,0.05212600373879099,-0.1620888210327817,0.04292719310323827,0.0,0.0,1.0,,,1.0,0.0,1.0,,,,,
ID,68,intrusions,Unconditional,0.15695920586585999,0.7234022125350614,0.07374850660562515,0.016957169398665428,0.7328942975302585,0.5264385468670301,1.0,0.04826747216095773,0.04765936966359418,0.3942559016677991,0.5910730757882448,0.38108882521489973,0.39710144927536234,0.6028985507246377,0.04496270726152532,19.748180268883992,1.0,1.0,0.0,,,,0.09518329799175262,0.9109958307153855
ID,68,intrusions,Oracle conditional,0.16267645359039307,0.7497521779972521,0.08117982000112534,-0.0060758450999855995,0.620020868628131,0.6051171796507409,1.0,0.049674969880960394,0.04615844908703762,0.42459905223313243,0.7793341922296071,0.3984375,1.0753623188405796,0.07536231884057971,0.07383690233214228,73.64887064637146,1.0,1.0,0.0,,,,0.12346834689378738,0.8808899229736971
ID,68,intrusions,Equal mixture,0.17854736745357513,0.8228989178794046,0.08435074985027313,0.014134421944618225,0.589947204344693,0.49774093194695107,1.0,0.050015202907113906,0.04893205128884054,0.36713504824798554,0.4737946868154926,0.0,0.0,1.0,,,1.0,0.0,1.0,,,,0.1431265026330948,0.8694949177654225
ID,69,intrusions,SimPEG L2,0.16685184836387634,0.9697333909081352,0.057048093527555466,0.028264742344617844,0.286567327293777,0.5414617420204084,1.0,0.047305642478052606,0.04727289954682355,-0.14192538466546772,0.03551282697749664,0.0,0.0,1.0,,,1.0,0.0,1.0,,,,,
ID,69,intrusions,Unconditional,0.16809752583503723,0.9769731970591123,0.06909454613924026,0.019284531474113464,0.16266528993112278,0.5274402924386349,1.0,0.0495173861633564,0.046285401690219954,0.10155357972894646,0.5865002391231617,0.0,0.11764705882352941,0.8823529411764706,0.17213206785698654,57.03192524330174,1.0,1.0,0.0,,,,0.08795827627182007,0.8769671240014917
ID,69,intrusions,Oracle conditional,0.1597667783498764,0.9285553695864054,0.07693541049957275,-0.010885502211749554,0.3662402378562087,0.6248961898713519,0.9529411764705882,0.04699911631046661,0.04506352565141873,0.21385250549578427,0.7096341048019501,0.15913978494623657,1.1137254901960785,0.11372549019607843,0.17370789838223422,11.384755987840492,1.0,1.0,0.0,,,,0.10364584624767303,0.740114340616114
ID,69,intrusions,Equal mixture,0.15582656860351562,0.905655096106097,0.055402714759111404,0.02614222839474678,0.5016760580258406,0.5971074580394821,0.9647058823529412,0.04673327834648204,0.045783818512641364,0.15975495497062847,0.47795273860188,0.0,0.0,1.0,,,1.0,0.0,1.0,,,,0.127598375082016,0.5202955142049497
ID,70,horizontal_layers,SimPEG L2,0.6156956553459167,0.9023233715757532,0.5485261082649231,-0.11922797560691833,0.19865291548181305,-0.05254776288725123,0.6714801444043321,0.16216681714288958,0.1610543372542426,-0.07875729909362413,0.049842724684010874,,,,,,,,,22.8125,22.666666666666668,24.5,,
ID,70,horizontal_layers,Unconditional,0.6771087050437927,0.9923263293374143,0.5622413158416748,-0.023064449429512024,-0.14777055354549234,-0.07806944987629026,0.6714801444043321,0.167786172211331,0.1522764504402398,0.21492481888588635,0.30455904159309205,,,,,,,,,6.002604166666666,6.75,9.333333333333334,0.31833600997924805,0.5891382392308184
ID,70,horizontal_layers,Oracle conditional,0.6395899653434753,0.9373413129421901,0.5618088841438293,-0.1881706714630127,0.07348190704923038,-0.03861016646035472,0.5830324909747292,0.1630197483972532,0.1568769914129043,0.1185488743341081,0.1756357058329699,,,,,,,,,5.213541666666666,4.333333333333333,9.5,0.3002244234085083,0.4553232194793218
ID,70,horizontal_layers,Equal mixture,0.6552861928939819,0.9603446796890873,0.5653555393218994,-0.15756510198116302,-0.09848558751673968,-0.07137024213004121,0.6653429602888087,0.1629927842349057,0.1571589942498257,-0.008475903944184763,0.23214306946632796,,,,,,,,,8.130208333333332,8.166666666666666,15.333333333333334,0.2920050323009491,0.33914724142497266
ID,71,faulted_layers,SimPEG L2,0.41180387139320374,0.8331078908525983,0.36177781224250793,0.023161694407463074,0.13121579679064035,0.025622430541091337,1.0,0.10094658930922541,0.09780218362192775,0.005492517079627273,0.1554635259697518,,,,,,,,,20.713541666666664,20.333333333333336,32.666666666666664,,
ID,71,faulted_layers,Unconditional,0.42879924178123474,0.8674907079211434,0.3548120856285095,0.056109294295310974,0.09934342827768061,0.08194614347271557,0.9583053127101546,0.10586199025903482,0.0951881366269368,0.01474275716517182,0.5898292542844927,,,,,,,,,11.604166666666668,11.0,26.0,0.45277470350265503,0.31516457871350745
ID,71,faulted_layers,Oracle conditional,0.48424673080444336,0.9796648370203102,0.36242231726646423,0.15103089809417725,-0.1636111908385887,0.07325768192487601,0.8056489576328177,0.10445524699133621,0.09445264295035194,0.003609770858538991,0.53600137852354,,,,,,,,,11.427083333333332,12.0,19.333333333333332,0.45902392268180847,-0.24305012895292719
ID,71,faulted_layers,Equal mixture,0.45484688878059387,0.9201869105573462,0.34527504444122314,0.13845835626125336,0.0009433187789348474,0.06600306643590037,0.9650302622730329,0.10238123956169398,0.09526437494768138,-0.010007042693025157,0.40876068284345446,,,,,,,,,11.5625,11.25,21.333333333333332,0.36486440896987915,0.3079447372309099
ID,72,horizontal_layers,SimPEG L2,0.6367921829223633,0.9554120476031933,0.5197561979293823,0.325651079416275,0.08578777059983538,0.018548318510353726,0.8739711934156379,0.08732823784848034,0.0848129909348291,0.06417515570114016,0.21885156371534933,,,,,,,,,23.393229166666664,29.0,34.833333333333336,,
ID,72,horizontal_layers,Unconditional,0.6461318731307983,0.969424864948202,0.520667552947998,0.2919600009918213,0.06751732600763737,0.19277910203098847,0.6872427983539094,0.0948089428195961,0.08800457571971694,0.021821833424738313,0.9298337126964663,,,,,,,,,11.075520833333332,11.666666666666666,27.0,0.20521758496761322,0.35593620038583584
ID,72,horizontal_layers,Oracle conditional,0.5986174941062927,0.8981365995268726,0.48986345529556274,0.3010160028934479,0.43593185590377,-0.0038347626508154083,1.0,0.08695430648003498,0.08245729770484077,0.19232596720376757,0.4035397464543296,,,,,,,,,15.411458333333332,15.5,33.0,0.18674887716770172,0.8076485290278974
ID,72,horizontal_layers,Equal mixture,0.6633822321891785,0.9953064654324005,0.5332849621772766,0.3386267423629761,-0.04370082938668454,0.174027268537904,0.5581275720164609,0.08936556066088477,0.08509281798797226,-0.027678664895694594,0.574243744194729,,,,,,,,,10.486979166666666,10.5,27.0,0.28916704654693604,0.5091972572385204
ID,73,dipping_layers,SimPEG L2,0.44303303956985474,1.0095842344897972,0.3545105457305908,0.011572912335395813,0.10920381912496942,0.07542815317971864,0.5638002773925104,0.16107999695605812,0.15768289121938653,0.026893840428094958,0.15065994622314827,,,,,,,,,23.59114583333333,22.333333333333336,48.333333333333336,,
ID,73,dipping_layers,Unconditional,0.5096122026443481,1.1613049130441455,0.4046177268028259,0.02519691176712513,-0.07361076770904446,0.049148121722352354,0.5360610263522885,0.17234847747135773,0.15237189248930544,0.07388517660067243,0.43087678973705335,,,,,,,,,10.184895833333332,8.833333333333332,22.333333333333332,0.3079018294811249,0.5745810800134726
ID,73,dipping_layers,Oracle conditional,0.4299588203430176,0.9797906876642745,0.3505961298942566,-0.006327278912067413,0.21343488473015843,0.09701731388492842,0.5790568654646324,0.15865384357961693,0.15157084035669732,0.17297799749697917,0.303291226793303,,,,,,,,,8.723958333333332,8.666666666666666,24.0,0.3816879391670227,0.5776180509291895
ID,73,dipping_layers,Equal mixture,0.4492318332195282,1.023710053069021,0.35852858424186707,0.0070562101900577545,0.06175888291795241,0.07103226349659358,0.5676144244105409,0.16351790305568306,0.154924319758496,0.04876837982303536,0.26227801280922103,,,,,,,,,9.830729166666668,9.25,19.333333333333332,0.281454861164093,0.6436830714004015
ID,74,horizontal_layers,SimPEG L2,0.42005786299705505,0.8437749372053855,0.35791152715682983,-0.05100485682487488,0.12951272521399165,0.016894386743347194,1.0,0.10445323878607943,0.1014137249226145,0.08598059537749289,0.1330884330459657,,,,,,,,,20.921875,21.666666666666668,30.5,,
ID,74,horizontal_layers,Unconditional,0.41072550415992737,0.8250289234167311,0.3316577672958374,-0.015543147921562195,0.2832860535807703,0.047914694307016156,0.997716894977169,0.10924333586445514,0.09969647987445213,0.03551441983592896,0.6704485653792214,,,,,,,,,7.7421875,7.916666666666666,11.5,0.4354870319366455,0.5042942420565246
ID,74,horizontal_layers,Oracle conditional,0.43328166007995605,0.8703377266116625,0.30167824029922485,-0.17475183308124542,0.3545659500069729,0.15469199821861243,0.982496194824962,0.09723659269214692,0.09565704806893285,0.31428624449130416,0.370736441291682,,,,,,,,,6.729166666666667,6.083333333333334,13.166666666666666,0.3372812867164612,0.3330293621269426
ID,74,horizontal_layers,Equal mixture,0.43550270795822144,0.8747991703771533,0.3250206410884857,-0.12843167781829834,0.18309810646676258,0.014943311946799345,1.0,0.10370653241647827,0.10004551612489544,-0.03657015452355898,0.4125241360787205,,,,,,,,,9.708333333333334,9.666666666666666,16.666666666666668,0.30495911836624146,0.48023432415328704
ID,75,blobs,SimPEG L2,0.16601680219173431,0.9212712870147474,0.08402923494577408,0.05244624987244606,0.45201779656784424,0.4012323857904777,1.0,0.02054858001730479,0.020486991373124163,-0.392910724961816,0.05060766831305134,0.0,0.0,1.0,,,1.0,0.0,1.0,,,,,
ID,75,blobs,Unconditional,0.11524082720279694,0.6395019286731615,0.050222061574459076,0.02991652861237526,0.797606416018032,0.7363341655978232,1.0,0.017735746221315546,0.013716245206060096,0.6944253438366189,0.5536817270543527,0.2985971943887776,0.3090909090909091,0.6909090909090909,0.08270207915988212,50.10436639696663,1.0,1.0,0.0,,,,0.09104030579328537,0.6729204312185298
ID,75,blobs,Oracle conditional,0.11904965341091156,0.6606381159532462,0.0623394213616848,0.024229567497968674,0.7849049277778388,0.6436847228351337,1.0,0.017236783337065183,0.016050624010337328,0.7437116147285452,0.36114910044991,0.0,0.0,1.0,,,1.0,0.0,1.0,,,,0.08113424479961395,0.7708767681835343
ID,75,blobs,Equal mixture,0.1378941684961319,0.7652113304504118,0.07187188416719437,0.042640458792448044,0.7689428983563329,0.5530884826488277,1.0,0.019148188165608118,0.015725134830939676,0.5021573444104758,0.586344473110155,0.0,0.0,1.0,,,1.0,0.0,1.0,,,,0.14676186442375183,0.6185230287005882
ID,76,horizontal_layers,SimPEG L2,0.8447458148002625,1.5197704980263602,0.6714903116226196,-0.5534844994544983,-0.6098596583271384,0.08309732608430893,0.5072840790842872,0.08004866117300904,0.0770699941615962,0.0761706299453115,0.5319941732053357,,,,,,,,,17.875,10.666666666666666,31.333333333333332,,
ID,76,horizontal_layers,Unconditional,0.5172785520553589,0.9306286801330987,0.4873421788215637,-0.1024744063615799,0.24204868507896926,-0.24307331579174093,0.5002601456815817,0.08926135171644553,0.08322519182237029,0.0157189955126459,1.1486905420914493,,,,,,,,,13.856770833333332,11.833333333333332,24.0,0.3313319683074951,0.22353626600839738
ID,76,horizontal_layers,Oracle conditional,0.4815925061702728,0.8664264091337539,0.414587140083313,-0.14245381951332092,0.4314540516691506,-0.06732887590897807,0.5072840790842872,0.08632374247094417,0.07821166602390733,0.18575745808298744,1.2056229558868519,,,,,,,,,8.3359375,8.25,16.333333333333332,0.28614699840545654,0.3141751970472507
ID,76,horizontal_layers,Equal mixture,0.3969484865665436,0.7141445255490108,0.3444177806377411,-0.1805938482284546,0.8095361906523745,-0.12512291807732867,0.5072840790842872,0.0750595076125039,0.07396488433241419,0.22062904484723556,0.8720399418256924,,,,,,,,,10.638020833333332,9.5,27.0,0.33196714520454407,0.3380966577371405
ID,77,intrusions,SimPEG L2,0.13948015868663788,0.9404890920464769,0.07338011264801025,-0.02225867286324501,0.3532308347928073,0.18855775866956143,1.0,0.051771008098174184,0.0514964151583076,0.12145749483347784,0.26594022567183817,0.0,0.0,1.0,,,1.0,0.0,1.0,,,,,
ID,77,intrusions,Unconditional,0.21183952689170837,1.4283950217861663,0.11444436758756638,-0.05818899720907211,0.22599107682009953,0.27708933986170103,0.9256756756756757,0.0593321538169948,0.05347029983843347,0.2213732301582756,1.8091823285371713,0.1111111111111111,3.9324324324324325,2.9324324324324325,0.20474325037201835,75.4599512209884,1.0,1.0,0.0,,,,0.12925894558429718,0.7965581901821428
ID,77,intrusions,Oracle conditional,0.22411707043647766,1.5111802429223344,0.10695715248584747,-0.04451270028948784,0.06846119086364673,0.37721686364490226,0.8716216216216216,0.06314938688698465,0.05406316425133411,0.18107142111318253,1.5659876276586466,0.04452054794520548,3.1216216216216215,2.1216216216216215,0.16794686418395383,71.50009074750439,1.0,1.0,0.0,,,,0.10858104377985,0.7704918377738864
ID,77,intrusions,Equal mixture,0.1460329294204712,0.9846732215734388,0.07378146797418594,-0.0012178746983408928,0.23340324352595543,0.3177797303135807,1.0,0.05426983845787956,0.0507638787547174,0.15216387859510286,1.1763905893654631,0.0,0.0,1.0,,,1.0,0.0,1.0,,,,0.200461745262146,0.5014267996207993
ID,78,dykes,SimPEG L2,0.14962823688983917,0.8750172321573755,0.085318922996521,-0.018434574827551842,0.43948566721747406,0.24477946106390958,1.0,0.08325862413836367,0.08199176078174289,0.24906977585354978,0.2874041292337811,0.15,0.23214285714285715,0.7678571428571429,0.29674193022448353,4.91105120515101,1.0,1.0,0.0,,,,,
ID,78,dykes,Unconditional,0.14438332617282867,0.844345299145895,0.07493215799331665,-0.010712090879678726,0.4972349873725321,0.41141283068294604,1.0,0.0805970141407301,0.07508440072474631,0.44432122247999556,0.6238611850123179,0.2073170731707317,0.32589285714285715,0.6741071428571429,0.26249801157046887,4.307685608793446,1.0,5.0,4.0,,,,0.18111202120780945,0.8071468196357428
ID,78,dykes,Oracle conditional,0.13917361199855804,0.8138791934705504,0.06034238636493683,-0.0049268221482634544,0.5400255764833782,0.5098565221196967,1.0,0.07879941549579414,0.07335303463257879,0.4861372813283442,0.5766224154135893,0.2804878048780488,0.40625,0.59375,0.22826947488849342,3.230421684426022,1.0,2.0,1.0,,,,0.08962684869766235,0.9319223378137963
ID,78,dykes,Equal mixture,0.15259858965873718,0.8923876824974786,0.09110359102487564,-0.027834899723529816,0.42813637017040723,0.24346153769657303,0.9955357142857143,0.08004925355458388,0.0772765700885377,0.38617975111604674,0.57321989043613,0.09126984126984126,0.22767857142857142,0.7723214285714286,0.06498456020019881,12.094409109526728,1.0,3.0,2.0,,,,0.18456533551216125,0.6237391053685365
ID,79,dykes,SimPEG L2,0.18392549455165863,0.8827123968180954,0.1217675507068634,0.02772950753569603,0.40161515681141613,0.12777137617795142,1.0,0.08625869482775857,0.08433272609457895,0.22224342956598894,0.3262666521439665,0.15406162464985995,0.2875,0.7125,0.30378818592104834,15.554230310038395,1.0,1.0,0.0,,,,,
ID,79,dykes,Unconditional,0.16478288173675537,0.7908413830666108,0.08071156591176987,-0.008225984871387482,0.5593673481551568,0.390901047976834,0.896875,0.07920139300841997,0.07560644831154223,0.48484738568844693,0.6118960003042333,0.30170316301703165,0.671875,0.328125,0.18976260859661376,9.551791102228476,1.0,1.0,0.0,,,,0.18693383038043976,0.7143410217532193
ID,79,dykes,Oracle conditional,0.14982543885707855,0.7190562274155493,0.06851289421319962,-0.003494908334687352,0.6703498445719369,0.5126752205141732,1.0,0.0763545419242144,0.0733097855569423,0.526204799562539,0.5489202422114149,0.2905982905982906,0.415625,0.584375,0.24530882928272915,5.8408037525912455,1.0,1.0,0.0,,,,0.0878835991024971,0.9370698572927815
ID,79,dykes,Equal mixture,0.18045800924301147,0.8660709177496905,0.08827763795852661,-0.02422470971941948,0.43421618522016936,0.3008561501115542,0.853125,0.08395229489663246,0.07960297374556861,0.3675733038392473,0.5747109868734147,0.12804878048780488,0.15625,0.84375,0.33139501542720884,0.46302974803322616,1.0,1.0,0.0,,,,0.29089081287384033,0.2283493162540813
ID,80,horizontal_layers,SimPEG L2,0.4366542398929596,0.876475494948313,0.39480161666870117,0.01781865954399109,0.09475540638436236,-0.014688732850060277,1.0,0.10112352126999384,0.09867298494385189,0.05164310654165707,0.11496618435508663,,,,,,,,,21.03125,24.666666666666664,28.0,,
ID,80,horizontal_layers,Unconditional,0.23666293919086456,0.4750423740625632,0.19552239775657654,-0.0075791627168655396,0.8854546191733287,0.39687070098458493,0.9936061381074168,0.08182343712852799,0.08085070395854628,0.5162488011522914,0.8133189055099553,,,,,,,,,3.846354166666667,3.916666666666667,11.5,0.3357388973236084,0.6571257549161542
ID,80,horizontal_layers,Oracle conditional,0.5105870962142944,1.0248774361571502,0.43016692996025085,0.1492854654788971,-0.36994999426476355,-0.10391151247057345,0.5735294117647058,0.10386363117160173,0.09158400543827708,0.2350467697688336,0.6065840063897942,,,,,,,,,8.505208333333332,7.833333333333333,17.333333333333332,0.5074751973152161,0.7183059396410094
ID,80,horizontal_layers,Equal mixture,0.42067548632621765,0.8444020953072139,0.34409642219543457,0.12105773389339447,0.3963339712425992,0.15974888507741367,0.959079283887468,0.10025990998765652,0.09638796489312865,-0.020623760847950035,0.510572786583435,,,,,,,,,8.322916666666666,9.0,10.833333333333334,0.40955406427383423,0.47643378964509914
ID,81,intrusions,SimPEG L2,0.22713898122310638,0.9344121926042779,0.11005803197622299,-0.014728112146258354,0.3112545664426722,0.16081110219942263,1.0,0.059467139181282644,0.05941914677967892,-0.12014226092595717,0.1032847844111869,0.0,0.0,1.0,,,1.0,0.0,1.0,,,,,
ID,81,intrusions,Unconditional,0.14517822861671448,0.5972392153458741,0.08464132249355316,-0.009953048080205917,0.7973388760927499,0.38233939183459215,1.0,0.05159182306683336,0.04898671756205847,0.5514632794658223,1.2417686053636756,0.64,0.9158878504672897,0.08411214953271028,0.02401482239668425,60.39456671897522,1.0,1.0,0.0,,,,0.2458506077528,0.7484880556919672
ID,81,intrusions,Oracle conditional,0.19023796916007996,0.7826075336001026,0.0984022244811058,0.014530612155795097,0.580078402360968,0.4581346533052114,1.0,0.055698950071105965,0.05322424789946046,0.39318319308998645,0.8751600362721521,0.405189620758483,1.1931464174454829,0.19314641744548286,0.08128502670630768,76.13098264667991,1.0,1.0,0.0,,,,0.1449911892414093,0.9105179413670192
ID,81,intrusions,Equal mixture,0.2193036675453186,0.9021790083486325,0.1148667186498642,0.0028535984456539154,0.33399572168243424,0.29602539911827097,1.0,0.05906081610255429,0.05658851631185725,0.22238780112739395,0.6448655121411863,0.0,0.028037383177570093,0.9719626168224299,0.19224917635066988,53.07204131648667,1.0,1.0,0.0,,,,0.16304601728916168,0.7239827985385425
ID,82,blobs,SimPEG L2,0.20226198434829712,0.9260954695760473,0.11898631602525711,0.03411302715539932,0.4856913411243953,0.24432971135714762,0.8679245283018868,0.027430302638533115,0.027079438864346984,-0.29822063958191347,0.06476614673173525,0.0,0.0,1.0,,,2.0,0.0,2.0,,,,,
ID,82,blobs,Unconditional,0.19452711939811707,0.8906798999561568,0.11089317500591278,-0.025495262816548347,0.549198184096397,0.4714276536498735,0.8795355587808418,0.030648769451029383,0.019966225104498737,0.6034620264508324,0.8611469261975657,0.3691073219658977,0.9811320754716981,0.018867924528301886,0.10340028136289368,4.843066734929333,2.0,1.0,1.0,,,,0.08565682917833328,0.7494537221211185
ID,82,blobs,Oracle conditional,0.11349518597126007,0.519659578567562,0.06745589524507523,-0.008428112603724003,0.8774813211221797,0.5607671358306722,0.8679245283018868,0.01985860028070727,0.017628658242502974,0.7765160192734074,0.4585818761333197,0.6174785100286533,0.6386066763425254,0.3613933236574746,0.024417865775572353,17.668982874314,2.0,1.0,1.0,,,,0.0813145786523819,0.633995743421089
ID,82,blobs,Equal mixture,0.15586820244789124,0.7136725994410502,0.09339664876461029,0.02210671827197075,0.8177463092076611,0.47870135269429887,0.8679245283018868,0.024630770830519528,0.02110736680445863,0.5192170728118232,0.4371221324678701,0.047895500725689405,0.047895500725689405,0.9521044992743106,0.009954049554928459,3.3170187136693063,2.0,2.0,0.0,,,,0.15292710065841675,0.802720758719841
ID,83,dykes,SimPEG L2,0.22595523297786713,0.9458774614657334,0.14409717917442322,0.03321313112974167,0.2563479611015045,0.1572255707307372,1.0,0.11833891437978623,0.1150436900837367,0.22159320123530574,0.26585516251704977,0.10985915492957747,0.2792207792207792,0.7207792207792207,0.3440996696760418,26.353834892999004,1.0,1.0,0.0,,,,,
ID,83,dykes,Unconditional,0.22163431346416473,0.9277895405667343,0.11017318069934845,0.0005506905727088451,0.3387419839115479,0.3327678854307485,0.9707792207792207,0.11879864601855065,0.10739078612835312,0.3787084620059502,0.586759338643059,0.15753424657534246,0.6461038961038961,0.3538961038961039,0.23555210255216658,19.59101507339204,1.0,1.0,0.0,,,,0.18425484001636505,0.7012907382827069
ID,83,dykes,Oracle conditional,0.161383718252182,0.675572854545163,0.07760366797447205,0.006657014600932598,0.7194450877717193,0.468048715741548,1.0,0.10246818885598703,0.0988015177033856,0.5390563871469093,0.5842902256754872,0.3646723646723647,0.5551948051948052,0.4448051948051948,0.24056865773794336,1.4972757844884526,1.0,2.0,1.0,,,,0.11669677495956421,0.9252403358955695
ID,83,dykes,Equal mixture,0.20719116926193237,0.867328694435637,0.11407781392335892,0.002528415061533451,0.4199649842069204,0.21002473891329357,1.0,0.11641908535506175,0.1102655649177787,0.3377798220417076,0.48210790921949853,0.16816816816816818,0.262987012987013,0.737012987012987,0.326041914638721,4.959883402402263,1.0,1.0,0.0,,,,0.27092474699020386,0.4606010645041151
ID,84,dykes,SimPEG L2,0.17405728995800018,0.8764367473271794,0.09596414864063263,-0.017151787877082825,0.4334933406751389,0.23091681745651113,1.0,0.10307864523465761,0.1018133971123015,0.22424957780164398,0.2582262818610737,0.1145374449339207,0.17674418604651163,0.8232558139534883,0.31778866132902844,16.904842247529775,1.0,1.0,0.0,,,,,
ID,84,dykes,Unconditional,0.19320766627788544,0.9728653056250918,0.09194600582122803,-0.001936962129548192,0.264808027080942,0.38120958389873744,0.827906976744186,0.10315300299139075,0.09563545711204825,0.36702625354092444,0.5845603252389192,0.16226415094339622,0.4325581395348837,0.5674418604651162,0.22423849730411768,12.446950746597635,1.0,2.0,1.0,,,,0.19730457663536072,0.7689890115547895
ID,84,dykes,Oracle conditional,0.17666968703269958,0.8895910414991101,0.07678329199552536,-0.003529321402311325,0.40316571504545134,0.5296519602591139,0.8558139534883721,0.10225622654653624,0.09295941088622459,0.4344410501848066,0.5661278266149234,0.18723404255319148,0.29767441860465116,0.7023255813953488,0.2704893199719928,9.38788013332821,1.0,1.0,0.0,,,,0.10324960947036743,0.8974107370565526
ID,84,dykes,Equal mixture,0.17572025954723358,0.8848103561432389,0.09721854329109192,-0.015744321048259735,0.4237711670412506,0.2844001592106978,1.0,0.10378213096693678,0.09863212851849971,0.291644654637728,0.5014261219166353,0.07272727272727272,0.09767441860465116,0.9023255813953488,0.33963297166869827,35.75867566863327,1.0,1.0,0.0,,,,0.2189357727766037,0.6644881610080994
ID,85,faulted_layers,SimPEG L2,0.8838499188423157,1.525899103345742,0.7088307738304138,-0.5923991203308105,-0.6141115196649494,0.024365685889993056,1.0,0.09901801757802844,0.09595551273929852,-0.033963797513448316,0.41213411884153545,,,,,,,,,29.721354166666668,28.0,37.0,,
ID,85,faulted_layers,Unconditional,0.4898359775543213,0.8456642502333837,0.4443809390068054,-0.0667882114648819,0.4038856729743118,-0.18883430134261056,0.9626828038325769,0.10798475131784832,0.1005221900393891,-0.04141447143971742,0.8962383265906757,,,,,,,,,22.3828125,22.166666666666668,33.666666666666664,0.3003092408180237,0.3368117981532413
ID,85,faulted_layers,Oracle conditional,0.49025100469589233,0.8463807627653042,0.4401705265045166,-0.1213526502251625,0.4282612196295082,-0.1654995209868134,1.0,0.10239063302897827,0.09533002341549901,-0.05832088233061143,0.8349625471082364,,,,,,,,,17.6171875,18.083333333333336,27.0,0.36193764209747314,0.6030799488310469
ID,85,faulted_layers,Equal mixture,0.38148292899131775,0.65860102137251,0.3258209824562073,-0.16557320952415466,0.8363282333242994,-0.09399243059648901,1.0,0.09371986025352663,0.09218367843006899,0.11762351493530669,0.6635587364042,,,,,,,,,17.072916666666668,12.75,33.833333333333336,0.36355873942375183,0.5943208613530456
ID,86,blobs,SimPEG L2,0.1762920320034027,0.7309460956541397,0.11789251863956451,-0.02458943799138069,0.6811096001652786,0.2577084230771603,1.0,0.020636335546189963,0.019950672964040645,-0.05761889332172028,0.2658828256330426,0.0,0.0,1.0,,,1.0,0.0,1.0,,,,,
ID,86,blobs,Unconditional,0.14466851949691772,0.5998279575579216,0.09322561323642731,-0.02187906950712204,0.844767333000655,0.4717027722357304,0.9961587708066582,0.040745194257759756,0.03769680883549223,0.48003043922966876,1.4784970143994534,0.5897129186602871,0.7016645326504481,0.29833546734955185,0.06230324456284368,41.75953149840317,1.0,1.0,0.0,,,,0.2167454957962036,0.2900343215857092
ID,86,blobs,Oracle conditional,0.09505928307771683,0.39413699548257297,0.06349846720695496,-0.00943879596889019,0.9183517427425526,0.6054637518404999,1.0,0.0163751275720199,0.013977473518573272,0.8156104559925093,1.1734544256117792,0.7235079171741778,0.8117797695262484,0.1882202304737516,0.04127664756553062,30.535246940054996,1.0,1.0,0.0,,,,0.0377604179084301,0.5144145079981801
ID,86,blobs,Equal mixture,0.12308468669652939,0.5103365713880061,0.08743974566459656,-0.017932776361703873,0.8757301351239934,0.4702180110592199,1.0,0.016802432283750765,0.012747796716154306,0.6620142779759665,0.7570718413591663,0.5463786531130876,0.558258642765685,0.44174135723431496,0.0506730830796359,20.040634122347424,1.0,1.0,0.0,,,,0.18163198232650757,0.7629099442402241
ID,87,blobs,SimPEG L2,0.3571861684322357,1.1957271923058772,0.2591853737831116,0.20127254724502563,0.3319226538157787,0.2744687944930691,0.5768321513002365,0.03001097469802972,0.025517323361580524,0.39011833223749176,0.5250504568862048,0.29743589743589743,1.6914893617021276,0.6914893617021277,0.2167734445870324,89.43474813243961,2.0,1.0,1.0,,,,,
ID,87,blobs,Unconditional,0.24037405848503113,0.8046834492976841,0.1620178520679474,0.10232354700565338,0.6795468102540628,0.4008078479965634,0.6182033096926713,0.03752779002168774,0.03013401402181035,0.3765374267676115,0.7441541747348925,0.5191675794085433,0.6394799054373522,0.3605200945626478,0.007377703311026709,28.97842530121983,2.0,2.0,0.0,,,,0.3352920711040497,0.49237309193513157
ID,87,blobs,Oracle conditional,0.24871796369552612,0.8326157580822119,0.1806187927722931,0.1077175885438919,0.6977001971796958,0.3146866370142587,0.7127659574468085,0.029922674034767387,0.022090637680914533,0.6699570664031771,0.914333999533906,0.37349397590361444,0.8865248226950354,0.11347517730496454,0.04435641031508519,32.32529057889081,2.0,2.0,0.0,,,,0.07373323291540146,0.6155518408046785
ID,87,blobs,Equal mixture,0.22115010023117065,0.7403287467379882,0.14533591270446777,0.09626126289367676,0.7547396274172484,0.38074503162155365,0.5791962174940898,0.03241673589714454,0.025596189892623834,0.4122039820680458,0.7307733845508887,0.5107102593010147,0.5839243498817966,0.4160756501182033,0.002213322885764899,26.08052760679837,2.0,1.0,1.0,,,,0.3035985231399536,0.6434892560868087
ID,88,faulted_layers,SimPEG L2,0.367286741733551,0.8219452295642624,0.2978862524032593,0.11311446130275726,0.3588240533531804,-0.017366893940066488,1.0,0.09074635811482383,0.08994982477046179,-0.032974094404707055,0.07491516266780393,,,,,,,,,17.981770833333332,17.166666666666668,31.666666666666668,,
ID,88,faulted_layers,Unconditional,0.34173426032066345,0.7647617328180365,0.2731150686740875,0.09423622488975525,0.42613735043252715,0.008513381077487302,0.9804432855280313,0.09150464531026883,0.08486212861153032,0.06959642354294272,0.48868910638098,,,,,,,,,7.6171875,7.666666666666666,13.166666666666666,0.2877556383609772,0.5975315671395873
ID,88,faulted_layers,Oracle conditional,0.44598808884620667,0.9980697379366791,0.344828724861145,0.18589574098587036,-0.044963475657927375,0.15974103155700464,0.5997392438070405,0.09441892794011282,0.08567872353097915,0.03543012444943901,0.5010464872493026,,,,,,,,,8.1015625,7.5,27.833333333333332,0.4199354946613312,0.6820794344209915
ID,88,faulted_layers,Equal mixture,0.4022503197193146,0.9001896714906322,0.29810404777526855,0.1785951554775238,0.1789763118458457,0.010231823432119546,0.7855280312907431,0.09299596746269669,0.08659190028385834,-0.0509052397242782,0.5026598493889912,,,,,,,,,7.354166666666666,7.25,13.666666666666666,0.3523283898830414,0.28653325951949565
ID,89,dipping_layers,SimPEG L2,0.3692066967487335,0.8382694510188524,0.32800424098968506,-0.027946338057518005,0.12991080086636558,0.023524432848880405,1.0,0.08782409778900545,0.08564621129137694,0.061310930795163136,0.136675414598935,,,,,,,,,18.158854166666664,21.166666666666668,25.5,,
ID,89,dipping_layers,Unconditional,0.30833709239959717,0.700067380821272,0.2417164295911789,0.07326958328485489,0.591433489358909,0.2442829390884161,1.0,0.08156169715818634,0.07957857523795026,0.23782918924040386,0.7923184628595499,,,,,,,,,6.856770833333333,6.666666666666667,16.333333333333332,0.300281286239624,0.6647104837268476
ID,89,dipping_layers,Oracle conditional,0.37584078311920166,0.8533318862042268,0.30472224950790405,-0.09294375032186508,0.1948363473533668,-0.06801387835848285,1.0,0.08698149349558514,0.08233248367217372,0.14652852788703974,0.45951036856656824,,,,,,,,,7.875,7.333333333333333,14.0,0.29522114992141724,0.5071985662653886
ID,89,dipping_layers,Equal mixture,0.33116093277931213,0.7518880230624022,0.2701447010040283,-0.06754164397716522,0.5280212381480741,-0.013882688482959317,0.9883381924198251,0.0871986045942976,0.08403356361261277,0.007085409745801755,0.5947024182401002,,,,,,,,,8.252604166666668,8.416666666666666,12.0,0.3401148319244385,0.5356188110121761
ID,90,dipping_layers,SimPEG L2,0.7165548801422119,1.2143087226764537,0.5713670253753662,0.4023582637310028,-0.36934902079044335,0.060272910243789765,0.46728462377317337,0.1313750768757417,0.12895268784403013,0.009074694939179848,0.1030383425299386,,,,,,,,,21.1484375,21.333333333333332,25.0,,
ID,90,dipping_layers,Unconditional,0.7341803312301636,1.244177668643243,0.6026937961578369,0.43681931495666504,0.09173183831343044,0.08788668286377792,0.4806434023991276,0.13561531887413952,0.11570777088718141,0.3396134744926024,0.4913109549331751,,,,,,,,,6.520833333333334,6.416666666666667,23.0,0.40345484018325806,-0.21736396283998294
ID,90,dipping_layers,Oracle conditional,0.6297138929367065,1.067143765501714,0.5061461925506592,0.3168069124221802,0.29644834401170184,0.16090445052166813,0.586423118865867,0.12983489957424962,0.1257893776960189,-0.030274621313333246,0.31026728003614745,,,,,,,,,7.216145833333334,6.0,11.5,0.33738479018211365,0.17194437928678494
ID,90,dipping_layers,Equal mixture,0.6954997181892395,1.1786276220023706,0.5879056453704834,0.346415638923645,-0.18290564276706864,0.015782745992661697,0.4697382769901854,0.1389170314649083,0.12286599926693563,0.19348706923743825,0.2983695110680678,,,,,,,,,6.841145833333334,5.833333333333333,15.0,0.28483811020851135,0.243014971777687
ID,91,faulted_layers,SimPEG L2,0.5716308355331421,1.0774647871500203,0.4852687418460846,-0.22177119553089142,0.14129780164400024,0.0044717958984622705,0.5157710280373832,0.16501444974721755,0.15928767716265768,0.05148792859983935,0.17430487574525405,,,,,,,,,18.1328125,20.25,31.166666666666668,,
ID,91,faulted_layers,Unconditional,0.6112502217292786,1.152143217460765,0.5173357725143433,-0.21051624417304993,0.005384691681025975,-0.012890460627416086,0.5239485981308412,0.17302384781715036,0.15939175068619452,-0.01035019364201919,0.31850384799061293,,,,,,,,,12.502604166666666,12.75,21.166666666666668,0.2371145337820053,0.13183626701934348
ID,91,faulted_layers,Oracle conditional,0.5276772379875183,0.9946168183559585,0.4733087420463562,-0.1316242218017578,0.21540072747746283,-0.018416175099155076,0.4976635514018692,0.16652948154545008,0.15591192383594396,0.0326879579856117,0.29557809400748913,,,,,,,,,11.143229166666668,9.5,26.833333333333332,0.4419805109500885,0.12567622291894567
ID,91,faulted_layers,Equal mixture,0.5550925731658936,1.046291879333144,0.4940972924232483,-0.13802355527877808,0.07695492075055767,-0.04572746187762942,0.4672897196261682,0.1708719510598646,0.15690847802890726,-0.025873864571535236,0.31507405981931397,,,,,,,,,11.359375,12.75,19.5,0.3926836848258972,0.2583044233730446
ID,92,horizontal_layers,SimPEG L2,0.9876135587692261,1.3571068426191053,0.7514375448226929,0.6634009480476379,-0.35628237428406734,0.06301795097306563,0.5100704934541792,0.09489768521363255,0.09329309478368085,0.0582004877740549,0.5025481734356113,,,,,,,,,28.049479166666664,28.0,30.0,,
ID,92,horizontal_layers,Unconditional,0.48939248919487,0.6724876242489369,0.4136848449707031,0.17461395263671875,0.7786522822629631,-0.08078978422898417,0.5095669687814703,0.10323429413215562,0.10200202886148879,0.13084702303735038,0.9539460931055277,,,,,,,,,11.015625,11.5,16.0,0.16550150513648987,0.5078015104385399
ID,92,horizontal_layers,Oracle conditional,0.4924376308917999,0.6766720368635211,0.4160504937171936,0.1614147126674652,0.7588700573219752,-0.08602200253066701,0.5100704934541792,0.09800590179407231,0.09633468512802006,0.1288578537808487,0.919369406374363,,,,,,,,,11.999999999999998,12.416666666666668,19.333333333333332,0.16578729450702667,0.6415664997977257
ID,92,horizontal_layers,Equal mixture,0.49365440011024475,0.6783440327748547,0.4245758056640625,0.16925588250160217,0.7778998827021768,-0.07845067691588138,0.5100704934541792,0.09716098025656271,0.09416688115117496,0.11929801228824607,0.9896700650421543,,,,,,,,,13.236979166666668,13.166666666666666,30.0,0.17249122262001038,0.4862876825931616
ID,93,horizontal_layers,SimPEG L2,0.5465258359909058,1.0379560154917153,0.4469730854034424,-0.28457772731781006,-0.0633123155357878,0.021406924122512612,0.2286302780638517,0.07057463346462482,0.06814603437776809,0.09516570482765199,0.22861848596268716,,,,,,,,,18.8203125,12.166666666666668,32.0,,
ID,93,horizontal_layers,Unconditional,0.6621934771537781,1.2576307610141542,0.5525676012039185,-0.3417782187461853,-0.2730903289359702,-0.1388438826053291,0.23635427394438724,0.08066922696692207,0.06876821941220065,0.08908527990905162,1.1034864804174662,,,,,,,,,10.807291666666666,11.083333333333332,28.5,0.2401299923658371,0.5615765393044786
ID,93,horizontal_layers,Oracle conditional,0.5315603017807007,1.0095336331712792,0.43338632583618164,-0.27894386649131775,0.17371040162772633,0.11816597426964266,0.36766220391349125,0.06823566351997072,0.06432244306471334,0.30211689872797914,0.47054517097527965,,,,,,,,,12.856770833333332,11.5,31.0,0.22801914811134338,0.6802786646070634
ID,93,horizontal_layers,Equal mixture,0.5350990295410156,1.01625434704082,0.4381762742996216,-0.2802813947200775,0.12415439136840511,0.058618023162805684,0.5520082389289392,0.07008058759480507,0.06591027833103665,0.17878531999523448,0.537427465004568,,,,,,,,,9.2421875,10.0,16.833333333333332,0.2006838023662567,0.37038964232656835
ID,94,faulted_layers,SimPEG L2,0.6451655030250549,1.10281592933554,0.5692706108093262,-0.22681735455989838,0.0454936371974225,-0.11880169252448906,0.3337245696400626,0.1354252636972404,0.13044638875393968,0.05273117663893029,0.21949865142038455,,,,,,,,,34.833333333333336,38.833333333333336,55.0,,
ID,94,faulted_layers,Unconditional,0.646703839302063,1.1054454898793147,0.5601381063461304,-0.18915604054927826,-0.05253142115280554,-0.09585609166631433,0.3337245696400626,0.13810555450622558,0.12795574486128988,0.09732958149824417,0.3689694706951399,,,,,,,,,17.330729166666664,18.0,31.833333333333332,0.2560393810272217,0.6363691619550401
ID,94,faulted_layers,Oracle conditional,0.6065073013305664,1.0367353958472323,0.5305259227752686,-0.16917265951633453,0.15077795652650666,-0.11054355176131478,0.3626760563380282,0.1315626623261546,0.12464267768478758,0.18705120111640514,0.36266409482239764,,,,,,,,,16.661458333333332,16.666666666666668,54.666666666666664,0.4231598973274231,0.6530031361992279
ID,94,faulted_layers,Equal mixture,0.5779895782470703,0.9879885252575968,0.506633996963501,-0.10300585627555847,0.23803157852421544,-0.0016279799068824941,0.418622848200313,0.13779919953141948,0.12673767820104725,0.06499544240644514,0.41993034636433635,,,,,,,,,16.200520833333332,12.666666666666668,43.0,0.41432857513427734,0.40921208460542696
ID,95,blobs,SimPEG L2,0.21623601019382477,0.9983432899217182,0.1102890744805336,-0.002827815245836973,0.07991291941288846,0.524064296793906,0.5265700483091788,0.04941675242513782,0.049366492066122064,-0.3278995051511498,0.00809895807212349,0.0,0.0,1.0,,,3.0,0.0,3.0,,,,,
ID,95,blobs,Unconditional,0.21073369681835175,0.972939576485986,0.1063128113746643,0.00814802572131157,0.23133386918570703,0.5230066078165363,0.5555555555555556,0.04766001002910198,0.04327237172384454,0.5853559407772055,0.19632883335540746,0.0,0.0,1.0,,,3.0,0.0,3.0,,,,0.06328365951776505,0.8111718032658498
ID,95,blobs,Oracle conditional,0.22021012008190155,1.01669141767628,0.11541679501533508,0.001337893307209015,-0.14665142505232126,0.47124287246878976,0.46215780998389694,0.049782277504900066,0.04763112092027798,0.25551261509354084,0.08464633110399894,0.0,0.0,1.0,,,3.0,0.0,3.0,,,,0.028638746589422226,0.5288978079848866
ID,95,blobs,Equal mixture,0.22179050743579865,1.023987931836091,0.1177811250090599,-0.008457520976662636,-0.18134639374973477,0.3842396668344747,0.40418679549114334,0.050874528529216076,0.045637639819269556,0.4118701824019948,0.17441585937687237,0.0,0.0,1.0,,,3.0,0.0,3.0,,,,0.09982400387525558,0.7425734061628562
ID,96,faulted_layers,SimPEG L2,0.6732315421104431,1.1080603376052294,0.547848105430603,0.28007200360298157,-0.004072213612014633,0.09920307676906293,0.44685242518059853,0.14735106126660882,0.1410497337746085,0.023898841128174544,0.19534695954268916,,,,,,,,,24.278645833333336,23.833333333333332,29.833333333333332,,
ID,96,faulted_layers,Unconditional,0.7600706815719604,1.2509873993519756,0.5999076962471008,0.2662799656391144,-0.09818877742133147,-0.025466925723758353,0.631234950120399,0.15938798683950198,0.1328336336215995,0.12603264274876874,0.5141550398561108,,,,,,,,,13.700520833333334,11.666666666666666,25.833333333333332,0.42048180103302,0.12919456688077405
ID,96,faulted_layers,Oracle conditional,0.5763890147209167,0.9486688699128577,0.4855440855026245,0.20570194721221924,0.3548167595287602,0.07400556554453361,0.7141382868937048,0.14285358285038852,0.13406703757728766,0.12386206006694263,0.3975790190552677,,,,,,,,,15.427083333333332,11.916666666666668,29.0,0.5100762248039246,0.42832126665873327
ID,96,faulted_layers,Equal mixture,0.6457975506782532,1.0629071979990277,0.5272207260131836,0.2723345160484314,0.10688124497987485,0.08063576828194167,0.5820433436532507,0.14470356027997924,0.13743201404480215,0.04674447584338687,0.3238951364398074,,,,,,,,,10.877604166666668,9.666666666666666,28.833333333333332,0.4090527892112732,0.3673819057148733
ID,97,blobs,SimPEG L2,0.28502246737480164,1.0686883665006532,0.22093991935253143,-0.1034775972366333,0.15624807143550853,0.2243054684350667,0.8405036726128017,0.03342346632495915,0.028453821289370847,0.32471717409942114,0.37852132026435004,0.2294736842105263,1.4512067156348374,0.45120671563483733,0.2177879671725209,87.79474045428314,3.0,1.0,2.0,,,,,
ID,97,blobs,Unconditional,0.26680323481559753,1.0003755697519408,0.1799868643283844,-0.04209568351507187,0.37358398164341244,0.11600968092171447,0.6495278069254984,0.04731995120863881,0.038177168073043444,0.26719061334443395,0.7873309359892952,0.3306188925081433,0.7145855194123819,0.28541448058761804,0.08794823640857011,65.42217091427393,3.0,1.0,2.0,,,,0.2298029065132141,0.41415833379713207
ID,97,blobs,Oracle conditional,0.23727792501449585,0.889670770258809,0.14838266372680664,-0.021106746047735214,0.5360423195645632,0.3570146439077153,0.7429171038824763,0.03432773921029926,0.028998933835688603,0.405141861748416,0.7316372508705049,0.3707865168539326,0.664218258132214,0.3357817418677859,0.053611116113811946,41.88901062367853,3.0,1.0,2.0,,,,0.04849851131439209,0.7708912086319526
ID,97,blobs,Equal mixture,0.21134908497333527,0.792450891545155,0.1298694908618927,-8.241506293416023e-05,0.545055950637004,0.27458776667520274,0.6516264428121721,0.034728692301793235,0.028192933126024333,0.2877338451456341,0.6633835349420003,0.4267161410018553,0.6138509968520461,0.3861490031479538,0.030513208467093222,81.84914912183766,3.0,1.0,2.0,,,,0.3030904233455658,0.24649358745367
ID,98,dykes,SimPEG L2,0.2000444382429123,0.9632598456101277,0.12128075957298279,-0.02552536129951477,0.1995932203288111,0.15980189569266712,1.0,0.11181444039090789,0.10878656971146942,0.22233790796774716,0.2144577253224628,0.08045977011494253,0.175,0.825,0.38814110380418404,24.17850137707912,1.0,1.0,0.0,,,,,
ID,98,dykes,Unconditional,0.21224427223205566,1.0220048440118406,0.10373932868242264,-0.006932152900844812,0.15858742759233452,0.35757058527070185,1.0,0.11428371003495169,0.10473289367444533,0.2969129881734037,0.4463257371344664,0.07065217391304347,0.6416666666666667,0.35833333333333334,0.26272849143197863,22.32756731592617,1.0,1.0,0.0,,,,0.11847920715808868,0.7680535531581193
ID,98,dykes,Oracle conditional,0.1905524879693985,0.9175539282883906,0.09218896925449371,-0.009608037769794464,0.35731729054924066,0.37186074207109476,1.0,0.11215508857429861,0.10107416871937223,0.3819242537378592,0.5074507942703234,0.14067278287461774,0.5541666666666667,0.44583333333333336,0.2607397244854934,12.614667440568695,1.0,1.0,0.0,,,,0.1169612929224968,0.9203796812129069
ID,98,dykes,Equal mixture,0.20007868111133575,0.9634247328743804,0.11708342283964157,-0.02177024632692337,0.24515919162643135,0.22117355024449634,0.775,0.11222488684518583,0.10552638971718788,0.27531622599596495,0.4419439341791667,0.09411764705882353,0.1625,0.8375,0.3649346264981366,8.627454257187583,1.0,1.0,0.0,,,,0.2599908709526062,0.5771433100702479
ID,99,horizontal_layers,SimPEG L2,0.5701935887336731,1.0308754173740766,0.5033777952194214,-0.1888466775417328,-0.1255035650352313,0.03508922473267716,0.32309889325240987,0.1473544570255919,0.14669764595840887,-0.023585751064269384,0.03265656003313377,,,,,,,,,20.4453125,21.5,23.5,,
ID,99,horizontal_layers,Unconditional,0.5821576714515686,1.052505753121449,0.5077412128448486,-0.2190028578042984,0.07483748855950116,0.024281522159054967,0.3384505533737951,0.1478183910415367,0.14482599345991287,-0.0776062769777711,0.18897386729529048,,,,,,,,,11.184895833333332,8.833333333333334,23.5,0.1273006647825241,0.04946819423089216
ID,99,horizontal_layers,Oracle conditional,0.565230131149292,1.0219017871719536,0.5039703845977783,-0.18452081084251404,0.06873095619391142,0.02128995055153423,0.38236344162799,0.14754532025571468,0.14495453759951601,0.049576954994711916,0.09244213351288627,,,,,,,,,10.328125,10.25,22.5,0.15012121200561523,0.225197219315436
ID,99,horizontal_layers,Equal mixture,0.5607840418815613,1.0138635274999475,0.49811017513275146,-0.19875583052635193,0.27420426304523543,0.04043448494474824,0.41485183862906105,0.14565737743588378,0.14411553735293814,0.12253102572760893,0.11101057009929811,,,,,,,,,5.7421875,5.5,10.0,0.14925435185432434,0.176441307474911
OOD,0,blobs,SimPEG L2,0.17383162677288055,0.943836987098585,0.0787665918469429,-0.03856182098388672,0.3219348329278232,0.3636972179335534,1.0,0.03267349626586198,0.03267062646678822,-0.33505925834861067,0.037169934145113104,0.0,0.0,1.0,,,1.0,0.0,1.0,,,,,
OOD,0,blobs,Unconditional,0.1345597356557846,0.7306061494325923,0.06727148592472076,-0.02192031592130661,0.7080495108843436,0.5016511745082033,1.0,0.03066224958990898,0.026774689992767095,0.5022958991852073,0.5415429839100112,0.005509641873278237,0.005509641873278237,0.9944903581267218,0.052964108088383796,9.619852060936124,1.0,1.0,0.0,,,,0.14779610931873322,0.749883831704562
OOD,0,blobs,Oracle conditional,0.11453115940093994,0.6218589011948163,0.056410834193229675,-0.010786503553390503,0.7954681522270308,0.5830301272051823,1.0,0.027522880175046498,0.025209208151697648,0.7032214926152015,0.4375521139057037,0.3897849462365591,0.42424242424242425,0.5757575757575758,0.05124231739185914,22.78233045692746,1.0,1.0,0.0,,,,0.0578693188726902,0.8589977594533675
OOD,0,blobs,Equal mixture,0.1507101058959961,0.8182962727492428,0.06585688143968582,-0.03369072079658508,0.708095343209759,0.5285442231409004,1.0,0.03187185375957298,0.028311182080017195,0.5144241256352304,0.3860720175770425,0.0,0.0,1.0,,,1.0,0.0,1.0,,,,0.10836164653301239,0.545743324570345
OOD,1,horizontal_layers,SimPEG L2,0.45686012506484985,0.9520004222920522,0.38340961933135986,-0.11915092915296555,0.05327980157903771,-0.022962366036820593,0.9552238805970149,0.1427474551519529,0.14040657008365626,0.03312673885413261,0.06338407727470224,,,,,,,,,15.716145833333332,16.25,20.333333333333332,,
OOD,1,horizontal_layers,Unconditional,0.47809717059135437,0.9962539589879895,0.38567066192626953,-0.14765091240406036,0.1529349584127636,-0.007280748261385862,0.5074626865671642,0.14871359770582104,0.1407465523225487,0.0118200678475795,0.2856011044296819,,,,,,,,,10.057291666666668,10.25,18.333333333333332,0.15308120846748352,-0.0826812588625832
OOD,1,horizontal_layers,Oracle conditional,0.4542917013168335,0.946648367344404,0.3837500214576721,-0.11375221610069275,0.09267292103174748,-0.004677093256896292,0.9564676616915423,0.14084609817573776,0.1385219560250837,0.026188620451319346,0.1324668472844233,,,,,,,,,11.028645833333332,8.916666666666668,20.333333333333332,0.12633582949638367,-0.4089217482275889
OOD,1,horizontal_layers,Equal mixture,0.453072190284729,0.9441071628184269,0.37472620606422424,-0.11752995103597641,0.1358313551705909,0.013744817446524242,0.8880597014925373,0.1421565212961086,0.13803977339321957,0.00471948655188784,0.1569278110640849,,,,,,,,,9.03125,9.583333333333332,16.166666666666668,0.1613048017024994,-0.07184588109202347
OOD,2,blobs,SimPEG L2,0.0869760811328888,0.9423057363956632,0.028972603380680084,0.001090414822101593,0.3447890430116008,0.6473044671426379,1.0,0.02607896368322266,0.025939966273073267,0.04490856468190337,0.12144812169612991,0.0,0.0,1.0,,,1.0,0.0,1.0,,,,,
OOD,2,blobs,Unconditional,0.12235043942928314,1.3255543296851042,0.07471881806850433,-0.009208090603351593,-0.019391548790699736,0.29293792406661484,0.8941176470588236,0.028562209474040437,0.026964083707694233,0.008540282107243726,1.3064053769431767,0.0,0.0,1.0,,,1.0,0.0,1.0,,,,0.1967392861843109,0.75916809340637
OOD,2,blobs,Oracle conditional,0.11308188736438751,1.2251381041542155,0.0536382757127285,-0.013272413983941078,-0.047387329590064566,0.5888361503642042,1.0,0.027462978794010762,0.026476324875694644,-0.0751890971348034,0.7983475462413616,0.0,0.0,1.0,,,1.0,0.0,1.0,,,,0.06070641428232193,0.8488303388703072
OOD,2,blobs,Equal mixture,0.10095818340778351,1.0937889373963352,0.05188358575105667,-0.019397040829062462,0.06115779703141281,0.48006198674002604,1.0,0.027324419780721688,0.02584681844709069,0.03886128723564505,0.9995151159992524,0.0,0.0,1.0,,,1.0,0.0,1.0,,,,0.12011037766933441,0.7487643825434339
OOD,3,faulted_layers,SimPEG L2,1.0285215377807617,1.39608523632772,0.8844120502471924,0.6035996079444885,-0.25373038936511055,-0.11144762954526394,0.3456158307744797,0.17185902533783234,0.16419900646084148,-0.05019173047497704,0.2178204260868476,,,,,,,,,17.96875,16.916666666666664,32.0,,
OOD,3,faulted_layers,Unconditional,0.8479112386703491,1.150930066645189,0.6894010305404663,0.3745265007019043,0.053487318124612174,-0.0334975757304604,0.3930399181166837,0.17722088449118983,0.1630523723313712,-0.07820283501918018,0.40971787927970765,,,,,,,,,9.6015625,8.0,21.0,0.28727293014526367,-0.0304408572973392
OOD,3,faulted_layers,Oracle conditional,0.8373240232467651,1.136559288198897,0.6856821775436401,0.33395761251449585,0.0607067210816359,-0.055086609551757613,0.40395769361992495,0.1798743503762096,0.16367168050025557,-0.07859064523902662,0.47587255719052485,,,,,,,,,10.356770833333332,9.416666666666668,21.0,0.3975938558578491,0.03839192003024044
OOD,3,faulted_layers,Equal mixture,0.7415253520011902,1.0065249567114523,0.6088364124298096,0.31809693574905396,0.4108827566420622,0.001772092154261494,0.36403957693619926,0.17109570596719315,0.16334165548759036,-0.045515618436193284,0.2865083729848911,,,,,,,,,12.59375,10.666666666666666,27.833333333333332,0.3313484787940979,0.33622884078386983
OOD,4,blobs,SimPEG L2,0.2234346568584442,0.9401952292374086,0.14996445178985596,-0.06713039427995682,0.47641988449384504,0.19799860316686754,0.9826302729528535,0.032642480223720516,0.031817032796612646,-0.31480322259074434,0.07703554371395878,0.0,0.0,1.0,,,3.0,0.0,3.0,,,,,
OOD,4,blobs,Unconditional,0.16448180377483368,0.6921263217614297,0.12063790112733841,-0.06921142339706421,0.7661991363033858,0.337117382602814,0.8461538461538461,0.02835040826395967,0.022457852739765475,0.42863760723648603,0.6114378927255536,0.28809788654060065,0.43672456575682383,0.5632754342431762,0.023208269000006176,53.815847674750714,3.0,2.0,1.0,,,,0.18296417593955994,0.4889531994522594
OOD,4,blobs,Oracle conditional,0.17491371929645538,0.7360229908956645,0.12273908406496048,-0.06316908448934555,0.6989831330892304,0.3274851690868042,0.9801488833746899,0.028744886909028863,0.02295806161034652,0.467531688366818,0.4843289476902101,0.19481865284974093,0.4305210918114144,0.5694789081885856,0.13139011850224436,40.40626799504072,3.0,2.0,1.0,,,,0.09098655730485916,0.3520006331215059
OOD,4,blobs,Equal mixture,0.18772487342357635,0.7899313064663117,0.12726889550685883,-0.057272374629974365,0.6902840434420635,0.2890326193984567,0.956575682382134,0.03011536666936426,0.026238337737138365,0.4140829415082125,0.3076808974021834,0.0,0.0,1.0,,,3.0,0.0,3.0,,,,0.1385500133037567,0.4422008962029194
OOD,5,dykes,SimPEG L2,0.2543911039829254,0.9567904957047293,0.16525450348854065,-0.01678091660141945,0.048492214399627254,0.08252356466443624,1.0,0.0977320075041827,0.09651118869486387,0.11855942029775147,0.10714293308283877,0.0,0.0,1.0,,,1.0,0.0,1.0,,,,,
OOD,5,dykes,Unconditional,0.33850806951522827,1.2731628526336556,0.214218869805336,-0.050212033092975616,-0.1555585805123599,0.16463385823463028,1.0,0.10513450546581969,0.0945975234374098,0.09388631892577899,0.4048916122168764,0.01990049751243781,1.233115468409586,0.23311546840958605,0.2730606633078515,57.054142438971624,1.0,3.0,2.0,,,,0.17445769906044006,0.5962722265993924
OOD,5,dykes,Oracle conditional,0.31707045435905457,1.192533828619595,0.1929953247308731,-0.038600265979766846,-0.04059088781716758,0.17315680952144522,1.0,0.10899702403637791,0.09722436816148479,0.06515211908944492,0.584642305789637,0.05131004366812227,1.0980392156862746,0.09803921568627451,0.20239065062538908,34.14422432802504,1.0,1.0,0.0,,,,0.1486959159374237,0.6768237422841783
OOD,5,dykes,Equal mixture,0.2964300215244293,1.1149030873939634,0.17500931024551392,-0.0018286257982254028,-0.13221004174276765,0.18356634649378684,0.8235294117647058,0.1018419956464239,0.09471738524219653,0.07621061187002556,0.3422978980105055,0.0023923444976076554,0.8257080610021786,0.17429193899782136,0.2735853824546102,47.09433646550221,1.0,1.0,0.0,,,,0.22315001487731934,0.4179976928879995
OOD,6,dipping_layers,SimPEG L2,0.4780190587043762,0.9834953815506926,0.3699919581413269,-0.0344395637512207,0.23636027102716886,0.11135917133339893,0.6213892709766162,0.1508483051348363,0.1454506282685324,0.10464346750087172,0.3933114014171808,,,,,,,,,14.96875,13.833333333333334,36.333333333333336,,
OOD,6,dipping_layers,Unconditional,0.4192218780517578,0.8625237287116077,0.3353964388370514,0.005303580313920975,0.46828942444478305,0.11700462421687773,0.6031636863823934,0.143851622621465,0.13794951423476493,0.26792959711363057,0.6004779647587921,,,,,,,,,8.703125,9.833333333333332,14.333333333333334,0.39923083782196045,0.697907876031504
OOD,6,dipping_layers,Oracle conditional,0.3740745782852173,0.7696358825026616,0.30559679865837097,-0.006624777801334858,0.6272108229832339,0.21356578339836085,0.811898211829436,0.13944118471619618,0.13480569577062754,0.3380708693501577,0.6059933200739751,,,,,,,,,7.270833333333334,6.25,16.666666666666668,0.461758553981781,0.35325339333278566
OOD,6,dipping_layers,Equal mixture,0.4259624481201172,0.8763920450695755,0.3542117476463318,0.028440508991479874,0.4322886397881609,0.11178467496099535,0.6636863823933975,0.148746642532889,0.14217406702646398,0.15567959758085761,0.5817132105882635,,,,,,,,,9.0,7.833333333333333,21.0,0.4453117847442627,0.3076189103438797
OOD,7,blobs,SimPEG L2,0.28757360577583313,0.865751320760845,0.2108566164970398,-0.019893258810043335,0.49334496545233547,0.15003594026698008,0.7879581151832461,0.03675400305615557,0.03400858680327991,0.043278219284815206,0.21563112013685218,0.0,0.0,1.0,,,3.0,0.0,3.0,,,,,
OOD,7,blobs,Unconditional,0.25314590334892273,0.7621054080337466,0.19372105598449707,-0.019132990390062332,0.6538973191009628,0.20959938778653187,0.8089005235602095,0.040398747191709286,0.029174599434302957,0.39627016905429313,0.7777732999758054,0.41500765696784075,0.612565445026178,0.387434554973822,0.05329175119500588,83.74280576193235,3.0,2.0,1.0,,,,0.27510499954223633,0.4663633062973268
OOD,7,blobs,Oracle conditional,0.20293249189853668,0.610936015537529,0.14340156316757202,-0.012945963069796562,0.7927272830728607,0.387232825285197,0.9275741710296684,0.03074016434903014,0.024412322555027212,0.5585905778203314,0.8416712488993845,0.48952095808383234,0.7364746945898778,0.26352530541012215,0.05171367693374001,66.07537598766203,3.0,2.0,1.0,,,,0.05435655266046524,0.31165452277208583
OOD,7,blobs,Equal mixture,0.2265523374080658,0.6820444623328239,0.1549948751926422,-0.00977000966668129,0.7514264664042398,0.3314108113758605,0.9764397905759162,0.03662108864565455,0.028428291726882243,0.20985124659160304,0.5841558738019847,0.350207468879668,0.41972076788830714,0.5802792321116929,0.08188405683354345,81.04902866287219,3.0,1.0,2.0,,,,0.3037007451057434,0.15403120776917534
OOD,8,faulted_layers,SimPEG L2,0.4472714960575104,0.8994202887433345,0.3884240388870239,0.07372292131185532,0.1994780936532286,-0.05327168199520693,0.6881676253081348,0.16197808458984733,0.1584918565949054,-0.06278132042912753,0.10608982978760646,,,,,,,,,30.390625,32.166666666666664,46.0,,
OOD,8,faulted_layers,Unconditional,0.5016818642616272,1.0088343460041742,0.4068562388420105,0.10931338369846344,-0.058037416614245926,0.023974560747981166,0.590797041906327,0.16735623326973306,0.15091150807058795,0.057630704157487514,0.3587821136821884,,,,,,,,,17.729166666666664,15.5,37.5,0.33531731367111206,0.41799281423824874
OOD,8,faulted_layers,Oracle conditional,0.5339136719703674,1.0736494349415369,0.42755746841430664,0.23397624492645264,-0.0885214549259539,0.012853611993777552,0.41002465078060807,0.16136296283821253,0.15285491186989897,-0.010360090482201725,0.254602086177468,,,,,,,,,19.973958333333336,17.833333333333336,43.0,0.4090689420700073,0.5301759803896479
OOD,8,faulted_layers,Equal mixture,0.4764953851699829,0.9581867404743958,0.39773398637771606,0.13673484325408936,0.08413601923711515,-0.007955552317622218,0.6294165981922761,0.16180002697789372,0.15212986312487475,0.09200378775260375,0.2163765731127599,,,,,,,,,13.669270833333334,14.0,40.166666666666664,0.36586788296699524,0.4691039361852705
OOD,9,dykes,SimPEG L2,0.20886175334453583,0.8128617912695478,0.14473196864128113,-0.03048883192241192,0.5263180734081636,0.14878847023723601,1.0,0.09287621866120159,0.09186468975804599,0.2279293371942285,0.43969939150042325,0.27136752136752135,0.4619164619164619,0.538083538083538,0.239056524327047,5.267436155521268,1.0,2.0,1.0,,,,,
OOD,9,dykes,Unconditional,0.21082618832588196,0.8205071074282008,0.11665543913841248,-0.008318616077303886,0.5031253166479357,0.396478860354101,1.0,0.09073123104379642,0.08320880782529241,0.459119794480865,0.6873716430735484,0.2835314091680815,0.8574938574938575,0.14250614250614252,0.06587830644494344,16.013228566633437,1.0,2.0,1.0,,,,0.17620187997817993,0.8919622471654638
OOD,9,dykes,Oracle conditional,0.18919478356838226,0.7363205958371938,0.11069303750991821,-0.02197280526161194,0.6343962566770243,0.412300030884731,1.0,0.08493706440441474,0.07907009334943135,0.542071864719788,0.7897655800901521,0.4730831973898858,1.2186732186732188,0.21867321867321868,0.025728569209828314,7.893090534582272,1.0,2.0,1.0,,,,0.1524190604686737,0.8674055875292586
OOD,9,dykes,Equal mixture,0.21564114093780518,0.8392462539800809,0.12018005549907684,0.02116004191339016,0.46948159873900497,0.2062945485591039,0.8058968058968059,0.09202891063982123,0.08819694905597232,0.31882085388080367,0.7572030863251762,0.30434782608695654,0.4004914004914005,0.5995085995085995,0.24098836717602024,0.7974226262159363,1.0,1.0,0.0,,,,0.3140818774700165,0.3254138058815069
OOD,10,dykes,SimPEG L2,0.18277695775032043,0.8425645767103452,0.11883248388767242,0.02564943954348564,0.48692174519907916,0.13842292631344763,1.0,0.08203274277546395,0.08089048575394372,0.2501397640448919,0.35115814060744205,0.20056497175141244,0.283987915407855,0.716012084592145,0.2783794295567325,5.81844513016206,1.0,1.0,0.0,,,,,
OOD,10,dykes,Unconditional,0.1643894910812378,0.757802097558161,0.08749338984489441,-0.02028379961848259,0.6165381418435473,0.2986414951208393,0.9939577039274925,0.07433353938788781,0.07257563508930512,0.478809187960907,0.6568597729747396,0.30659025787965616,0.3776435045317221,0.622356495468278,0.23929341777099195,1.2674905664529785,1.0,1.0,0.0,,,,0.2187267243862152,0.5469649333182728
OOD,10,dykes,Oracle conditional,0.1754113733768463,0.8086107317823749,0.08634299039840698,0.006332592107355595,0.531602877385533,0.45901405343954943,1.0,0.07809684291224507,0.0725104121711507,0.4768293453541568,0.5838223569116431,0.2784090909090909,0.3595166163141994,0.6404833836858006,0.23465296776643474,6.2502864787122885,1.0,1.0,0.0,,,,0.11113636195659637,0.8960963389604965
OOD,10,dykes,Equal mixture,0.18694207072257996,0.8617648998343166,0.1112712025642395,0.019324686378240585,0.4389432246109529,0.22192356684080017,1.0,0.07915694022913343,0.07559744116129555,0.403054936887711,0.5743812104803625,0.2125748502994012,0.22356495468277945,0.7764350453172205,0.2773969596809298,1.3093679074048779,1.0,1.0,0.0,,,,0.23619593679904938,0.7218145874292903
OOD,11,blobs,SimPEG L2,0.23714739084243774,0.9549938081719649,0.1772158145904541,0.07154907286167145,0.3562783954119456,0.01110421139925327,0.675564681724846,0.046900163591847385,0.04332425441184288,0.14084808239451332,0.19420982350144747,0.002036659877800407,0.01026694045174538,0.9897330595482546,0.16051913553594835,9.116752634672256,3.0,1.0,2.0,,,,,
OOD,11,blobs,Unconditional,0.3131001889705658,1.2608561314639375,0.235101580619812,0.07068755477666855,0.09833839604671964,0.035612015590154714,0.9774127310061602,0.06322603570688586,0.042670047908699646,0.05344990100989644,0.7356089014687219,0.04419889502762431,0.9404517453798767,0.059548254620123205,0.4115843734150689,6.941167295423414,3.0,4.0,1.0,,,,0.3202133774757385,0.4407498298770741
OOD,11,blobs,Oracle conditional,0.3407176434993744,1.3720717681985048,0.25628310441970825,0.12267956137657166,0.03920758456414644,-0.00042719752947863204,0.5277207392197125,0.06038850793204777,0.03978026624619267,0.08285511251330363,0.6283725904771061,0.061597690086621755,1.264887063655031,0.2648870636550308,0.4326980904434545,74.3869903246171,3.0,2.0,1.0,,,,0.13308995962142944,0.3423221982546775
OOD,11,blobs,Equal mixture,0.25347137451171875,1.0207305775013027,0.19084599614143372,0.07843220978975296,0.22113161635119133,0.031877942082715764,0.8213552361396304,0.0526616651689271,0.04006696075781118,0.07906664115608925,0.40726914180266843,0.0,0.04106776180698152,0.9589322381930184,0.19621075945540448,54.11675263467226,3.0,2.0,1.0,,,,0.24189434945583344,0.29263778338677765
OOD,12,faulted_layers,SimPEG L2,0.5085902214050293,1.0303888045466556,0.4432229995727539,0.13684673607349396,-0.08731588746061826,-0.03543810754284821,0.5448250728862973,0.11076638869868863,0.1090418792485065,-0.017219602721447003,0.11773785140958927,,,,,,,,,28.255208333333332,30.083333333333336,39.333333333333336,,
OOD,12,faulted_layers,Unconditional,0.4579353630542755,0.9277635539149743,0.3852657079696655,0.1015079915523529,0.3448574284623681,0.01853027084697894,0.543002915451895,0.1144670018068033,0.10556624741029642,-0.03544993585480935,0.4000686452477625,,,,,,,,,13.346354166666668,10.416666666666668,35.333333333333336,0.4691964387893677,0.4556338775186503
OOD,12,faulted_layers,Oracle conditional,0.4910077154636383,0.9947671655229344,0.42274194955825806,-0.04888726770877838,0.10238190931149914,0.0024625540539531415,0.5167638483965015,0.11723095501838537,0.10439055907674129,-0.06667122125353975,0.4201808911543825,,,,,,,,,9.890625,8.416666666666668,27.333333333333332,0.478915810585022,0.19591200546173854
OOD,12,faulted_layers,Equal mixture,0.4346379339694977,0.8805636489750849,0.36727041006088257,0.03230776637792587,0.416486394006046,0.07125542553758718,0.5236880466472303,0.11451908292475706,0.10364272495138158,0.0595043891599597,0.3906004155871804,,,,,,,,,11.791666666666666,10.666666666666666,25.5,0.3444085717201233,0.4345736293081035
OOD,13,faulted_layers,SimPEG L2,0.676876962184906,1.0365102512289728,0.6036139726638794,0.21035218238830566,0.016965524617997038,0.03236737743565268,0.599060513954131,0.12566705306680315,0.12364705658332903,-0.020596236272422075,0.10965475313710124,,,,,,,,,16.4375,16.5,24.0,,
OOD,13,faulted_layers,Unconditional,0.7932406067848206,1.214699371610393,0.6939284205436707,0.21685458719730377,-0.33308324591439237,-0.034113829592539925,0.4492953854655982,0.13826475703888222,0.12374438279934005,0.0350938729605188,0.44364791148515065,,,,,,,,,10.604166666666668,10.416666666666668,21.0,0.1921529322862625,0.16692444285905395
OOD,13,faulted_layers,Oracle conditional,0.6571698188781738,1.0063324534887,0.5732797384262085,0.2291005253791809,0.32086725681516076,0.12029887710341837,0.6476927327991158,0.12492615672879867,0.12237876595732307,-0.06223916178518345,0.22901133617343555,,,,,,,,,8.6640625,8.083333333333332,18.333333333333332,0.23073749244213104,0.060959663854104895
OOD,13,faulted_layers,Equal mixture,0.6901286840438843,1.0568027804782012,0.6146166324615479,0.20534856617450714,-0.0791168360449447,0.023478726194909524,0.6515612047526941,0.1274248379594383,0.12214862378961812,-0.06944261142746318,0.24371999443187672,,,,,,,,,8.2109375,7.583333333333334,18.333333333333332,0.20683613419532776,0.26061526700251375
OOD,14,dipping_layers,SimPEG L2,0.5614191293716431,1.0531341896483464,0.49800199270248413,-0.18016991019248962,-0.08218716410716334,0.028115778286035883,0.47599451303155005,0.13815992692838774,0.13583945595567964,-0.027050655708430574,0.08722863489383231,,,,,,,,,21.231770833333336,21.083333333333336,27.166666666666668,,
OOD,14,dipping_layers,Unconditional,0.6352774500846863,1.191680809568432,0.5383440256118774,-0.21607205271720886,-0.10601290699706864,-0.035176140561473314,0.3972565157750343,0.1472013160598547,0.1305514500424652,0.0805618949978674,0.4010116278013349,,,,,,,,,8.278645833333334,8.416666666666668,15.0,0.2569962441921234,0.1778485408295566
OOD,14,dipping_layers,Oracle conditional,0.5324398875236511,0.998773679320944,0.465104341506958,-0.11503156274557114,0.10793980710773794,0.06843188028794163,0.5281207133058985,0.13763275919062684,0.1329376591803893,0.02876062592344554,0.19837062287594864,,,,,,,,,6.486979166666666,6.0,12.666666666666666,0.2835250496864319,0.14048878874547585
OOD,14,dipping_layers,Equal mixture,0.5587319731712341,1.0480935062809242,0.49701428413391113,-0.1242462694644928,-0.06474423440625617,0.0025271882884038235,0.51440329218107,0.14119228150927443,0.13161102753786486,0.055505090064684105,0.25419456893948666,,,,,,,,,5.567708333333333,5.583333333333334,9.0,0.29753684997558594,0.4172850918323324
OOD,15,intrusions,SimPEG L2,0.1929033100605011,0.9743703879215158,0.06462766230106354,0.03059583716094494,0.22964908929696495,0.4577293983488806,1.0,0.05439171390013727,0.054377473581977635,-0.15161538794147628,0.029489224722385535,0.0,0.0,1.0,,,1.0,0.0,1.0,,,,,
OOD,15,intrusions,Unconditional,0.1656893789768219,0.8369105974256584,0.05847356468439102,0.02387925796210766,0.6501976996440394,0.5792002117848609,1.0,0.05205386632802697,0.05081825360246232,0.38179513559907396,0.44902492414756,0.0,0.0,1.0,,,1.0,0.0,1.0,,,,0.07433998584747314,0.7449517221611537
OOD,15,intrusions,Oracle conditional,0.16095632314682007,0.8130035455265143,0.07139070332050323,-0.0028246778529137373,0.5581002213482018,0.6452299297429328,1.0,0.05198544754876135,0.050919064815968015,0.335966919835911,0.5045003526438899,0.012875536480686695,0.012875536480686695,0.9871244635193133,0.05826987037605786,50.236096247844955,1.0,1.0,0.0,,,,0.10767117142677307,0.916428218391052
OOD,15,intrusions,Equal mixture,0.17982818186283112,0.9083268465738243,0.07396150380373001,0.011043258011341095,0.37933293447639943,0.4197176084286876,1.0,0.05473754513271177,0.05266652400262611,0.17125760745062443,0.47729906885724216,0.0,0.0,1.0,,,1.0,0.0,1.0,,,,0.11560152471065521,0.7090101483060509
OOD,16,horizontal_layers,SimPEG L2,0.7512632608413696,1.1996677051198938,0.604177713394165,0.5253112316131592,-0.3611453841761845,0.2809692276285557,0.9994734070563455,0.07943614140070686,0.07886198263253916,-7.02009752227195e-05,0.5371705332391706,,,,,,,,,25.4765625,26.916666666666664,30.0,,
OOD,16,horizontal_layers,Unconditional,0.2840113341808319,0.4535284011135762,0.234344482421875,0.07278041541576385,0.8175706282337237,0.20902730351438345,0.9942074776197999,0.10773452144277,0.10542995694999889,0.06120034312986032,1.4121270630454648,,,,,,,,,11.3359375,12.0,20.666666666666668,0.13861092925071716,0.6092473520935595
OOD,16,horizontal_layers,Oracle conditional,0.25590839982032776,0.40865174531432524,0.20011433959007263,0.04411096125841141,0.8468342999495431,0.1917895264032376,0.9984202211690363,0.08978750260484175,0.08784209430672714,0.04500894155956588,1.1455481280981397,,,,,,,,,10.8515625,10.333333333333334,16.666666666666668,0.18465399742126465,0.6064299001450609
OOD,16,horizontal_layers,Equal mixture,0.2813224196434021,0.4492345615229522,0.24269133806228638,0.07689546048641205,0.8439481680185464,0.201465569282812,0.9994734070563455,0.08636486693828917,0.08308072305630468,0.03748457274952944,1.3262921323893189,,,,,,,,,11.674479166666666,11.583333333333332,24.666666666666668,0.25029969215393066,0.5588488489073296
OOD,17,intrusions,SimPEG L2,0.19586080312728882,0.9721110399054513,0.07025803625583649,-0.03344595432281494,0.23367376899009898,0.41036649076599796,1.0,0.055633634816641825,0.05563135486358579,-0.1566802638098631,0.029077696024938357,0.0,0.0,1.0,,,1.0,0.0,1.0,,,,,
OOD,17,intrusions,Unconditional,0.18330901861190796,0.9098130808289423,0.07821042090654373,-0.02669881097972393,0.3686261348323116,0.45290484629485805,0.9820143884892086,0.056093363921827816,0.052834089747257125,0.2651943355542245,0.6241405976590504,0.0,0.0,1.0,,,1.0,0.0,1.0,,,,0.1599317193031311,0.6225900170315807
OOD,17,intrusions,Oracle conditional,0.17102348804473877,0.8488366133339151,0.06730353087186813,-0.019288713112473488,0.5831995145209184,0.5687212698422123,1.0,0.05508094611484046,0.052518131385986974,0.3294152988935615,0.46953650897185895,0.0,0.0,1.0,,,1.0,0.0,1.0,,,,0.07848505675792694,0.806516271251758
OOD,17,intrusions,Equal mixture,0.18085815012454987,0.8976487463838886,0.06994117051362991,-0.025774970650672913,0.488272735428728,0.5806449235180889,1.0,0.05497946647453712,0.05320261537268945,0.3610629861643295,0.37930595112550475,0.0,0.0,1.0,,,1.0,0.0,1.0,,,,0.09661942720413208,0.6739936024631286
OOD,18,horizontal_layers,SimPEG L2,0.47746145725250244,0.7864500224876053,0.39668548107147217,-0.19157761335372925,0.2877674191033833,0.17847092180655655,1.0,0.08351464683865788,0.08103968976952443,0.065346952361845,0.26161579864016626,,,,,,,,,23.588541666666664,25.25,37.333333333333336,,
OOD,18,horizontal_layers,Unconditional,0.4941404461860657,0.8139227975621688,0.3950425088405609,-0.20928017795085907,0.19679485085565157,0.2094911393076722,1.0,0.08487688047926967,0.08114140645425566,0.07347754596255338,0.996084074618034,,,,,,,,,9.473958333333334,10.5,15.5,0.45244938135147095,0.5952974645757088
OOD,18,horizontal_layers,Oracle conditional,0.558208167552948,0.9194518620434258,0.4080899953842163,-0.32111236453056335,0.12412084413209236,0.11831291193268653,0.624031007751938,0.08574996998912254,0.08134232359908174,0.012212499624856024,0.7985218214126881,,,,,,,,,13.815104166666666,12.5,24.666666666666668,0.3276122510433197,-0.18437115979454388
OOD,18,horizontal_layers,Equal mixture,0.579167366027832,0.9539747787344324,0.45587795972824097,-0.2671090066432953,-0.3248753248869164,0.10188487061459807,0.8870431893687708,0.08680985587978211,0.08243499220028351,-0.06685498753160665,0.7541578602585255,,,,,,,,,13.802083333333332,13.25,36.166666666666664,0.3059154748916626,0.167051778120281
OOD,19,faulted_layers,SimPEG L2,0.3917897641658783,0.9073285250879978,0.3592340648174286,0.03832060843706131,0.07446326091411423,-0.12138588700863545,1.0,0.11964795567447849,0.11815839790706704,-0.08974478593543514,0.05697558847886354,,,,,,,,,24.395833333333336,22.916666666666668,39.166666666666664,,
OOD,19,faulted_layers,Unconditional,0.42908361554145813,0.9936957001863482,0.3691940903663635,0.05540785938501358,-0.12225388676830311,-0.09320778999129384,0.8847624249044238,0.12408177542946519,0.11123380520314102,0.027427775050957174,0.34794366649094044,,,,,,,,,8.317708333333332,7.916666666666666,28.0,0.3381200134754181,0.3551574242852844
OOD,19,faulted_layers,Oracle conditional,0.4613664448261261,1.068458071640555,0.36845651268959045,0.19918207824230194,0.04283117115405362,0.03570343149140393,0.4440196613872201,0.12219982919134442,0.1129670555131638,-0.06990978418429683,0.3827474550984681,,,,,,,,,13.408854166666666,12.0,31.0,0.41791027784347534,0.16369105883438495
OOD,19,faulted_layers,Equal mixture,0.4169533848762512,0.965603837393885,0.36181989312171936,0.09011104702949524,-0.05130635876128507,-0.09035274695515846,0.920808301474604,0.12189680285143256,0.11349209507948,-0.03152486861983125,0.2558603408225802,,,,,,,,,8.1015625,6.583333333333334,29.166666666666668,0.31283605098724365,0.30586011698645044
OOD,20,blobs,SimPEG L2,0.21181067824363708,0.7461317545613413,0.16729161143302917,0.07192958146333694,0.6521865331412314,0.19250326332521311,1.0,0.025304478004022194,0.023812112810907254,0.1268261677532399,0.4890776124256297,0.44063647490820074,0.4657534246575342,0.5342465753424658,0.09881759418256386,13.022196838355667,1.0,1.0,0.0,,,,,
OOD,20,blobs,Unconditional,0.16266801953315735,0.5730200943206664,0.10770989954471588,0.003929986618459225,0.7850231810503544,0.4322320660780363,1.0,0.040262074234482546,0.030058769337700245,0.32065346630200553,1.1467405407417095,0.5659955257270693,0.7434620174346201,0.25653798256537985,0.07502684959578593,53.33679228295779,1.0,1.0,0.0,,,,0.3712827265262604,0.3428737277931655
OOD,20,blobs,Oracle conditional,0.17480909824371338,0.6157886857613419,0.12695448100566864,0.02419907972216606,0.8421499036145654,0.5117608197306804,1.0,0.031109352799186665,0.025830164749204958,0.5194703941181287,1.2885573585137484,0.5766092475067996,1.165628891656289,0.1656288916562889,0.046869131829848365,9.336737727015224,1.0,2.0,1.0,,,,0.06633245199918747,0.3560623427587539
OOD,20,blobs,Equal mixture,0.17342853546142578,0.6109254666848917,0.1293659210205078,0.023871537297964096,0.7688432861201253,0.2165157374024886,1.0,0.028153482654368078,0.02126041952913534,0.34553702197026653,0.8553261136045447,0.5988235294117648,0.6924034869240349,0.30759651307596514,0.07704598922428872,4.466291354052835,1.0,1.0,0.0,,,,0.28539425134658813,0.5420271666919777
OOD,21,blobs,SimPEG L2,0.2751723527908325,0.9669467800022055,0.18500834703445435,0.06077155843377113,0.42459611912466316,0.1631480160912343,0.4983164983164983,0.03486380345067559,0.03393699928010724,-0.23726697319003587,0.08903979853720234,0.0,0.0,1.0,,,2.0,0.0,2.0,,,,,
OOD,21,blobs,Unconditional,0.1988709568977356,0.6988261337227964,0.14059053361415863,0.07447726279497147,0.7648093095553425,0.364400570760335,0.9607182940516273,0.02883489808525477,0.021376374924034727,0.6323056962856962,0.6858904153508879,0.22123893805309736,0.3939393939393939,0.6060606060606061,0.33228630673006215,39.318587233062956,2.0,1.0,1.0,,,,0.1972654163837433,0.6715019623586929
OOD,21,blobs,Oracle conditional,0.23533974587917328,0.8269762829603032,0.16417640447616577,0.09166676551103592,0.6527209125760822,0.26409239535191786,0.9438832772166106,0.029483089975313393,0.024023079440220717,0.5783789580800732,0.46639015013720686,0.17748478701825557,0.30303030303030304,0.696969696969697,0.4237979623217962,89.25484595811004,2.0,1.0,1.0,,,,0.06582268327474594,0.2236005437424731
OOD,21,blobs,Equal mixture,0.2716614007949829,0.9546094078327358,0.18663901090621948,0.07918865978717804,0.4504105801283268,0.15277423948093263,0.5443322109988776,0.03316228646902946,0.028489643939574337,0.5187061454316454,0.28765541587388965,0.0,0.0,1.0,,,2.0,0.0,2.0,,,,0.1530357152223587,0.7271469636342913
OOD,22,horizontal_layers,SimPEG L2,0.5947347283363342,0.9935904508501986,0.5139540433883667,-0.24144741892814636,0.02119542545932222,-0.010631390610381732,0.5574559059326564,0.14157557369943402,0.13956021296790544,0.02909844086411176,0.062397344933951646,,,,,,,,,21.236979166666668,21.25,23.666666666666668,,
OOD,22,horizontal_layers,Unconditional,0.6434509754180908,1.074977993220717,0.5388858914375305,-0.26607462763786316,-0.012598526701603127,-0.018375761271686344,0.538214858364511,0.1438232492263646,0.13265094993194337,0.09014032161988564,0.3622005640991241,,,,,,,,,10.3359375,8.5,22.666666666666668,0.22403839230537415,0.2656544643238543
OOD,22,horizontal_layers,Oracle conditional,0.6047132015228271,1.0102609346806926,0.5182173252105713,-0.2543119192123413,-0.15197198284281374,-0.01505532779845575,0.36504543025120256,0.14077401087708352,0.13836570111743238,0.10302223078643696,0.08936363188023419,,,,,,,,,13.151041666666666,12.5,23.833333333333332,0.1370091736316681,0.32467087823530844
OOD,22,horizontal_layers,Equal mixture,0.6074742674827576,1.014873695027862,0.5176919102668762,-0.2595427632331848,-0.02732758306673419,0.0046012801448554455,0.28540887226082307,0.14122777892577465,0.13720823462675474,0.05998414795813364,0.14882077349254977,,,,,,,,,10.354166666666666,10.0,22.0,0.16720831394195557,0.1813627329452115
OOD,23,horizontal_layers,SimPEG L2,0.529861569404602,0.864924299681569,0.4998946189880371,-0.06595203280448914,0.12675451585830885,0.02949363338269817,0.7710701685613485,0.18781669651419866,0.18583144763995707,-0.007078380370205516,0.05453158304560057,,,,,,,,,30.2109375,29.75,32.5,,
OOD,23,horizontal_layers,Unconditional,0.5671666264533997,0.9258195451676102,0.46945270895957947,-0.07307303696870804,0.05162396946763516,-0.035929642323920014,0.697765582124657,0.18931049479836384,0.18261752695560313,-0.09860680959811104,0.32537437178905115,,,,,,,,,8.341145833333332,7.5,20.5,0.46214693784713745,0.3230917235979534
OOD,23,horizontal_layers,Oracle conditional,0.5970964431762695,0.9746757507567697,0.532099723815918,-0.19532427191734314,-0.2380942161400328,-0.05787315398889653,0.6303410427283418,0.19083764025701183,0.18295892545193906,-0.14134579228660282,0.2264826742762552,,,,,,,,,10.986979166666666,9.5,20.666666666666668,0.38649389147758484,0.05803599499724299
OOD,23,horizontal_layers,Equal mixture,0.5527717471122742,0.9023219343725603,0.4747965335845947,-0.12733088433742523,0.07398273950619753,0.017145347079044325,0.7698941591532732,0.18815754217254926,0.18216781643369456,-0.03289707610549336,0.2005264903856685,,,,,,,,,10.708333333333332,10.333333333333334,22.166666666666668,0.31193533539772034,0.2777530271052042
OOD,24,intrusions,SimPEG L2,0.30307427048683167,0.8448204690511305,0.20954595506191254,0.026540812104940414,0.462025065627891,0.12570068969247558,1.0,0.07054219573755528,0.07041548431475074,-0.0789255393925053,0.1781854803751278,0.0,0.0,1.0,,,1.0,0.0,1.0,,,,,
OOD,24,intrusions,Unconditional,0.1639515459537506,0.4570154428873688,0.10479187965393066,-0.004589829593896866,0.8802309713220599,0.42586599518325435,1.0,0.062557120789451,0.06159326973015326,0.43431443297446454,0.9842888268741288,0.8073270013568521,0.8271604938271605,0.1728395061728395,0.0048367513966097245,1.6896252840992048,1.0,1.0,0.0,,,,0.23277948796749115,0.886662522308029
OOD,24,intrusions,Oracle conditional,0.14100885391235352,0.39306261765883826,0.049052536487579346,0.013682231307029724,0.9056942932473617,0.8249301195635576,0.9972565157750343,0.05695518809070564,0.05573132603640174,0.6403332911849111,1.0150178237615155,0.7838196286472149,0.8449931412894376,0.1550068587105624,0.029313196860719547,74.08707456807345,1.0,1.0,0.0,,,,0.03792718052864075,0.1282332206044516
OOD,24,intrusions,Equal mixture,0.2291976511478424,0.6388891634948296,0.13456085324287415,0.06507670879364014,0.8473818921545687,0.335039464739676,0.9986282578875172,0.06363340084842495,0.061127717927141535,0.5077598514937908,0.8229407321894906,0.6241426611796982,0.6241426611796982,0.37585733882030176,0.04086920926651515,17.227926212266826,1.0,1.0,0.0,,,,0.30900079011917114,0.36883605302086636
OOD,25,dipping_layers,SimPEG L2,0.6746065616607666,1.1621366724937685,0.5540517568588257,0.2771735191345215,-0.17368117737157854,0.09243838324233743,0.6114076050700467,0.10596654491106697,0.10104407779434398,0.07779560750290489,0.4295772180488657,,,,,,,,,21.440104166666668,17.5,57.0,,
OOD,25,dipping_layers,Unconditional,0.46052172780036926,0.7933352842573269,0.366003155708313,0.10263387858867645,0.5248606260811931,0.1673737293241909,0.6124082721814543,0.11153277708663474,0.10281009828506273,0.11578291670562518,0.8587263442380135,,,,,,,,,18.080729166666664,14.916666666666668,43.0,0.2798404097557068,0.6407261372406882
OOD,25,dipping_layers,Oracle conditional,0.49955689907073975,0.8605807079287091,0.4346335530281067,0.06431528925895691,0.3431270469995321,0.0668338496713603,0.6130753835890593,0.11016527208937121,0.1006549215227294,0.10582198890552164,0.7378277408854766,,,,,,,,,16.486979166666664,13.0,42.0,0.2931426763534546,0.4116492062029275
OOD,25,dipping_layers,Equal mixture,0.4375007450580597,0.7536773120374577,0.3761669099330902,0.021225277334451675,0.5843420101112191,0.12087668089268233,0.6130753835890593,0.10270473366943236,0.09829781723281801,0.1834990649499023,0.604822772621246,,,,,,,,,15.533854166666668,13.333333333333334,41.333333333333336,0.2889694571495056,0.46085185737537115
OOD,26,dipping_layers,SimPEG L2,0.7007470726966858,1.2399901826690145,0.5741015672683716,0.40004968643188477,-0.2702804388953296,0.07563896108176,0.3023088023088023,0.1531151401389451,0.14939684384012797,0.013589689342815679,0.15589344291217674,,,,,,,,,19.979166666666664,20.666666666666664,27.5,,
OOD,26,dipping_layers,Unconditional,0.6400930285453796,1.1326612729707404,0.5349945425987244,0.3315432071685791,0.08811335110820885,0.10148176359231365,0.37842712842712845,0.16001513560667424,0.14564716515310747,0.04870939392106866,0.455744312460379,,,,,,,,,8.997395833333332,8.583333333333332,22.166666666666668,0.5046076774597168,0.02795101839710509
OOD,26,dipping_layers,Oracle conditional,0.5916431546211243,1.0469279601130321,0.48834553360939026,0.291887491941452,0.3372705163971045,0.15602079683681008,0.43722943722943725,0.15151460269025885,0.14357461610128136,0.12792060278318174,0.36164072525889573,,,,,,,,,8.981770833333334,8.0,22.166666666666668,0.34001171588897705,0.2267935668395834
OOD,26,dipping_layers,Equal mixture,0.5607452392578125,0.9922532947334048,0.45864182710647583,0.25488197803497314,0.41285291358695825,0.12770085866422057,0.5689033189033189,0.15213077112390408,0.14542349165415894,0.035153317477988215,0.3604934792178657,,,,,,,,,7.627604166666666,7.583333333333334,13.833333333333334,0.3861755132675171,0.29336136930750706
OOD,27,faulted_layers,SimPEG L2,0.5201422572135925,0.8276478186244918,0.4407878518104553,-0.06990014016628265,0.16212039815450838,0.17706227234783203,0.9994703389830508,0.08320314905536301,0.07648853623598097,0.13229112842108876,0.6237378170959266,,,,,,,,,20.700520833333336,17.333333333333332,33.0,,
OOD,27,faulted_layers,Unconditional,0.40148383378982544,0.63883911495523,0.32487836480140686,-0.14255017042160034,0.6635673645225321,0.15990557705771088,1.0,0.07726340128356263,0.07524182906857863,0.1973014469683939,0.8359692351770942,,,,,,,,,7.255208333333333,5.75,14.666666666666666,0.2659854292869568,0.8498769859964634
OOD,27,faulted_layers,Oracle conditional,0.46603283286094666,0.7415491669356246,0.36685776710510254,-0.16389259696006775,0.4431575893310065,0.10222958892568883,1.0,0.07894253384001547,0.07332903085485641,0.2701211760678052,1.0137675187807267,,,,,,,,,6.4296875,4.833333333333334,13.666666666666666,0.33510953187942505,0.8601946288160572
OOD,27,faulted_layers,Equal mixture,0.5381765961647034,0.8563439706602459,0.4265911877155304,-0.2364131063222885,0.21217109775677898,-0.11287225488538294,0.9661016949152542,0.07881002377524286,0.0749885805987953,0.20021000117495855,0.7007692271153002,,,,,,,,,7.53125,6.416666666666666,14.333333333333334,0.26861539483070374,0.6639287467615785
OOD,28,intrusions,SimPEG L2,0.11880112439393997,0.9871726873681814,0.028186285868287086,-0.011581966653466225,0.1555662411877679,0.7570449962993326,1.0,0.04452953101101579,0.04452368212427601,-0.1057620562811945,0.023992790404665464,0.0,0.0,1.0,,,1.0,0.0,1.0,,,,,
OOD,28,intrusions,Unconditional,0.1113109365105629,0.9249333025185283,0.033609725534915924,-0.004398092161864042,0.3495289687368358,0.6989623567715212,1.0,0.043336204582288006,0.042978790962577396,0.2267962899223729,0.6061613956351865,0.0,0.0,1.0,,,1.0,0.0,1.0,,,,0.06518519669771194,0.8349842346520079
OOD,28,intrusions,Oracle conditional,0.1198616698384285,0.9959852428204362,0.03755268082022667,-0.018154948949813843,0.13091613605039987,0.6261338990814854,1.0,0.044955345669461674,0.044120204836618,0.0598278144114761,0.5297577447874909,0.0,0.0,1.0,,,1.0,0.0,1.0,,,,0.0617312453687191,0.8034631520129197
OOD,28,intrusions,Equal mixture,0.12105223536491394,1.0058781943919326,0.035933539271354675,-0.022473467513918877,0.07259007551072563,0.6255206868217058,0.7549019607843137,0.04467662890351555,0.04401664765620748,0.05398392801178112,0.6225537466038309,0.0,0.0,1.0,,,1.0,0.0,1.0,,,,0.10222411155700684,0.5200923693817217
OOD,29,horizontal_layers,SimPEG L2,0.3466799259185791,0.811647893935698,0.31784385442733765,-0.006071193143725395,0.09794383130985497,0.12671843234886299,0.999330655957162,0.0778722404440232,0.07378799665857637,0.0879524518448165,0.18960497326959674,,,,,,,,,20.833333333333336,22.25,28.333333333333332,,
OOD,29,horizontal_layers,Unconditional,0.2563803493976593,0.600238303627596,0.18907296657562256,0.026651494204998016,0.6742306540470002,0.33825224426002465,0.9866131191432396,0.07376393228150058,0.07086780541401301,0.1430123612871735,0.9307817582850758,,,,,,,,,5.682291666666666,5.333333333333333,15.0,0.41770145297050476,0.4545912695388096
OOD,29,horizontal_layers,Oracle conditional,0.3744071125984192,0.8765628514828494,0.29276204109191895,0.11528535187244415,0.08348416500412183,0.04342517110728433,0.8607764390896921,0.08053901004403516,0.07083879039374436,0.13954430212378113,0.7580628208809511,,,,,,,,,7.40625,7.166666666666667,14.166666666666666,0.461403489112854,0.39218947461798026
OOD,29,horizontal_layers,Equal mixture,0.36671122908592224,0.8585452301038728,0.31196796894073486,0.04335775598883629,0.008402008521160458,0.04079112413729344,1.0,0.07973896101177379,0.07224429930302792,0.022606339190971166,0.5443281373859464,,,,,,,,,8.088541666666668,8.083333333333334,21.333333333333332,0.35124287009239197,0.6889586728353566
OOD,30,dipping_layers,SimPEG L2,0.5905322432518005,1.0013667929254644,0.5401517748832703,-0.03065943531692028,0.04218040079195761,0.018117573193143544,0.5438844847112118,0.2216337448556421,0.21891630061606607,-0.04412666796859578,0.08012630150944268,,,,,,,,,24.6328125,25.25,41.166666666666664,,
OOD,30,dipping_layers,Unconditional,0.606200098991394,1.0279348095465073,0.5472814440727234,-0.00267970934510231,0.007957940627080738,0.01949482059850671,0.5209513023782559,0.22452012081972839,0.21459901807852366,-0.0033258798508526053,0.21091235492263377,,,,,,,,,11.416666666666666,9.916666666666668,26.833333333333332,0.22933247685432434,0.16717195480651342
OOD,30,dipping_layers,Oracle conditional,0.5816107392311096,0.9862385794005315,0.5351974368095398,-0.008819621056318283,0.14340724211224895,0.0031212778353229146,0.5520951302378256,0.22123081152313942,0.21600063719719065,-0.043228451876371685,0.16309921728821983,,,,,,,,,11.588541666666668,9.666666666666666,30.666666666666668,0.26155468821525574,0.43171134329589644
OOD,30,dipping_layers,Equal mixture,0.5968466401100159,1.012074129236775,0.5469496250152588,0.002966870553791523,0.007721686882694925,0.011501794109398935,0.5297281993204983,0.22220024735897387,0.2146416818452251,0.028046990526645967,0.17378180009508198,,,,,,,,,8.166666666666666,6.25,24.833333333333332,0.3119702637195587,0.5316750105374499
OOD,31,faulted_layers,SimPEG L2,0.8084943890571594,1.1357825271685296,0.6772017478942871,-0.3639051914215088,-0.048414326450872874,0.0594046816107274,0.48637489677952106,0.17249249137197745,0.16356796605601762,0.12220575910117142,0.18288928705696253,,,,,,,,,17.145833333333332,18.5,33.333333333333336,,
OOD,31,faulted_layers,Unconditional,0.7849923372268677,1.1027665654219263,0.6878963708877563,-0.27290818095207214,-0.10000447986118641,-0.024114388037188638,0.41260666116157446,0.1806749696925413,0.16073965899631792,0.07674514635234195,0.30902646720590676,,,,,,,,,10.161458333333334,9.5,37.333333333333336,0.3684873580932617,0.14990425999504786
OOD,31,faulted_layers,Oracle conditional,0.693011462688446,0.9735507396247307,0.6076833605766296,-0.2475527971982956,0.3901703679485223,0.07423425035564962,0.6168455821635013,0.16853746281548024,0.1553925347284221,0.17839183936586356,0.36142033314540917,,,,,,,,,10.690104166666668,9.083333333333332,35.0,0.586796224117279,0.160935377988413
OOD,31,faulted_layers,Equal mixture,0.7451329231262207,1.0467715867412652,0.6404139995574951,-0.2961283326148987,0.18108492940636706,0.05009382018846227,0.5273878337462152,0.17145886902084215,0.1591783929440284,0.1298041805212436,0.296281616206662,,,,,,,,,9.8203125,9.0,37.333333333333336,0.40426039695739746,0.403221224376662
OOD,32,intrusions,SimPEG L2,0.3462410867214203,0.9165090099791121,0.197845458984375,0.07330173254013062,0.3565363210289789,0.08138063579947198,1.0,0.0819249132768209,0.08189989664926087,-0.15940396510288427,0.07028571745191466,0.0,0.0,1.0,,,1.0,0.0,1.0,,,,,
OOD,32,intrusions,Unconditional,0.18888434767723083,0.49998169809781706,0.10520253330469131,0.03432490676641464,0.9049477414811393,0.47683820864531085,1.0,0.07069681164931796,0.06947296853416904,0.5132009144835655,0.8052130509358146,0.7618364418938307,0.8863287250384024,0.11367127496159754,0.006109201838341211,60.61610869323656,1.0,1.0,0.0,,,,0.17766498029232025,0.8443821691120591
OOD,32,intrusions,Oracle conditional,0.19106315076351166,0.5057490455794674,0.09615394473075867,0.02603190205991268,0.8641861906460845,0.46979661241882503,1.0,0.07273661949640965,0.07171078687112756,0.4259311996284113,0.7921373475934539,0.6690751445086706,0.7741935483870968,0.22580645161290322,0.04331452067980347,15.252182576366572,1.0,1.0,0.0,,,,0.1442548632621765,0.932707058742562
OOD,32,intrusions,Equal mixture,0.282436728477478,0.7476172422220466,0.16173790395259857,0.05512571707367897,0.7634650563735675,0.2464809694114804,1.0,0.07871299199772919,0.07716389714244427,0.27768096640472756,0.5302830578840968,0.2732824427480916,0.28110599078341014,0.7188940092165899,0.06645785378318596,20.293194340734807,1.0,1.0,0.0,,,,0.2186974287033081,0.7311842057232645
OOD,33,blobs,SimPEG L2,0.22171543538570404,0.8571214359984677,0.1460905373096466,0.06915915012359619,0.5365834512392115,0.234890575907011,0.9264475743348983,0.041950303948868096,0.03975292004682521,-0.018040243037063936,0.17599527069331555,0.0,0.0,1.0,,,2.0,0.0,2.0,,,,,
OOD,33,blobs,Unconditional,0.228739395737648,0.8842751024663942,0.17322613298892975,0.061963871121406555,0.5770879856530692,0.16643299950440033,0.8325508607198748,0.04823278903769683,0.03317898994332597,0.3491050779951443,0.8349229645883375,0.22507122507122507,1.0187793427230047,0.018779342723004695,0.04791442733287197,55.599363567801774,2.0,2.0,0.0,,,,0.26624831557273865,0.4751186397095737
OOD,33,blobs,Oracle conditional,0.21142593026161194,0.817343621736989,0.15860271453857422,0.06883317977190018,0.655482643311919,0.1887936360753496,0.9436619718309859,0.04583987845115796,0.03632211465732084,0.2864998586475354,0.7239657355795565,0.2710583153347732,0.8419405320813772,0.15805946791862285,0.019582875752878596,49.92783633532153,2.0,2.0,0.0,,,,0.0971812829375267,0.3900694806030456
OOD,33,blobs,Equal mixture,0.2205200493335724,0.8525002376241045,0.14290501177310944,0.08476784825325012,0.5547675442088165,0.23894028523459546,0.6791862284820032,0.042289857497236835,0.03493023223416203,0.2421996528698532,0.3768920046493941,0.10606060606060606,0.14241001564945227,0.8575899843505478,0.10683206423436178,47.512611972658064,2.0,1.0,1.0,,,,0.20250380039215088,0.1843261048634264
OOD,34,intrusions,SimPEG L2,0.1780298501253128,0.9623145879806738,0.06823760271072388,0.01674007624387741,0.2397044905974981,0.31145615704676516,1.0,0.05228613395262351,0.05227205551145466,-0.13656064441819726,0.060221641540699235,0.0,0.0,1.0,,,1.0,0.0,1.0,,,,,
OOD,34,intrusions,Unconditional,0.1621992588043213,0.8767446178109108,0.07209713011980057,-0.023527219891548157,0.5234629378542075,0.6266969794031668,1.0,0.04984996279418373,0.047848212747416734,0.35237925982880675,1.0379890511698153,0.276,1.7860262008733625,0.7860262008733624,0.13224406746992298,12.18668362555599,1.0,1.0,0.0,,,,0.07225535064935684,0.9153006970673372
OOD,34,intrusions,Oracle conditional,0.1806059628725052,0.9762393925859759,0.08939722180366516,-0.021997924894094467,0.30026941757418746,0.5118729813194274,1.0,0.05435155946504892,0.050617016977589684,0.17357178516252822,0.8650363056364279,0.16864608076009502,1.148471615720524,0.14847161572052403,0.11203763913380677,79.45614613197442,1.0,1.0,0.0,,,,0.12324865162372589,0.8895794855060384
OOD,34,intrusions,Equal mixture,0.16373109817504883,0.8850247538210049,0.07603049278259277,0.00020735152065753937,0.43181794421018443,0.3459891046273846,1.0,0.051992469053523074,0.05068958845705837,0.14596693159565738,0.6978759406388185,0.0,0.0,1.0,,,1.0,0.0,1.0,,,,0.17781075835227966,0.7427083204760788
OOD,35,intrusions,SimPEG L2,0.23999056220054626,0.9599798723340439,0.09434518963098526,0.034945763647556305,0.2728124789635579,0.25791094777092105,1.0,0.07382179321848463,0.07378549765962347,-0.12639047652043928,0.048681215380756,0.0,0.0,1.0,,,1.0,0.0,1.0,,,,,
OOD,35,intrusions,Unconditional,0.19059261679649353,0.7623844632157487,0.08814166486263275,-0.008646960370242596,0.610890767840922,0.6047993988590495,1.0,0.07034724664939426,0.06846641894212416,0.34788474524138663,0.683309092836975,0.3651804670912951,1.2482517482517483,0.24825174825174826,0.08231671848012988,66.26046286533987,1.0,1.0,0.0,,,,0.08297719061374664,0.8967029663165937
OOD,35,intrusions,Oracle conditional,0.1762372851371765,0.7049620824051727,0.08574505150318146,-0.013913262635469437,0.6847407722475128,0.5944866760383336,1.0,0.06875297893578435,0.06644800100457546,0.41400894460799076,0.7867813797573183,0.4771689497716895,1.2622377622377623,0.26223776223776224,0.05444569018764385,50.96428217529683,1.0,1.0,0.0,,,,0.13132204115390778,0.8892770393646606
OOD,35,intrusions,Equal mixture,0.213487446308136,0.8539654625274217,0.09551264345645905,0.02905138023197651,0.5456593038619119,0.35741908992958304,1.0,0.07119898571450156,0.07011167695809734,0.38089402051514987,0.5263107477743848,0.0,0.0,1.0,,,1.0,0.0,1.0,,,,0.17481690645217896,0.5943701866828399
OOD,36,horizontal_layers,SimPEG L2,0.5282230973243713,0.9067968581966658,0.48848438262939453,-0.09110127389431,-0.0704971569133775,0.008569525161278521,1.0,0.1823461828141164,0.17966052161937335,-0.06076970001565328,0.08368185101747322,,,,,,,,,26.5625,27.75,37.166666666666664,,
OOD,36,horizontal_layers,Unconditional,0.5228886604309082,0.8976392680804004,0.4732917547225952,0.040846291929483414,0.047889802595802895,-0.03719148149717103,0.9643056330172894,0.18982916416591378,0.17281989325764027,-0.007185341360289041,0.33765877136479255,,,,,,,,,9.854166666666666,7.5,20.333333333333332,0.4986526072025299,0.3721765666785613
OOD,36,horizontal_layers,Oracle conditional,0.5728262662887573,0.983366803144914,0.46942010521888733,0.20778462290763855,0.09102407570415336,0.07744672098715809,0.5610708310094813,0.18938398030821954,0.1733192265527027,-0.014925010727157994,0.3818080700503958,,,,,,,,,15.84375,13.583333333333334,30.166666666666668,0.6619256138801575,-0.10265768713425291
OOD,36,horizontal_layers,Equal mixture,0.4897926151752472,0.8408235210814791,0.4544319212436676,-0.0023410730063915253,0.2523477142738997,-0.006845913708916104,1.0,0.18398471398075653,0.17473327800986685,-0.015370422548889878,0.23552821722417316,,,,,,,,,9.283854166666666,6.833333333333333,33.166666666666664,0.34131085872650146,0.27482738039313576
OOD,37,horizontal_layers,SimPEG L2,0.9670560359954834,1.4530824193637948,0.7777546644210815,-0.5988678932189941,-0.5064537880889604,-0.03325858531554279,0.6389160953313745,0.1713709719875192,0.16689120500111906,-0.007101048066388123,0.1943746527814428,,,,,,,,,22.135416666666664,22.666666666666668,24.666666666666668,,
OOD,37,horizontal_layers,Unconditional,0.5758827924728394,0.865311967672078,0.5021066665649414,-0.22940486669540405,0.7206425033019694,0.018635326369319926,0.6389160953313745,0.16378828550837404,0.16203234041266545,0.08690466249377549,0.4417740115150254,,,,,,,,,15.28125,14.833333333333334,23.166666666666668,0.34919431805610657,0.06314007071794403
OOD,37,horizontal_layers,Oracle conditional,0.6054130792617798,0.909683688621639,0.4979307949542999,-0.2177586853504181,0.5277019877100122,0.08197541024913746,0.6389160953313745,0.15921339826494083,0.15337563927608752,0.32274787157515655,0.4272647074514996,,,,,,,,,10.825520833333334,12.75,23.666666666666668,0.34346136450767517,0.672155697730337
OOD,37,horizontal_layers,Equal mixture,0.5724705457687378,0.8601847821608909,0.5062801837921143,-0.24278293550014496,0.722856355606624,0.06600251350299832,0.6389160953313745,0.16254971280530645,0.16079415199500288,0.20965476130576974,0.29556049891446523,,,,,,,,,15.520833333333332,14.0,24.5,0.2835409641265869,0.024346452668004642
OOD,38,dykes,SimPEG L2,0.10177378356456757,0.9368758063155469,0.05190202221274376,-0.011737978085875511,0.3027151269239367,0.38681867186932656,1.0,0.07044945555604945,0.06914776609904315,0.24154546562480136,0.20316176295658808,0.05405405405405406,0.0684931506849315,0.9315068493150684,0.357812507042089,23.809348544739674,1.0,1.0,0.0,,,,,
OOD,38,dykes,Unconditional,0.16749051213264465,1.5418293700845187,0.09346622228622437,-0.04363974183797836,-0.021825725769868173,0.41260470373117375,0.7328767123287672,0.07725859779556804,0.06781381425231195,0.24921362817372322,0.6664807296591588,0.009689922480620155,2.5684931506849313,1.5684931506849316,0.13716930128142624,4.165443646717244,1.0,2.0,1.0,,,,0.12285065650939941,0.7551146360485225
OOD,38,dykes,Oracle conditional,0.10375227779150009,0.9550887813001322,0.04514453560113907,-0.002466298406943679,0.25221211302176566,0.49739890006343407,0.9794520547945206,0.07035141111271645,0.06703395988009037,0.2946302387265225,0.48603195408056193,0.06040268456375839,0.0821917808219178,0.9178082191780822,0.3663103207194877,31.468674065052078,1.0,1.0,0.0,,,,0.07744699716567993,0.8188859024398939
OOD,38,dykes,Equal mixture,0.12319248914718628,1.1340451200634285,0.06614397466182709,-0.024457301944494247,0.09657110431918098,0.437690089983194,1.0,0.07073076825212281,0.06792290823372114,0.26654919520214854,0.3814157083924356,0.059602649006622516,0.0958904109589041,0.9041095890410958,0.3663103207194877,31.468674065052078,1.0,2.0,1.0,,,,0.11315558850765228,0.7240590063144609
OOD,39,intrusions,SimPEG L2,0.2938666343688965,0.9245902039006053,0.14611852169036865,0.049668148159980774,0.38140237915566655,0.15316584642381667,1.0,0.07411703431804685,0.07402132275322537,-0.14591816039002944,0.08203960661460248,0.0,0.0,1.0,,,1.0,0.0,1.0,,,,,
OOD,39,intrusions,Unconditional,0.21404726803302765,0.6734551801705712,0.10985040664672852,-0.0016126222908496857,0.7007493239928225,0.5952572646254255,1.0,0.07063715414291231,0.0678673214798989,0.32912001400195734,0.8248936850541174,0.47218045112781953,1.1144708423326133,0.11447084233261338,0.07074290441565545,69.4848838523838,1.0,1.0,0.0,,,,0.13584356009960175,0.855392462315703
OOD,39,intrusions,Oracle conditional,0.11303450912237167,0.35563955758946175,0.050611723214387894,-0.006466056685894728,0.9304323160162589,0.7510712245489827,1.0,0.058309274663752096,0.05740177268594337,0.6078324999193098,0.9432538644123214,0.7961335676625659,1.207343412526998,0.20734341252699784,0.015412038304856178,11.480332891258952,1.0,1.0,0.0,,,,0.10756340622901917,0.7876236187600638
OOD,39,intrusions,Equal mixture,0.22132918238639832,0.6963662081313635,0.11868776381015778,0.020964061841368675,0.7959695079042293,0.38112415408158357,1.0,0.06700433505600199,0.06626152046051724,0.6059852551819277,0.541172237376741,0.4206008583690987,0.4298056155507559,0.5701943844492441,0.036384490653561065,72.60690237379502,1.0,1.0,0.0,,,,0.18928882479667664,0.6761574960188752
OOD,40,dipping_layers,SimPEG L2,0.5395246744155884,0.8672899298816906,0.4908865690231323,0.0027566179633140564,0.04366268704858465,-0.01685758144700123,1.0,0.11467767460550365,0.11276024618299922,-0.07678451296646294,0.14262186494387172,,,,,,,,,23.364583333333336,22.666666666666668,34.333333333333336,,
OOD,40,dipping_layers,Unconditional,0.344005823135376,0.5529919211742232,0.28856319189071655,0.044977858662605286,0.8190274566313707,0.32955578275343106,0.9762174405436014,0.10373122928621918,0.10122247713670715,0.28147527767405695,0.7972979158424468,,,,,,,,,7.096354166666667,7.833333333333333,14.833333333333334,0.40397414565086365,0.7531851347455276
OOD,40,dipping_layers,Oracle conditional,0.4748777151107788,0.7633694616227271,0.4211611747741699,0.08666707575321198,0.6401031898201897,0.06065750194848704,0.9966024915062288,0.11067320585287445,0.1073266049192082,0.13902590102345475,0.4083936294277646,,,,,,,,,6.408854166666667,5.416666666666666,20.666666666666668,0.3481801152229309,0.6120570412141652
OOD,40,dipping_layers,Equal mixture,0.5522069931030273,0.8876768515680445,0.4810563623905182,0.14838917553424835,0.15076008890877357,0.007118849409022114,0.9541336353340883,0.11841828116824772,0.10733852908317813,0.08668450944055865,0.4843681895321695,,,,,,,,,10.270833333333332,10.166666666666666,24.666666666666668,0.45333874225616455,0.6372867780190209
OOD,41,dipping_layers,SimPEG L2,0.5943595767021179,1.0990217397294244,0.48027169704437256,-0.2208338975906372,0.049113954942243236,0.10569449408221838,0.4933293803735547,0.16574987237828326,0.16021142013936604,0.09073436244133473,0.21354061723267145,,,,,,,,,19.716145833333336,20.25,36.166666666666664,,
OOD,41,dipping_layers,Unconditional,0.5757336020469666,1.064580718044802,0.48299455642700195,-0.16223816573619843,0.10305590507162155,0.03904038717344858,0.5790097835754521,0.1718300952388796,0.16018159705414622,0.036797411802659115,0.3579701404623986,,,,,,,,,10.21875,9.166666666666666,21.166666666666668,0.3356611132621765,0.16242154294400687
OOD,41,dipping_layers,Oracle conditional,0.5038437247276306,0.9316501804755738,0.43197423219680786,-0.13218717277050018,0.4338362594591241,0.08855179658312297,0.6617254669433739,0.1600862837517482,0.15690728188694178,0.1033504902737274,0.35067683699457025,,,,,,,,,7.497395833333333,7.916666666666666,11.833333333333334,0.4061209261417389,0.46296594002467883
OOD,41,dipping_layers,Equal mixture,0.5486084222793579,1.0144239385005374,0.4696494936943054,-0.16043324768543243,0.22432608547159819,0.030029711787338462,0.6006522383634747,0.1658750546946284,0.15777259576014616,0.106160461338487,0.3149651738418292,,,,,,,,,9.846354166666668,8.833333333333332,21.833333333333332,0.3819993734359741,0.25594389586886773
OOD,42,intrusions,SimPEG L2,0.2924521863460541,0.9165574177784586,0.15943259000778198,-0.038873665034770966,0.3503379617553062,0.1100184289234356,1.0,0.0741673481146436,0.07411542459045185,-0.13203688997022348,0.09827886363373407,0.0,0.0,1.0,,,1.0,0.0,1.0,,,,,
OOD,42,intrusions,Unconditional,0.21271853148937225,0.666668799339463,0.12408386170864105,-0.01453919056802988,0.7403564670957704,0.31046964079512407,1.0,0.07072143730731978,0.06794559428637326,0.3298037497666617,0.9257137937451951,0.5171102661596958,0.6088709677419355,0.3911290322580645,0.049905965469949416,0.9191792408517313,1.0,1.0,0.0,,,,0.23193266987800598,0.8339494484805174
OOD,42,intrusions,Oracle conditional,0.14642950892448425,0.458916222385779,0.08154511451721191,0.009868862107396126,0.8887887852476729,0.6057567974726998,1.0,0.05892010769073109,0.057806642269497444,0.6395132833233153,0.8931879454724476,0.7646076794657763,1.1310483870967742,0.1310483870967742,0.03059685617562939,11.737944105478025,1.0,1.0,0.0,,,,0.14349910616874695,0.9283050429416101
OOD,42,intrusions,Equal mixture,0.23108512163162231,0.7242304631604903,0.1318381428718567,-0.02264503762125969,0.7237165374603597,0.30851932025525713,1.0,0.06779899208405471,0.0670304417076417,0.5378865451477285,0.5635374244952152,0.43359375,0.4798387096774194,0.5201612903225806,0.06059230591160155,16.32194916600852,1.0,1.0,0.0,,,,0.1871107667684555,0.7847080040740273
OOD,43,dipping_layers,SimPEG L2,0.6566206216812134,1.0123177049687095,0.5270830988883972,0.06492889672517776,0.16470652562667842,0.04943467088640456,0.5198650674662668,0.23898670723019888,0.2315172831282106,0.12824146746874052,0.2088507647330989,,,,,,,,,21.557291666666668,20.0,51.0,,
OOD,43,dipping_layers,Unconditional,0.6292376518249512,0.9701011429467254,0.49223658442497253,0.001951843500137329,0.2945776461111578,0.044526299050093886,0.568215892053973,0.2364397646169362,0.22374994805677928,0.21994139930556103,0.3283719413936152,,,,,,,,,6.372395833333333,5.916666666666666,17.0,0.35318684577941895,0.35935547180051153
OOD,43,dipping_layers,Oracle conditional,0.5869033932685852,0.9048340495167255,0.4597059488296509,0.03592318668961525,0.42857688360310026,0.06505554721304589,0.5513493253373314,0.2247608815190678,0.21364938569987008,0.35701080284540404,0.36163715024250115,,,,,,,,,9.057291666666666,8.75,28.333333333333332,0.4583829939365387,0.368619022921124
OOD,43,dipping_layers,Equal mixture,0.5859143137931824,0.9033091771147473,0.47601935267448425,0.06406214833259583,0.4419385086252324,0.05294400954395503,0.6248125937031485,0.22651372831481453,0.22201144942850642,0.262125312907863,0.30020912852794385,,,,,,,,,8.263020833333332,8.166666666666666,28.666666666666668,0.33238959312438965,0.5735311891025681
OOD,44,horizontal_layers,SimPEG L2,0.5285752415657043,0.968800502621425,0.45328962802886963,0.014086198061704636,-0.010229348620899557,-0.034873434734806565,0.534357316087308,0.11966504309450539,0.1189447127850928,-0.1121952354800627,0.06819250902871538,,,,,,,,,28.01041666666667,28.666666666666668,31.333333333333332,,
OOD,44,horizontal_layers,Unconditional,0.5125900506973267,0.939502004072929,0.4149806797504425,0.10440492630004883,0.3042492728436666,0.018224051585959047,0.534357316087308,0.11873468939270981,0.11292540306959854,0.14225952183009638,0.4444469709802875,,,,,,,,,8.669270833333332,8.5,18.333333333333332,0.3230922818183899,0.6957382001540228
OOD,44,horizontal_layers,Oracle conditional,0.5940240621566772,1.0887585432150313,0.4963659346103668,-0.05946994572877884,-0.6392161042359341,-0.09857270888625418,0.28577202910266775,0.12143898499190076,0.11696112968790226,-0.042584804504900646,0.26268710292855635,,,,,,,,,8.421875,6.333333333333333,22.666666666666668,0.2854379117488861,0.4986941186165657
OOD,44,horizontal_layers,Equal mixture,0.5060358047485352,0.9274890373840525,0.42982107400894165,0.008747272193431854,0.31648865898665896,0.018497214202677515,0.534357316087308,0.11857839769313265,0.1156750735412549,0.07524128305817725,0.25991953200586854,,,,,,,,,10.447916666666668,10.416666666666668,26.666666666666668,0.23322322964668274,0.5803064835298031
OOD,45,dipping_layers,SimPEG L2,0.6013827919960022,1.0026813288244687,0.5274946093559265,0.014581415802240372,0.03481047742247511,-0.02646874037681428,0.6760972071091766,0.21875398647645716,0.2156858473769498,0.03227576544245372,0.08220145380857997,,,,,,,,,16.049479166666664,15.75,28.166666666666668,,
OOD,45,dipping_layers,Unconditional,0.6756757497787476,1.1265494584473037,0.5587689280509949,-0.016715608537197113,-0.25833236229357565,0.027073463254187507,0.4584693507435618,0.22584348081038064,0.20978959180653353,0.04762822495987429,0.26829588469786647,,,,,,,,,9.197916666666666,8.833333333333334,14.333333333333334,0.2551169991493225,0.16005490661344893
OOD,45,dipping_layers,Oracle conditional,0.6033810377120972,1.006012989950458,0.5339672565460205,0.013224124908447266,0.006599545969475698,-0.0016797947720744986,0.6180631120783461,0.2211876749818009,0.21302748675588526,0.030087827075055563,0.15864405601301806,,,,,,,,,9.606770833333332,8.583333333333332,19.166666666666668,0.2717311382293701,-0.23159513627459555
OOD,45,dipping_layers,Equal mixture,0.6289593577384949,1.0486595442824223,0.5440075993537903,-0.0029047876596450806,-0.17991170603918424,-0.011135750936140401,0.4965542256075444,0.22104725508207704,0.21211466150485453,0.0641761851346628,0.17190421680798207,,,,,,,,,7.924479166666666,7.5,15.0,0.2782396078109741,0.052263807161742254
OOD,46,horizontal_layers,SimPEG L2,0.7313179969787598,1.3427692314427064,0.5947953462600708,0.505295991897583,-0.5995798165976999,0.30818388420451376,1.0,0.0745000828740712,0.07270049444835511,0.06260025236130141,0.6831187902700101,,,,,,,,,20.0625,26.0,32.333333333333336,,
OOD,46,horizontal_layers,Unconditional,0.3404499292373657,0.6250983726851433,0.2797638177871704,-0.004799962043762207,0.54067826635156,0.1616705465351355,1.0,0.08289017278908539,0.07792623406452033,0.15433838076303683,1.543801990418873,,,,,,,,,12.658854166666668,12.0,20.166666666666668,0.2925257086753845,0.4021557133069903
OOD,46,horizontal_layers,Oracle conditional,0.38888171315193176,0.714023723261809,0.341900497674942,0.052358292043209076,0.3530175773580369,0.13754822159710609,1.0,0.08546978557930833,0.07225182536329468,0.28093339061720995,1.6233483862461646,,,,,,,,,13.239583333333332,10.333333333333334,21.333333333333332,0.25129586458206177,0.17635079041634077
OOD,46,horizontal_layers,Equal mixture,0.3275603652000427,0.6014319101236725,0.27628347277641296,-0.017877750098705292,0.5720357102644092,0.16496443427246074,1.0,0.08010163820806401,0.0738134120950329,0.1351599759168367,1.2909160739544678,,,,,,,,,14.046875,14.333333333333334,21.333333333333332,0.2536929249763489,0.37102576315696245
OOD,47,blobs,SimPEG L2,0.33310839533805847,1.1962944962222408,0.2601013779640198,0.16825352609157562,0.002752779012195222,0.09737219069889766,0.6058763931104356,0.03447975479064683,0.03277134973042013,-0.0029118694649756926,0.23701468112875637,0.12314814814814815,0.22897669706180346,0.7710233029381965,0.5663979353249905,87.35341758542104,3.0,1.0,2.0,,,,,
OOD,47,blobs,Unconditional,0.4037514626979828,1.4499954352008837,0.3252403736114502,0.19607201218605042,-0.30251605368006296,0.04587386929078352,0.6058763931104356,0.059554782613446176,0.041668011814660726,0.03362451165699966,0.9308195983859153,0.16293774319066148,1.4224924012158056,0.42249240121580545,0.1626841066602652,23.13756049686998,3.0,5.0,2.0,,,,0.37652894854545593,0.6661364447571875
OOD,47,blobs,Oracle conditional,0.25523829460144043,0.9166390620295728,0.16179202497005463,0.10556349158287048,0.6366182114502167,0.3537415858253092,0.922998986828774,0.03915815320371575,0.03545025656286443,0.3564511364527914,0.9424730543395672,0.37489943684633953,0.7315096251266464,0.2684903748733536,0.5262294952807708,88.58974954653337,3.0,2.0,1.0,,,,0.04563112556934357,0.1217946116572239
OOD,47,blobs,Equal mixture,0.23832951486110687,0.8559144437843116,0.16140203177928925,0.07088994234800339,0.5962328649679847,0.16813102642236707,0.6524822695035462,0.03569191111421089,0.027095492137334077,0.2748364646680646,0.6105780149064793,0.2857142857142857,0.3221884498480243,0.6778115501519757,0.5763845889882968,24.642528595473806,3.0,4.0,1.0,,,,0.28465405106544495,0.25905552775790336
OOD,48,dipping_layers,SimPEG L2,0.5249360203742981,0.8609432757638568,0.45450514554977417,-0.15533706545829773,0.1346803033385183,-0.004973609283852891,0.9977194982896237,0.12434741431704623,0.12158148997564981,0.03538302914758597,0.14164791602803864,,,,,,,,,12.799479166666666,11.666666666666668,22.833333333333332,,
OOD,48,dipping_layers,Unconditional,0.5271496772766113,0.864573876353117,0.4352724254131317,-0.14920717477798462,0.17407885728163783,0.03229754600533602,0.7725199543899658,0.1254023097176598,0.11801146504464637,0.05328704545676979,0.5027275730825118,,,,,,,,,7.580729166666666,7.583333333333334,12.333333333333334,0.4085683524608612,0.017328228935138967
OOD,48,dipping_layers,Oracle conditional,0.553309977054596,0.9074791701635193,0.4379110038280487,-0.23693954944610596,0.1530624497775964,0.003642003313882358,0.9247434435575826,0.1225309471058663,0.11854477137315167,0.07213619871684895,0.3643453908694848,,,,,,,,,7.052083333333333,6.5,13.666666666666666,0.34488844871520996,-0.024151387873883465
OOD,48,dipping_layers,Equal mixture,0.5536782145500183,0.9080831134694901,0.4449516832828522,-0.20961444079875946,0.05468830126822484,-0.0006047435963880724,0.9241733181299886,0.12490515468522019,0.11887001579673152,0.055580451524794044,0.3633234663950274,,,,,,,,,8.486979166666668,9.333333333333334,12.833333333333334,0.2804471552371979,0.2774039105508602
OOD,49,faulted_layers,SimPEG L2,0.7377701997756958,1.140199829491362,0.6086926460266113,0.3006479740142822,-0.052396097257926044,-0.05914478140567142,0.4938897168405365,0.20469185897480582,0.19570828542712923,0.07472863164081123,0.1496330544898423,,,,,,,,,13.481770833333332,13.916666666666668,24.0,,
OOD,49,faulted_layers,Unconditional,0.7372194528579712,1.1393486680567129,0.6089388132095337,0.24801921844482422,-0.09535971402595919,-0.0353403448191691,0.481371087928465,0.20834288277743154,0.1907977686588833,0.056941338631743055,0.26645166725047426,,,,,,,,,11.1171875,9.666666666666668,26.0,0.43671268224716187,0.008581636053719284
OOD,49,faulted_layers,Oracle conditional,0.6388773918151855,0.9873642137281101,0.5647189617156982,0.10653674602508545,0.25715914022742753,-0.017008513686850583,0.5293591654247392,0.20403521166839889,0.186181857115082,0.10050956393246067,0.35442724566587447,,,,,,,,,8.484375,6.833333333333333,26.0,0.5461388230323792,0.07774681872859147
OOD,49,faulted_layers,Equal mixture,0.6706387996673584,1.0364504357366209,0.5636044144630432,0.17668920755386353,0.12454766499765327,0.022206817542869885,0.5698956780923994,0.2052964834864609,0.19182658091323773,0.10347553076822597,0.2186069181887889,,,,,,,,,8.309895833333332,6.25,27.0,0.379896342754364,0.14388763269810306
OOD,50,horizontal_layers,SimPEG L2,0.4629031717777252,0.8325893029438881,0.4151450991630554,-0.053850919008255005,0.1462565358629649,0.010731250271397775,1.0,0.10061016276206362,0.09888848972341843,0.010218900828898507,0.11420213186239997,,,,,,,,,23.166666666666668,24.333333333333332,25.333333333333332,,
OOD,50,horizontal_layers,Unconditional,0.3262074887752533,0.5867250048242887,0.27889907360076904,-0.05457765609025955,0.841939714661784,0.11345633051489568,1.0,0.09706897638043246,0.09440339349351275,0.12973080553082816,0.7026670116626862,,,,,,,,,4.567708333333334,2.916666666666667,11.5,0.47665584087371826,0.759177888567067
OOD,50,horizontal_layers,Oracle conditional,0.5210275053977966,0.9371331932502841,0.4410838484764099,-0.13310101628303528,-0.39838829730883585,-0.12407179117492538,0.8146406984553392,0.10586752744446101,0.0933830368029249,0.26163287941492586,0.4169337011884588,,,,,,,,,5.903645833333334,6.583333333333334,11.0,0.3475721478462219,0.7987446629099845
OOD,50,horizontal_layers,Equal mixture,0.4679540991783142,0.841674028173846,0.3601316809654236,-0.180060014128685,0.3911107729892937,0.15706172733237292,1.0,0.10124701933318138,0.0936427271837607,0.16036895485305624,0.5514778359167817,,,,,,,,,5.9921875,4.666666666666667,18.0,0.4033278226852417,0.514002860659904
OOD,51,blobs,SimPEG L2,0.18701428174972534,0.9164303723227764,0.09856823831796646,-0.05287100747227669,0.40563714747083657,0.3160487763603193,1.0,0.02560004905130135,0.025587598455188418,-0.43829263305022215,0.050583104885497984,0.0,0.0,1.0,,,1.0,0.0,1.0,,,,,
OOD,51,blobs,Unconditional,0.14037764072418213,0.6878957711198658,0.07121860980987549,-0.03436866030097008,0.7469083161099226,0.5413343402457343,1.0,0.023692753575276584,0.01821800061181172,0.5929496683601658,0.6073635098604628,0.1765873015873016,0.2277432712215321,0.772256728778468,0.11558095025993141,48.636431717261914,1.0,1.0,0.0,,,,0.13210661709308624,0.7130240718913644
OOD,51,blobs,Oracle conditional,0.09597121924161911,0.47028996587313826,0.0562053918838501,-0.011041445657610893,0.876141898055476,0.6650181495263335,1.0,0.015424080324491477,0.012563679738902277,0.8845920521852608,0.654205945924955,0.5310734463276836,0.6832298136645962,0.3167701863354037,0.05279309601304873,16.32977354302504,1.0,1.0,0.0,,,,0.07848460227251053,0.7687789364605103
OOD,51,blobs,Equal mixture,0.14828287065029144,0.7266339505610311,0.08293864876031876,-0.029813174158334732,0.7028460864568664,0.4383507744271452,1.0,0.02341587840061448,0.019317585410963966,0.6131756927282861,0.46798035300509194,0.0,0.0,1.0,,,1.0,0.0,1.0,,,,0.11573999375104904,0.7225400448591102
OOD,52,dykes,SimPEG L2,0.2213144600391388,0.9881550431085587,0.14430537819862366,-0.0380081906914711,0.15922968079695532,0.14273194359446437,1.0,0.10768154414805174,0.10382324309257956,0.22941685642389753,0.24758810485000085,0.09006211180124224,0.25357142857142856,0.7464285714285714,0.3564793031382682,32.47313912253865,1.0,1.0,0.0,,,,,
OOD,52,dykes,Unconditional,0.2326175570487976,1.0386226551699864,0.12987655401229858,-0.019403738901019096,0.10731057595441397,0.23436266743090653,0.9535714285714286,0.11163232810665058,0.10086137783607636,0.2714356804832793,0.4818300423828265,0.06937799043062201,0.5964285714285714,0.4035714285714286,0.2642689797009648,24.36042266564674,1.0,1.0,0.0,,,,0.17367692291736603,0.8296651689859214
OOD,52,dykes,Oracle conditional,0.2257671356201172,1.0080359574866433,0.11660914868116379,-0.020889269188046455,0.2545325125733806,0.3933568135952694,1.0,0.11093706748049827,0.09611205445295389,0.3909381855133255,0.5622574269730564,0.15764705882352942,0.7571428571428571,0.24285714285714285,0.1931728771871613,10.609625097233279,1.0,1.0,0.0,,,,0.09736964106559753,0.8072049181025499
OOD,52,dykes,Equal mixture,0.21098445355892181,0.9420322186127471,0.11337264627218246,0.005157381296157837,0.2561540166086306,0.2219803769034175,0.9678571428571429,0.10898404759049084,0.09998117132786856,0.2919073270390803,0.551830524935161,0.1111111111111111,0.21428571428571427,0.7857142857142857,0.35354762361876224,18.969655513829327,1.0,1.0,0.0,,,,0.3099343180656433,0.40389034149607816
OOD,53,intrusions,SimPEG L2,0.14929406344890594,0.9485255705427287,0.06891372799873352,-0.005374114960432053,0.29918136277176804,0.2046737263350103,1.0,0.046522849709500345,0.04643434330962079,-0.024130278988058917,0.14784243048272147,0.0,0.0,1.0,,,1.0,0.0,1.0,,,,,
OOD,53,intrusions,Unconditional,0.18642018735408783,1.1844028522355443,0.099483422935009,-0.047855719923973083,0.3249503536698587,0.42123070276538493,1.0,0.04773153499672631,0.044372892459451266,0.28513067645041057,1.42311142470078,0.1450381679389313,2.9473684210526314,1.9473684210526316,0.1752103314510304,51.725274711305964,1.0,1.0,0.0,,,,0.11747344583272934,0.7829011092946595
OOD,53,intrusions,Oracle conditional,0.23023056983947754,1.462747932292068,0.11207027733325958,-0.04809897765517235,0.10828469104112193,0.4364630655986712,0.5947368421052631,0.056734203310308366,0.05084661371345676,0.10864407823739985,1.455378687869532,0.0707482993197279,3.142105263157895,2.142105263157895,0.16202207721325632,30.43215150224,1.0,1.0,0.0,,,,0.10316133499145508,0.6627762169043329
OOD,53,intrusions,Equal mixture,0.15409250557422638,0.9790120142062673,0.0798509269952774,-0.020224502310156822,0.21863273807917272,0.28548359269245144,1.0,0.047340266387038046,0.04461370778698029,0.2206698407106242,0.8565876821338219,0.0,0.021052631578947368,0.9789473684210527,0.10860499042545191,40.5635509242269,1.0,1.0,0.0,,,,0.17110969126224518,0.7484436011527577
OOD,54,intrusions,SimPEG L2,0.38739797472953796,1.1925518576136136,0.3161657452583313,-0.24459780752658844,0.49864869421754227,0.11687127156000228,1.0,0.054304663068462156,0.051943580546283896,0.43858020223424593,1.4031724186580221,0.23921240050272308,3.9630872483221475,2.9630872483221475,0.27197948647808323,84.64829001833522,1.0,1.0,0.0,,,,,
OOD,54,intrusions,Unconditional,0.16574349999427795,0.5102187716483364,0.11707361042499542,-0.04681538790464401,0.8476488784717079,0.24625837626766456,1.0,0.05046468248273154,0.04873322598798569,0.5449809619222064,1.437628111304584,0.8222222222222222,0.9261744966442953,0.0738255033557047,0.012788594920146829,5.300658911324684,1.0,2.0,1.0,,,,0.24290788173675537,0.8283837814969588
OOD,54,intrusions,Oracle conditional,0.07616979628801346,0.23447833489769393,0.021659012883901596,-0.013389899395406246,0.9695765062104255,0.8987653682228663,1.0,0.03422190183525558,0.03280180039452734,0.8296567006805203,1.1881892370711336,0.8748159057437408,1.1359060402684564,0.13590604026845637,0.017550299074728992,19.52669310230141,1.0,1.0,0.0,,,,0.052723050117492676,0.395560318665449
OOD,54,intrusions,Equal mixture,0.15116626024246216,0.46534472614759864,0.10289595276117325,-0.047523368149995804,0.8777342802271307,0.2593385776714805,1.0,0.04734213785615323,0.04550783391817798,0.6327172872657785,1.496554031208689,0.6547486033519553,1.4848993288590604,0.4848993288590604,0.061806206136624894,58.48299874159468,1.0,1.0,0.0,,,,0.35123735666275024,0.3916390846156529
OOD,55,blobs,SimPEG L2,0.20688432455062866,0.7309428939117206,0.14109376072883606,-0.042772747576236725,0.6855805091898247,0.1472728711703604,1.0,0.034457525597051133,0.03285982703917853,0.04411093930802058,0.18311995915011753,0.0,0.0,1.0,,,1.0,0.0,1.0,,,,,
OOD,55,blobs,Unconditional,0.23711766302585602,0.8377602855420238,0.14425504207611084,-0.038141775876283646,0.5878773415277503,0.40394147675921305,0.9344073647871116,0.05357410200889155,0.04237571985015872,0.4129202236048954,0.7865329871379966,0.34951456310679613,0.5995397008055235,0.4004602991944764,0.10851475829584367,43.1499287169244,1.0,1.0,0.0,,,,0.1556568145751953,0.424708445278228
OOD,55,blobs,Oracle conditional,0.18823875486850739,0.6650662418662577,0.11561653017997742,-0.024377960711717606,0.7222285285132288,0.48200161464227675,0.9482163406214039,0.03595542830000426,0.022571276273110296,0.6174697601310617,0.6886689546560664,0.45943304007820135,0.7180667433831991,0.2819332566168009,0.07481921555398954,7.9024161706007074,1.0,1.0,0.0,,,,0.035873062908649445,0.37862393037130276
OOD,55,blobs,Equal mixture,0.18404631316661835,0.6502539283824248,0.11396868526935577,-0.05814296007156372,0.7192096387505523,0.3498548902760447,0.9781357882623706,0.034052206867824196,0.02584545653503056,0.4945188652657405,0.48785535772616473,0.416,0.6294591484464902,0.3705408515535098,0.0693576254702004,4.8045723760637,1.0,1.0,0.0,,,,0.17719310522079468,0.44087128741566856
OOD,56,horizontal_layers,SimPEG L2,0.43833211064338684,0.8373533889960221,0.40608787536621094,-0.03958950564265251,0.07926857763825094,0.008151860690402475,1.0,0.16233218850139247,0.160164767942493,-0.012708687204160083,0.08017294630040682,,,,,,,,,14.885416666666664,13.333333333333334,20.333333333333332,,
OOD,56,horizontal_layers,Unconditional,0.45924562215805054,0.8773048306481217,0.4029846489429474,-0.04809323698282242,0.04230078029773043,-0.0056767193122409625,0.9778516057585825,0.16546537026565936,0.15688256092425512,-0.06843860040951087,0.3642166049064283,,,,,,,,,7.2734375,7.333333333333333,10.0,0.4187607169151306,0.0839768643014399
OOD,56,horizontal_layers,Oracle conditional,0.5005242824554443,0.9561601671702482,0.4212830066680908,-0.1880287230014801,-0.14266895861860682,-0.07905168832537765,0.7259136212624585,0.16585265962944312,0.15577169777103028,0.03450965864530665,0.25530696770372147,,,,,,,,,8.263020833333334,7.5,18.333333333333332,0.34764739871025085,-0.3662010362016655
OOD,56,horizontal_layers,Equal mixture,0.4589995741844177,0.8768348009615569,0.39445531368255615,-0.12853318452835083,0.1312141029727563,-0.00259747061469814,0.8887043189368771,0.1637666585636679,0.15632119740960954,0.02928853261892851,0.23757080055778354,,,,,,,,,7.320312499999999,7.333333333333333,12.333333333333334,0.26949453353881836,0.04573659987854063
OOD,57,blobs,SimPEG L2,0.2551923990249634,0.9010826352694266,0.18994095921516418,0.084685780107975,0.39869005836847066,0.1675249428712149,1.0,0.03156823681923305,0.02903817521499282,0.23841668532306712,0.33010950818006474,0.36466165413533835,0.5020689655172413,0.4979310344827586,0.08911309622334777,82.64534787479872,1.0,1.0,0.0,,,,,
OOD,57,blobs,Unconditional,0.2362552136182785,0.834215561657363,0.1556386798620224,0.08856500685214996,0.573648031812804,0.3018062241593565,1.0,0.03204994812326314,0.022401140734785007,0.5415172566407612,0.9241688790417373,0.46755407653910147,1.433103448275862,0.43310344827586206,0.09605646422992493,74.1832232153316,1.0,5.0,4.0,,,,0.3639633059501648,0.6690295289789533
OOD,57,blobs,Oracle conditional,0.19120284914970398,0.6751359673764586,0.127308189868927,0.06638999283313751,0.8210571173262703,0.4359121994109874,1.0,0.029859356452827085,0.02204911411799981,0.6694176709928119,0.932389775578675,0.6641550053821313,1.1324137931034484,0.13241379310344828,0.044506129397817444,81.39945698169151,1.0,1.0,0.0,,,,0.035106368362903595,0.2466971117449577
OOD,57,blobs,Equal mixture,0.19489888846874237,0.6881866572182542,0.12717127799987793,-0.001217041164636612,0.6713006144064922,0.219407490363341,0.9517241379310345,0.035136384488423336,0.024148375818118174,0.4432148885660583,0.7948346722304829,0.473753280839895,0.5489655172413793,0.4510344827586207,0.08734982277708019,37.5976533373786,1.0,1.0,0.0,,,,0.34432709217071533,0.41285403362490064
OOD,58,dykes,SimPEG L2,0.21487957239151,0.9859226805117548,0.12593874335289001,-0.024073097854852676,0.13169279236235576,0.21976360154890148,1.0,0.12736934993843593,0.1241438026544709,0.20437660298593996,0.17658037215571348,0.05734767025089606,0.15234375,0.84765625,0.4239821268724356,33.460823182442184,1.0,1.0,0.0,,,,,
OOD,58,dykes,Unconditional,0.26092851161956787,1.1972070436234319,0.13627593219280243,-0.0219667199999094,-0.05002022749395629,0.30345539754553574,0.890625,0.13457642558147823,0.12439733352821276,0.12526122308413204,0.49928158573773684,0.025974025974025976,1.16015625,0.16015625,0.2583153351292638,27.083010671962615,1.0,1.0,0.0,,,,0.15844964981079102,0.7944952259750054
OOD,58,dykes,Oracle conditional,0.19485753774642944,0.894056441916443,0.09347382187843323,-0.002422572113573551,0.3707491749843724,0.35443830229798606,1.0,0.12219210519545497,0.1163348774760677,0.3810454189246084,0.38089720342078354,0.14625850340136054,0.31640625,0.68359375,0.3609698669398315,9.365174107627073,1.0,1.0,0.0,,,,0.11554170399904251,0.9100739142109925
OOD,58,dykes,Equal mixture,0.22325710952281952,1.0243609730523713,0.11879152059555054,-0.003387174569070339,0.04749089677499446,0.23247301242403567,0.66015625,0.126327355886751,0.12220075519136024,0.20612696696456265,0.36880443668647794,0.0594059405940594,0.25390625,0.74609375,0.3462655963967092,35.077480216749194,1.0,2.0,1.0,,,,0.230983167886734,0.546272672735109
OOD,59,dykes,SimPEG L2,0.18007035553455353,0.9422612663506384,0.08539406955242157,-0.022715184837579727,0.18683038215475364,0.26909632446714105,1.0,0.0833086655244677,0.083024032233291,-0.06366603401503684,0.03903298785892362,0.0,0.0,1.0,,,1.0,0.0,1.0,,,,,
OOD,59,dykes,Unconditional,0.19832076132297516,1.037760886032965,0.10938648879528046,0.002468337304890156,0.07054178784740744,0.4153116049074531,0.8427299703264095,0.08411523665115203,0.07794371683740038,0.3239665943700196,0.3128489766161107,0.001838235294117647,0.6172106824925816,0.3827893175074184,0.13224323472629612,34.59604800559944,1.0,2.0,1.0,,,,0.14142662286758423,0.8699455094742974
OOD,59,dykes,Oracle conditional,0.2042139321565628,1.0685983139704658,0.11027627438306808,0.009131768718361855,0.040519811497290545,0.47112855877488297,1.0,0.08806256560385835,0.07884532196080717,0.18207004309567837,0.42399043785382146,0.006872852233676976,0.7388724035608308,0.26112759643916916,0.23023883893380237,26.4066886283847,1.0,1.0,0.0,,,,0.10416019707918167,0.8294205392855626
OOD,59,dykes,Equal mixture,0.20035696029663086,1.0484157848793803,0.10336177051067352,-0.01847829669713974,-0.10078102311067073,0.340736683488861,0.7299703264094956,0.08494572914555105,0.0813558930390632,0.03036083558509837,0.2532050810910053,0.0,0.24925816023738873,0.7507418397626113,0.192328811143114,34.51546543723267,1.0,1.0,0.0,,,,0.12071225047111511,0.680696362370136
OOD,60,faulted_layers,SimPEG L2,0.3794229328632355,0.7791369747139065,0.35837316513061523,-0.007691673934459686,0.07326033269827008,0.2367770348262886,1.0,0.07494680310615669,0.0741917900870375,0.0014012088124888535,0.19256627245520255,,,,,,,,,15.65625,17.0,27.0,,
OOD,60,faulted_layers,Unconditional,0.26413694024086,0.5423996250738818,0.17377474904060364,0.001894921064376831,0.7193241456847723,0.30490287741305605,1.0,0.08676489215579584,0.0846785286637067,-0.10200642088849111,1.1808531246237544,,,,,,,,,7.088541666666668,7.083333333333333,13.0,0.3926629424095154,0.11959301372656107
OOD,60,faulted_layers,Oracle conditional,0.44622454047203064,0.9163126642948599,0.35302937030792236,0.11844759434461594,-0.008963677891517214,0.13839782923924737,0.6757787666878576,0.09150435761007614,0.07716958984679817,0.027685186527689455,1.2826513198509732,,,,,,,,,7.114583333333333,7.75,11.333333333333334,0.54453444480896,0.387389045561315
OOD,60,faulted_layers,Equal mixture,0.3201376795768738,0.6573959598993555,0.26192545890808105,0.09091271460056305,0.660035663226122,0.2641484534025791,1.0,0.07321105924510511,0.06944856961675654,0.2091759993092353,0.7270750602465025,,,,,,,,,7.520833333333334,6.833333333333334,20.166666666666668,0.4238014817237854,0.5096731707039045
OOD,61,horizontal_layers,SimPEG L2,0.5302214622497559,0.8221721139467975,0.43558064103126526,-0.24501514434814453,0.3963105961943242,-0.02160529671273862,1.0,0.07269273515147523,0.06986514551282326,0.1216422184356306,0.18067733963760413,,,,,,,,,29.546875,33.0,35.0,,
OOD,61,horizontal_layers,Unconditional,0.5863816738128662,0.9092552728680263,0.4824489951133728,-0.18394556641578674,-0.0720769955984964,0.0012227654891698021,1.0,0.08200435658225944,0.07383809397358536,-0.014653653747857641,1.0276691718636137,,,,,,,,,13.473958333333332,11.833333333333332,25.0,0.28476396203041077,0.5875831752530385
OOD,61,horizontal_layers,Oracle conditional,0.5682815313339233,0.881188826177038,0.4365745186805725,-0.3113633990287781,0.2571857457463423,0.055399222765670234,0.9911942762795817,0.07134595836521404,0.06929545316681202,0.019885002419273795,0.603205371059925,,,,,,,,,12.869791666666666,13.5,20.833333333333332,0.28745579719543457,0.3813627093798386
OOD,61,horizontal_layers,Equal mixture,0.644498348236084,0.9993721626358485,0.5103707909584045,-0.31258827447891235,-0.45476838037748174,-0.07857953431249641,0.7000550357732526,0.07778078443654834,0.06763519930519953,0.14620153451559376,0.722017022878566,,,,,,,,,7.299479166666666,6.833333333333333,15.166666666666666,0.3192734122276306,0.2478112287030414
OOD,62,faulted_layers,SimPEG L2,0.37297725677490234,0.895864448089134,0.31564250588417053,-0.035959139466285706,0.2078107523237398,-0.0012309113250483473,0.794927853082641,0.14487974748265062,0.1403951706466647,0.03296980625995075,0.1181549190262286,,,,,,,,,14.091145833333332,8.5,35.166666666666664,,
OOD,62,faulted_layers,Unconditional,0.3765023350715637,0.9043314317063561,0.3150048851966858,-0.02825603261590004,0.2327133660149879,-0.018156532956414815,0.6891123742894621,0.14645185081180725,0.13532512898548957,0.05300573758269854,0.29138800163433093,,,,,,,,,9.919270833333334,9.583333333333332,33.5,0.29764077067375183,-0.18345372010775493
OOD,62,faulted_layers,Oracle conditional,0.3845105469226837,0.9235665785145548,0.3085384666919708,-0.0922631174325943,0.17668953065727458,-0.03554398182302209,0.7455181460428509,0.1441409561535438,0.1382274190893658,0.0643381965391439,0.18279210611525806,,,,,,,,,11.778645833333334,10.166666666666666,35.166666666666664,0.2509244680404663,-0.17326934818573136
OOD,62,faulted_layers,Equal mixture,0.3847730755805969,0.9241971534007092,0.3093951344490051,-0.08993891626596451,0.1804932909728763,-0.005987496648916415,0.7442063839090511,0.14358912421461062,0.13753427983893202,0.0905145610646345,0.1889423828538258,,,,,,,,,10.783854166666666,9.833333333333332,34.333333333333336,0.2897700369358063,-0.021158061552900766
OOD,63,dykes,SimPEG L2,0.23432862758636475,0.8941684660314388,0.1559234857559204,-0.030045101419091225,0.36122514323803245,0.10397383884665917,1.0,0.11082794077398733,0.10849669571096565,0.21559808486402068,0.33714843424982693,0.145933014354067,0.32320441988950277,0.6767955801104972,0.3124693544523044,21.977920459985,1.0,1.0,0.0,,,,,
OOD,63,dykes,Unconditional,0.20418627560138702,0.7791490554088354,0.10904526710510254,-0.008593244478106499,0.5729794367568939,0.39698726879307555,1.0,0.1010256761930716,0.09869508429006549,0.44724805016309865,0.5711493944769928,0.2935560859188544,0.4972375690607735,0.5027624309392266,0.22975194991477793,5.286843825332842,1.0,2.0,1.0,,,,0.16581767797470093,0.9417921727931553
OOD,63,dykes,Oracle conditional,0.18086545169353485,0.6901597349187986,0.10259779542684555,-0.02122459188103676,0.6928257861613866,0.46585825064688785,1.0,0.09340592756551622,0.08940865291102525,0.603321902732805,0.6953101910113867,0.5697674418604651,0.8646408839779005,0.13535911602209943,0.10015723786590576,2.031648801551442,1.0,1.0,0.0,,,,0.14459620416164398,0.8292516385132689
OOD,63,dykes,Equal mixture,0.20913250744342804,0.79802325180724,0.11300897598266602,0.012259669601917267,0.5483966359965777,0.23513730073967706,1.0,0.10634133325273301,0.10293031111737538,0.3561815708932416,0.5663236363400134,0.2141119221411192,0.3784530386740331,0.6215469613259669,0.284172282668624,8.719740037059928,1.0,1.0,0.0,,,,0.2652438282966614,0.6393181849074214
OOD,64,horizontal_layers,SimPEG L2,0.6022612452507019,0.9130288869682215,0.4839218258857727,0.33142441511154175,0.3939017537046119,-0.265859209140595,1.0,0.0732396736025102,0.0718567476710884,0.06721918440864504,0.18941224082365657,,,,,,,,,25.794270833333336,27.666666666666668,33.0,,
OOD,64,horizontal_layers,Unconditional,0.5427522659301758,0.8228131914007313,0.42618799209594727,0.30726778507232666,0.7108869384625089,0.020973243286946844,0.972035214914552,0.07091180959185471,0.06966945578248711,0.15848983610635164,0.7302032217715426,,,,,,,,,12.924479166666666,8.25,31.0,0.2267337590456009,0.6736105852051666
OOD,64,horizontal_layers,Oracle conditional,0.6562011241912842,0.9948018185999419,0.5131604075431824,0.41252976655960083,0.16815684519992286,-0.06896871002952684,0.5701708959088555,0.07219790175099125,0.0714407199559176,0.03592308904637127,0.7916368747636617,,,,,,,,,11.924479166666668,11.083333333333332,21.666666666666668,0.3217266798019409,0.40610010585865436
OOD,64,horizontal_layers,Equal mixture,0.6013622879981995,0.9116660665208546,0.47896379232406616,0.3319662809371948,0.29047785476464516,-0.1935727044638301,1.0,0.07207619937438374,0.06994924849533225,0.1885694059044802,0.4374941187005712,,,,,,,,,11.625,8.5,31.0,0.16984057426452637,0.6441929697797939
OOD,65,blobs,SimPEG L2,0.24306119978427887,1.035368247653649,0.20058535039424896,-0.08387733995914459,0.11283924223175282,0.05113368009654885,1.0,0.031051809292907077,0.025576122109064785,0.2682315140167606,0.39294736426537147,0.10606060606060606,0.42065868263473055,0.5793413173652695,0.2784122522001905,45.60716095470173,2.0,1.0,1.0,,,,,
OOD,65,blobs,Unconditional,0.29469504952430725,1.255313054033243,0.22255149483680725,-0.07294946908950806,0.11938352355091314,-0.12242888602958638,0.9985029940119761,0.05359471423795411,0.03866926848032019,0.13104981693139825,1.0859407498094562,0.13256006628003314,1.0464071856287425,0.04640718562874251,0.2294463201287047,38.56007906534958,2.0,1.0,1.0,,,,0.24147377908229828,0.5466859054120945
OOD,65,blobs,Oracle conditional,0.31065523624420166,1.3232986912763245,0.19104567170143127,-0.03030170314013958,0.23640048680097075,0.2808701467661643,0.7619760479041916,0.04679855151764426,0.028005825116105762,0.3219153107174348,1.0166135387753241,0.16831683168316833,1.1197604790419162,0.11976047904191617,0.23230470779237444,18.984451262981754,2.0,1.0,1.0,,,,0.02690923400223255,0.47719537715022864
OOD,65,blobs,Equal mixture,0.22861358523368835,0.9738257169112011,0.1521061211824417,0.003158136736601591,0.2939017848399873,0.1421212668396966,0.812874251497006,0.0436790159801511,0.02767903352591496,0.15442350824910156,1.0113424080285958,0.1372745490981964,0.6991017964071856,0.3008982035928144,0.23952921427405013,18.831226125676114,2.0,2.0,0.0,,,,0.3552914261817932,0.26131991877846805
OOD,66,blobs,SimPEG L2,0.2401573210954666,0.8838479753963328,0.1598048210144043,-0.020782168954610825,0.4875833328606531,0.17053186825196653,0.7912341407151096,0.04107678013477032,0.04034380362789335,-0.3298508370843354,0.09668731908880261,0.0,0.0,1.0,,,3.0,0.0,3.0,,,,,
OOD,66,blobs,Unconditional,0.22640615701675415,0.8332397387834609,0.1426815539598465,-0.004647665191441774,0.5607044208159804,0.3450068714870432,0.8569780853517878,0.05127735523729164,0.04008686202948292,0.3571937121739275,0.6226815622698318,0.23641563393708293,0.49596309111880044,0.5040369088811996,0.05283596258905296,89.87407934280493,3.0,1.0,2.0,,,,0.1789882779121399,0.5055700257701615
OOD,66,blobs,Oracle conditional,0.2269524484872818,0.8352502484277212,0.1425091028213501,0.004688842687755823,0.53848253625828,0.4000803716010737,0.8465974625144176,0.04278541160914347,0.028881530587468406,0.5107297686570733,0.5567421471127597,0.2275132275132275,0.6055363321799307,0.3944636678200692,0.0826765342428688,44.5587715849598,3.0,1.0,2.0,,,,0.044964563101530075,0.6055625337231925
OOD,66,blobs,Equal mixture,0.21254083514213562,0.7822113686667383,0.13940976560115814,-0.0134417824447155,0.5957592774274828,0.25062477872117356,0.8212226066897347,0.03976074402030437,0.03170342890972619,0.4646582397629836,0.38966194717937214,0.1434468524251806,0.2779700115340254,0.7220299884659747,0.0751622202133442,65.98515665864,3.0,1.0,2.0,,,,0.1945071816444397,0.44638903418306514
OOD,67,blobs,SimPEG L2,0.2131652981042862,0.9414302996927397,0.12353150546550751,0.06408625096082687,0.19202491385099046,0.14487554796860366,1.0,0.02929694460140118,0.028837261656840203,-0.16258479425805095,0.06190795734675343,0.0,0.0,1.0,,,1.0,0.0,1.0,,,,,
OOD,67,blobs,Unconditional,0.2505786418914795,1.1066638333275312,0.15809617936611176,0.019759973511099815,0.1208391328512688,0.16028196966128702,0.6608315098468271,0.04115937572552323,0.026289636760666847,0.26287848554559323,0.723673864029366,0.09025270758122744,0.9824945295404814,0.0175054704595186,0.16021608027356438,29.623958107245077,1.0,1.0,0.0,,,,0.09528406709432602,0.6217427128943874
OOD,67,blobs,Oracle conditional,0.24085679650306702,1.0637279525862764,0.15249210596084595,0.024187210947275162,-0.03292555053618423,0.21275646251844582,0.8424507658643327,0.035590239424682105,0.025083785151989394,0.15257772792925836,0.47677948615206456,0.0,0.5185995623632386,0.4814004376367615,0.21774684481265297,36.9200976079188,1.0,1.0,0.0,,,,0.0764499083161354,0.47191387181797045
OOD,67,blobs,Equal mixture,0.21240639686584473,0.9380786630675626,0.13442263007164001,0.03213059529662132,0.13191913197624486,0.2409336846506006,0.9693654266958425,0.032210047903623786,0.024983218096828283,0.17150295049422842,0.39091371149784443,0.0,0.0,1.0,,,1.0,0.0,1.0,,,,0.13988038897514343,0.5925943163931707
OOD,68,horizontal_layers,SimPEG L2,0.5724486112594604,0.9952275348287368,0.43464529514312744,0.2436085343360901,0.03151168227329619,0.0461656432774499,0.5675133689839572,0.1668175819532484,0.16530654434229683,-0.011875795242489936,0.04571000009254756,,,,,,,,,16.395833333333336,16.166666666666668,19.833333333333332,,
OOD,68,horizontal_layers,Unconditional,0.5749063491821289,0.99950042222146,0.45042550563812256,0.2183367908000946,0.0681632347443216,0.03283324981579852,0.4699197860962567,0.1680094264386663,0.15981377037935385,0.04819373453905,0.2101130636089099,,,,,,,,,10.3359375,8.916666666666668,19.833333333333332,0.18427956104278564,0.07851448960129856
OOD,68,horizontal_layers,Oracle conditional,0.5715846419334412,0.9937254854821412,0.43629252910614014,0.24454906582832336,0.07328483162167859,0.016892961110007765,0.571524064171123,0.16634418401064596,0.16363500351742044,0.0812862887306043,0.07649224690462665,,,,,,,,,11.700520833333334,10.333333333333332,19.833333333333332,0.13562920689582825,-0.2365239504756936
OOD,68,horizontal_layers,Equal mixture,0.5625669956207275,0.9780479037163053,0.4324408769607544,0.23663857579231262,0.2120829124349777,0.01672900778608387,0.7573529411764706,0.1662218711190972,0.16353585556074163,-0.00012024168562119591,0.09553922256818885,,,,,,,,,11.677083333333332,11.25,19.0,0.1397867351770401,-0.17018579355617128
OOD,69,faulted_layers,SimPEG L2,0.6691340208053589,1.0624813908275448,0.5802630186080933,0.22520509362220764,-0.03181184488563513,-0.00853017524648481,0.5162866449511401,0.14624736871410715,0.14170948807657918,-0.042391121142358774,0.14962376108089007,,,,,,,,,24.182291666666664,24.0,35.0,,
OOD,69,faulted_layers,Unconditional,0.7422853112220764,1.1786343323402764,0.640501856803894,0.21795162558555603,-0.06411543525334869,-0.04885018990041083,0.43946796959826273,0.15278160444881225,0.13875134426399344,-0.01553452978826248,0.4216379078474525,,,,,,,,,13.338541666666668,12.25,30.0,0.3519422709941864,0.468513244225036
OOD,69,faulted_layers,Oracle conditional,0.6071041822433472,0.9639875957147939,0.5428193211555481,0.1491815596818924,0.2614668712034035,0.026642776387412546,0.5950054288816504,0.1441875155307189,0.13450088431736384,0.12422651616817083,0.3560994322137784,,,,,,,,,13.083333333333332,14.416666666666668,22.833333333333332,0.4813048541545868,0.5315931100194597
OOD,69,faulted_layers,Equal mixture,0.6674604415893555,1.059824005733092,0.5761625170707703,0.23130881786346436,0.008239520661642725,-0.0022656290694985826,0.5534744842562432,0.1456663140981087,0.13839977393259378,0.018933691392597735,0.25859933979140537,,,,,,,,,12.588541666666666,11.333333333333334,34.666666666666664,0.29772526025772095,0.3719087900182037
OOD,70,dykes,SimPEG L2,0.2167031615972519,0.9557587001416219,0.0904943123459816,0.03967975825071335,0.24893830500134667,0.2993405653682041,1.0,0.08663172865713803,0.08653145917312695,-0.16840981201351582,0.025249977182133627,0.0,0.0,1.0,,,1.0,0.0,1.0,,,,,
OOD,70,dykes,Unconditional,0.20245899260044098,0.8929354891434754,0.09710802137851715,0.0015541547909379005,0.3714742804627268,0.5595839088759309,1.0,0.0860135030573576,0.08229550328967158,0.27246386041037696,0.2761324118415529,0.1892430278884462,0.7981927710843374,0.20180722891566266,0.04650190800409643,30.28012402676887,1.0,1.0,0.0,,,,0.08971988409757614,0.8764981102159984
OOD,70,dykes,Oracle conditional,0.2083270400762558,0.9188162256611895,0.09442327171564102,0.02387070469558239,0.28060019782420503,0.4543284698447362,1.0,0.08716082595471696,0.08325544648925727,0.21235189579647912,0.25990944836622476,0.0,0.0,1.0,,,1.0,0.0,1.0,,,,0.0842512995004654,0.8420776850129216
OOD,70,dykes,Equal mixture,0.22390097379684448,0.9875042989646404,0.1041092574596405,0.04648597911000252,0.0654839764099288,0.3452630815379748,0.7409638554216867,0.08662637356811102,0.08395729095814297,0.157960659445959,0.24106050334454304,0.0,0.0,1.0,,,1.0,0.0,1.0,,,,0.1547021120786667,0.6739331050844862
OOD,71,intrusions,SimPEG L2,0.3183658719062805,1.2063565018167757,0.25153791904449463,-0.18755248188972473,0.4584004260166164,0.12093796681882589,1.0,0.05166189268804789,0.04869917302955527,0.42966362911719624,1.2460981051044921,0.22069641981363414,3.94831013916501,2.94831013916501,0.2767405582439873,55.76442983250279,1.0,1.0,0.0,,,,,
OOD,71,intrusions,Unconditional,0.18695764243602753,0.7084225647886994,0.14749187231063843,-0.08535531163215637,0.7423343610017983,0.17817046257716943,1.0,0.05144353739641523,0.04962174257434957,0.4333734003366659,1.7073261270436642,0.5072639225181598,1.4751491053677932,0.47514910536779326,0.016976197585033728,3.084988390240296,1.0,5.0,4.0,,,,0.26664525270462036,0.8843259590045216
OOD,71,intrusions,Oracle conditional,0.1796930879354477,0.680895611280452,0.06925120204687119,-0.03603385016322136,0.8222797137897596,0.7789559198934409,0.9542743538767395,0.08116259935260144,0.07865641863438548,0.3062732685538221,1.6167241948522801,0.6682389937106918,1.1093439363817097,0.10934393638170974,0.039881329394740275,80.85740332564153,1.0,1.0,0.0,,,,0.04575130715966225,0.8305967464053486
OOD,71,intrusions,Equal mixture,0.16272543370723724,0.6166015339152556,0.1239713504910469,-0.07344940304756165,0.8086603733629039,0.22682581619163675,1.0,0.049868437602688484,0.04762106841729874,0.4820925530357331,1.5526960606546072,0.6784140969162996,1.2723658051689861,0.27236580516898606,0.03185609953439094,54.489868427450176,1.0,4.0,3.0,,,,0.2804374694824219,0.681636029331581
OOD,72,intrusions,SimPEG L2,0.21924863755702972,0.928384863167989,0.1157074123620987,-0.019877875223755836,0.3204886744684653,0.12841420179909566,1.0,0.06256220443980354,0.06252626041220725,-0.0996441433149406,0.10128826151403611,0.0,0.0,1.0,,,1.0,0.0,1.0,,,,,
OOD,72,intrusions,Unconditional,0.11599612236022949,0.4911731511098102,0.06375967711210251,-0.0023852884769439697,0.8811014824364957,0.4062991461227552,1.0,0.055128360601900676,0.054500273029303034,0.46022760045225436,1.1096855414025806,0.7980997624703088,0.8691358024691358,0.1308641975308642,0.01911564607147052,3.9996094327376244,1.0,1.0,0.0,,,,0.1715574711561203,0.7764662333124681
OOD,72,intrusions,Oracle conditional,0.20038971304893494,0.8485287680787374,0.10727900266647339,0.029080379754304886,0.5191004450115672,0.46145525503983437,1.0,0.06189843609030543,0.06004641560633019,0.22585545838336732,1.030385127905274,0.3436241610738255,1.471604938271605,0.47160493827160493,0.11271208260214034,23.3823149135247,1.0,1.0,0.0,,,,0.13529491424560547,0.8294518211612452
OOD,72,intrusions,Equal mixture,0.20178113877773285,0.8544206112355847,0.12318065017461777,0.01785457879304886,0.437078248774216,0.2401982321583712,1.0,0.06309035577520655,0.060810900291917276,0.13249993699339865,0.7184328196333388,0.2684887459807074,0.9481481481481482,0.05185185185185185,0.11730750378559782,76.12359070751049,1.0,1.0,0.0,,,,0.14461767673492432,0.9049170415752481
OOD,73,intrusions,SimPEG L2,0.27407026290893555,0.8459667593467777,0.2143862247467041,0.05648786202073097,0.4813310365052655,0.12673768700772647,1.0,0.0668951526319494,0.06635749361873491,0.1815601478480445,0.38554154316568634,0.1446886446886447,0.16822429906542055,0.8317757009345794,0.08245197783446265,87.86585575295658,1.0,1.0,0.0,,,,,
OOD,73,intrusions,Unconditional,0.19200989603996277,0.5926727978124734,0.1346982717514038,0.050367437303066254,0.792042558875004,0.3327597908559619,1.0,0.0562707358795436,0.053976597023758406,0.5893232220627824,1.2773361637863903,0.6593707250341997,1.2672897196261683,0.2672897196261682,0.05002175353033007,86.01814166686793,1.0,1.0,0.0,,,,0.35706526041030884,0.8058560477686688
OOD,73,intrusions,Oracle conditional,0.15734679996967316,0.48567896805410865,0.046855535358190536,0.017883092164993286,0.8830784004084553,0.8075264001144375,1.0,0.06971969645432821,0.06770718613868192,0.5556517801604919,1.141170218726653,0.7339449541284404,1.1196261682242992,0.11962616822429907,0.03456782475375147,83.02273659389041,1.0,1.0,0.0,,,,0.017890263348817825,-0.11122191448297632
OOD,73,intrusions,Equal mixture,0.2021728754043579,0.6240426466496025,0.12980207800865173,-0.0038372203707695007,0.8257313112670572,0.3038884001935062,1.0,0.06045328383995143,0.05889533441872212,0.5157352787154023,0.8763075969842836,0.7046632124352331,0.8448598130841122,0.15514018691588785,0.009230071850141242,79.41514006524027,1.0,1.0,0.0,,,,0.2736093997955322,0.4808146427219504
OOD,74,faulted_layers,SimPEG L2,0.6820108294487,1.1257999090091204,0.5636005997657776,0.2937206029891968,-0.002138686320567394,0.016055981885991714,0.44212389380530975,0.1681166038971861,0.1595818112687583,0.026551821746336298,0.15392799342480953,,,,,,,,,20.533854166666664,23.0,33.666666666666664,,
OOD,74,faulted_layers,Unconditional,0.6948480010032654,1.146990315295992,0.5828014612197876,0.24931567907333374,-0.07733931596788032,0.020746801177172643,0.4084955752212389,0.17360505848192223,0.15487012910942466,-0.010194684627582945,0.2812894181276411,,,,,,,,,15.315104166666666,14.5,30.0,0.3776437044143677,0.19794962535963956
OOD,74,faulted_layers,Oracle conditional,0.5056690573692322,0.8347113479637642,0.44093525409698486,0.056907206773757935,0.5506000373835219,0.052379925451305216,0.83929203539823,0.16726584586622698,0.15136063193416435,0.030998188404817568,0.3408208303081865,,,,,,,,,8.9765625,7.583333333333333,21.0,0.5500662326812744,0.18733969471166242
OOD,74,faulted_layers,Equal mixture,0.6302314400672913,1.0403273192244995,0.5209962129592896,0.2207096517086029,0.14517971135424765,0.024779068412690838,0.41557522123893803,0.16801478009991605,0.15683118630481044,-0.04494657651772826,0.2372717359798654,,,,,,,,,13.778645833333334,11.583333333333332,30.166666666666668,0.4178844094276428,0.22407175928153966
OOD,75,blobs,SimPEG L2,0.3201132118701935,1.2604834168983745,0.2769254148006439,0.21197018027305603,0.31962395850918107,0.23078564246940309,1.0,0.025278581461239475,0.016281419760876624,0.6802059541155101,0.8309033537701307,0.22806441012159054,3.035637149028078,2.035637149028078,0.2537101649733387,53.32062767964795,1.0,1.0,0.0,,,,,
OOD,75,blobs,Unconditional,0.1951778680086136,0.7685358081071585,0.16995859146118164,0.09212899953126907,0.6472318443477789,0.17330378002414762,1.0,0.03772637835597834,0.028835594639781387,0.43115439640708314,1.279975061490785,0.5403726708074534,0.8747300215982722,0.12526997840172785,0.07445943898475713,46.98076205131429,1.0,2.0,1.0,,,,0.31282949447631836,0.5105423748577079
OOD,75,blobs,Oracle conditional,0.21760636568069458,0.8568506552714977,0.1314695179462433,0.054427918046712875,0.7634464838446536,0.5004621630047464,0.9600431965442765,0.03593070529719717,0.02838126033359058,0.5307965376170971,1.3802323152667246,0.5073929961089494,1.091792656587473,0.091792656587473,0.06952830640889299,53.03946551574293,1.0,1.0,0.0,,,,0.029082756489515305,0.5741992029809034
OOD,75,blobs,Equal mixture,0.11819290369749069,0.46539845773739996,0.0940932184457779,0.026920940726995468,0.8563957980722057,0.12698553462399395,1.0,0.029999747961227025,0.022846234394739724,0.508113410987298,1.160185861649584,0.6349663784822286,0.838012958963283,0.16198704103671707,0.04676331099198943,41.932021959693316,1.0,1.0,0.0,,,,0.3584570288658142,0.09823602209026946
OOD,76,intrusions,SimPEG L2,0.2390485554933548,0.8398650270891321,0.15685999393463135,0.010254371911287308,0.4933198173359185,0.18119811916895393,1.0,0.05991262043121287,0.05975171880648529,-0.04388453177122235,0.21167317551250944,0.0,0.0,1.0,,,1.0,0.0,1.0,,,,,
OOD,76,intrusions,Unconditional,0.11720515042543411,0.41178457085376285,0.06013888120651245,-0.014684971421957016,0.8969009055985899,0.6177883886646459,1.0,0.05518044077949439,0.053907490948260604,0.4719862418126971,1.209132561989269,0.7388724035608308,0.9763912310286678,0.023608768971332208,0.031187067914890447,5.937656028495309,1.0,1.0,0.0,,,,0.1365875005722046,0.8618914107545748
OOD,76,intrusions,Oracle conditional,0.08570009469985962,0.30109578452834296,0.03790270537137985,-0.009920868091285229,0.963292845833562,0.8377712450943734,1.0,0.04482165449152638,0.044079646859934395,0.708875507328401,1.1930713594270363,0.8973941368078175,0.9645868465430016,0.03541315345699832,0.005909006150762025,3.0443834875108604,1.0,1.0,0.0,,,,0.04949278384447098,0.5305412566964375
OOD,76,intrusions,Equal mixture,0.16615833342075348,0.5837750113632687,0.09174899756908417,0.04206201434135437,0.9059097970298906,0.4982045554164938,1.0,0.05076689703298799,0.050292112952637066,0.6168530668593225,0.8125238059845423,0.6998313659359191,0.6998313659359191,0.30016863406408095,0.006746185307517714,7.843714850028232,1.0,1.0,0.0,,,,0.23898497223854065,0.3821994745074894
OOD,77,horizontal_layers,SimPEG L2,0.4512518644332886,0.9413593112817202,0.3964049816131592,0.00020287185907363892,0.021434492617553095,-0.04632959568892289,0.5459501557632399,0.09642347220502195,0.0955795122957399,-0.08565029823074741,0.08174877211156294,,,,,,,,,26.25,25.666666666666668,29.666666666666668,,
OOD,77,horizontal_layers,Unconditional,0.4512658715248108,0.9413885315621616,0.3623138666152954,0.08929465711116791,0.25896606558406776,0.015670812579119373,0.5432242990654206,0.0960648870622901,0.09075635445510623,0.11141650526668785,0.5725914961056185,,,,,,,,,8.0390625,7.333333333333333,12.833333333333334,0.3513943552970886,0.4442279637571544
OOD,77,horizontal_layers,Oracle conditional,0.48521387577056885,1.012207673631103,0.4133232831954956,-0.06659090518951416,-0.4553035107444477,-0.08783931512255924,0.38746105919003115,0.09829790098245628,0.09222582153318001,0.14543373912166546,0.28409333185951513,,,,,,,,,5.294270833333334,4.833333333333333,13.333333333333334,0.27889347076416016,0.5238638350757227
OOD,77,horizontal_layers,Equal mixture,0.45089757442474365,0.9406202246989829,0.3873138725757599,0.0011210814118385315,0.09711832213714017,0.002159322914247607,0.5459501557632399,0.09618749098282395,0.09361690734101026,-0.04079146070281006,0.3200243398474916,,,,,,,,,9.21875,9.0,21.833333333333332,0.2552797794342041,0.5554567438446039
OOD,78,horizontal_layers,SimPEG L2,0.46030035614967346,0.790341390097888,0.38086217641830444,0.2017132192850113,0.3431482403280148,0.17446000239046305,1.0,0.0812312258004239,0.07884964973460698,0.03438636092373017,0.27381768023723013,,,,,,,,,20.450520833333332,17.833333333333332,37.333333333333336,,
OOD,78,horizontal_layers,Unconditional,0.5593783855438232,0.9604595888638902,0.46190789341926575,0.19640904664993286,-0.2851475511187321,0.14924253796077394,1.0,0.08936647821892525,0.08368590185498417,-0.007614359437052522,1.0529619720069867,,,,,,,,,11.955729166666666,12.166666666666668,19.5,0.245777428150177,0.30202145864430197
OOD,78,horizontal_layers,Oracle conditional,0.6247724890708923,1.072742071367517,0.4720616340637207,0.3561669588088989,-0.3498229487254603,0.019815572411366264,0.4206821873308067,0.08585915397348981,0.0806387155509901,0.02521494405513049,1.218715106484608,,,,,,,,,13.010416666666668,12.166666666666666,23.0,0.4819696247577667,-0.11935627942499398
OOD,78,horizontal_layers,Equal mixture,0.5620524287223816,0.965050953990352,0.4415571689605713,0.27571335434913635,-0.4328796302676454,0.05931441864653352,0.9122902003248511,0.08194580638421602,0.07921097192986433,-0.04901861974147108,0.7098234354938388,,,,,,,,,9.044270833333334,8.75,17.666666666666668,0.32207271456718445,0.4430654406041903
OOD,79,horizontal_layers,SimPEG L2,0.39889705181121826,0.8472777281035615,0.3714110255241394,-0.0448896661400795,0.07462254747893758,0.025253488907120234,1.0,0.14016671658368438,0.13699752089781006,0.05475539946684937,0.0997385280747594,,,,,,,,,14.830729166666668,13.666666666666666,20.833333333333332,,
OOD,79,horizontal_layers,Unconditional,0.4100256562232971,0.870915452725532,0.33893924951553345,-0.02501491829752922,0.1991688334462556,0.057764701600871333,0.9431578947368421,0.1419796198474498,0.13323807705080276,-0.02018324444836509,0.4524695481386478,,,,,,,,,7.6484375,7.583333333333334,12.5,0.41930025815963745,-0.09638849668662847
OOD,79,horizontal_layers,Oracle conditional,0.47026529908180237,0.9988675333718419,0.4164554476737976,-0.1281319111585617,-0.5045492884422689,-0.1350358090654657,0.81,0.14441644844427912,0.1337623634731707,0.025812411188827072,0.30533039386664335,,,,,,,,,11.2578125,10.5,20.166666666666668,0.3154821991920471,-0.2066904898270778
OOD,79,horizontal_layers,Equal mixture,0.4054957926273346,0.8612937908988044,0.35616666078567505,-0.11213319003582001,0.20448415244894683,-0.04796861405119557,0.9878947368421053,0.14022751791822866,0.133983614440089,0.03643537707968143,0.2623692788276109,,,,,,,,,6.375,5.5,14.5,0.28745871782302856,0.1825186695887763
OOD,80,blobs,SimPEG L2,0.2348148226737976,0.8539983015584584,0.14790381491184235,0.10361318290233612,0.6440400681684709,0.39305248750239175,0.9801488833746899,0.02456889324157714,0.02237543030114787,0.10986362389199679,0.2710418297311014,0.0,0.0,1.0,,,1.0,0.0,1.0,,,,,
OOD,80,blobs,Unconditional,0.21503816545009613,0.7820725539108866,0.14989158511161804,0.04361790418624878,0.6963122863380323,0.314388213835437,0.9627791563275434,0.041413290707375774,0.03145280559958757,0.37697019385090474,1.5371082540157903,0.4029163468917882,1.2679900744416874,0.2679900744416873,0.00892882341048025,33.36363836134449,1.0,2.0,1.0,,,,0.2779467701911926,0.6121923614610058
OOD,80,blobs,Oracle conditional,0.24920441210269928,0.906331816080567,0.1733381450176239,0.09779921174049377,0.5878873953062012,0.27710171035011083,0.9007444168734491,0.035165963873614266,0.025621506269085142,0.36334995022062827,1.251685181705252,0.208130081300813,0.8436724565756824,0.15632754342431762,0.13475848350348166,8.808822601020774,1.0,2.0,1.0,,,,0.1059640422463417,0.3344520036759118
OOD,80,blobs,Equal mixture,0.20771411061286926,0.755435690359041,0.13561515510082245,0.08992983400821686,0.7181879056136592,0.4048436741559245,1.0,0.026812140898143693,0.019193918377752,0.19871770945962577,0.6702923900711546,0.03155339805825243,0.05459057071960298,0.9454094292803971,0.1512562343445826,11.556745036917123,1.0,2.0,1.0,,,,0.22080688178539276,0.163146746384715
OOD,81,dykes,SimPEG L2,0.19665266573429108,0.902112604522506,0.11341328173875809,0.023950716480612755,0.37076819566085223,0.234012970375762,1.0,0.10732917859215274,0.10524980639670213,0.24075580199040733,0.2627296724952838,0.12167300380228137,0.19433198380566802,0.805668016194332,0.318642915837852,14.211102727924876,1.0,1.0,0.0,,,,,
OOD,81,dykes,Unconditional,0.18105974793434143,0.8305825917657804,0.0777786523103714,-0.013977261260151863,0.5122851111518412,0.3977837294060148,0.7368421052631579,0.10049937549819944,0.09623996452316019,0.4470932000729985,0.5189643608062852,0.3174061433447099,0.562753036437247,0.43724696356275305,0.20350886408069763,5.7702012914170995,1.0,1.0,0.0,,,,0.15873411297798157,0.7806249842656225
OOD,81,dykes,Oracle conditional,0.16822709143161774,0.7717148355755011,0.07236909866333008,0.0019524649251252413,0.6025900685747823,0.4984389664901524,1.0,0.09586897452787203,0.09070192996995503,0.5381975258496998,0.5891366296668412,0.3192307692307692,0.38866396761133604,0.611336032388664,0.24291312723605277,2.6386322514230818,1.0,1.0,0.0,,,,0.10479600727558136,0.9001488082927304
OOD,81,dykes,Equal mixture,0.17960669100284576,0.8239169258410572,0.08351815491914749,-8.549191989004612e-05,0.5445638716475361,0.3124494552784119,1.0,0.10122952542530178,0.0984904537414825,0.4268577138597348,0.43809698978844436,0.13043478260869565,0.15789473684210525,0.8421052631578947,0.3265525613946967,2.245957995880094,1.0,1.0,0.0,,,,0.19478224217891693,0.7367848491684816
OOD,82,faulted_layers,SimPEG L2,0.5359854102134705,1.008730254258307,0.4256545901298523,-0.060056038200855255,-0.05928842624366464,-0.032535961110533966,0.45184847101780007,0.1405436778354897,0.13989701263628126,-0.06512640548905978,0.05398464426569203,,,,,,,,,25.8203125,25.0,37.833333333333336,,
OOD,82,faulted_layers,Unconditional,0.553085446357727,1.0409127045245412,0.41383758187294006,-0.08028902858495712,0.04007077427719409,0.05499969466495374,0.45184847101780007,0.14246932726962785,0.13510956936624086,0.07965518896561061,0.31638142572684225,,,,,,,,,8.770833333333332,6.583333333333334,28.666666666666668,0.1626349240541458,0.5823799833186138
OOD,82,faulted_layers,Oracle conditional,0.5761862993240356,1.0843887560032697,0.4405386447906494,0.05147048085927963,-0.24996283833128588,0.05332982198349388,0.35600182565038796,0.14457290550344576,0.13516422919215113,0.028573028650834102,0.324954901096186,,,,,,,,,12.973958333333332,11.333333333333334,32.5,0.35573631525039673,0.47385486082798906
OOD,82,faulted_layers,Equal mixture,0.5374742150306702,1.0115322007911365,0.41443878412246704,-0.05667249113321304,0.016497974854566166,-0.007897411889315056,0.45184847101780007,0.1419218737607377,0.1362900927306899,0.06912809619165176,0.20084947353294927,,,,,,,,,9.869791666666668,8.083333333333332,35.333333333333336,0.20260608196258545,0.4035568775866555
OOD,83,horizontal_layers,SimPEG L2,0.4445367157459259,0.947652298070849,0.4067743420600891,-0.05832507461309433,-0.05242805754970488,-0.09000675298855122,1.0,0.13403782232876396,0.13195933996472375,-0.07881939485133499,0.06658883734721154,,,,,,,,,27.466145833333332,27.5,32.333333333333336,,
OOD,83,horizontal_layers,Unconditional,0.5032778978347778,1.0728752869177696,0.41819995641708374,-0.052468739449977875,-0.054277141721411355,-0.06348642734455645,0.904911838790932,0.14089076517526555,0.1285448977751781,-0.10796846403985635,0.4412578023861493,,,,,,,,,9.421875,9.5,19.166666666666668,0.39736661314964294,0.5228296840953244
OOD,83,horizontal_layers,Oracle conditional,0.465199738740921,0.9917012158153389,0.40847402811050415,0.07448574155569077,-0.10932545086901452,-0.06383876879986798,0.7292191435768262,0.14034091421068692,0.12493540081460552,-0.043346260594120826,0.3574951084200916,,,,,,,,,11.958333333333334,12.333333333333334,28.5,0.5161359906196594,0.18927584932548833
OOD,83,horizontal_layers,Equal mixture,0.4463880956172943,0.9515990235663133,0.3956003189086914,-0.0218361746519804,0.052835189610829884,-0.04351609529067267,1.0,0.13519628334003464,0.12655077830730288,0.013358142502635312,0.23749334851536216,,,,,,,,,7.458333333333333,5.833333333333334,22.833333333333332,0.30831998586654663,0.29275970603371443
OOD,84,dipping_layers,SimPEG L2,0.8148238658905029,1.2950749738933534,0.7040315866470337,0.42613881826400757,-0.21246667325483476,-0.2082941695949092,0.4203218680971915,0.14869881222019413,0.14417790754727916,0.077570983240696,0.3442798407066581,,,,,,,,,15.236979166666668,13.916666666666668,31.666666666666668,,
OOD,84,dipping_layers,Unconditional,0.702864944934845,1.1171283001354428,0.611919105052948,0.31428849697113037,0.12142516904866656,-0.11215305847979207,0.42063742505522245,0.14954470909503212,0.14403927599982894,0.06543448245949993,0.5033205728473689,,,,,,,,,12.377604166666668,10.5,25.833333333333332,0.3602656424045563,0.5154144078359773
OOD,84,dipping_layers,Oracle conditional,0.6775507926940918,1.0768941754065395,0.5918649435043335,0.3004060685634613,0.2576586532756238,-0.08511328589841555,0.4222152098453771,0.1504793073694825,0.14436940538026774,0.04510499382798117,0.5471952275039554,,,,,,,,,10.130208333333334,10.166666666666666,21.833333333333332,0.3010711073875427,0.0952659340763794
OOD,84,dipping_layers,Equal mixture,0.6273309588432312,0.9970751461219065,0.5272709131240845,0.23108574748039246,0.37433957655713646,0.011019107408991001,0.4465130956137583,0.14961170666100773,0.1455250880648616,0.018686960663400438,0.5036169505874746,,,,,,,,,11.138020833333334,9.833333333333332,26.666666666666668,0.3305801451206207,0.5992298779637097
OOD,85,blobs,SimPEG L2,0.11934967339038849,0.834460718125672,0.09116724878549576,0.015906743705272675,0.48631996629676744,0.1737132223504905,1.0,0.02433141224251086,0.022866073215659716,0.22166224139908963,0.2292435681141181,0.0,0.0,1.0,,,2.0,0.0,2.0,,,,,
OOD,85,blobs,Unconditional,0.1795986443758011,1.2557052692554531,0.10781703144311905,0.0007072677835822105,0.47836244881046686,0.327537895894646,0.9421965317919075,0.04310033232616494,0.03737730635387326,0.15023426594313868,1.1718003623306774,0.30052724077328646,1.138728323699422,0.13872832369942195,0.08045564466771597,68.50140482844836,2.0,1.0,1.0,,,,0.20408442616462708,0.27344566661739556
OOD,85,blobs,Oracle conditional,0.1713826209306717,1.1982610498503905,0.09955742210149765,0.01857435703277588,0.4975934535172607,0.3345453009129193,0.9508670520231214,0.032729158532857086,0.025303573391403416,0.2603825851907398,0.9940339549234508,0.27426810477657937,1.3901734104046244,0.3901734104046243,0.097705006504565,68.41463003025721,2.0,1.0,1.0,,,,0.04378616437315941,0.6321958885742696
OOD,85,blobs,Equal mixture,0.11716262996196747,0.8191695004959201,0.08502519875764847,0.010046448558568954,0.48743791601167547,0.1936603830802519,1.0,0.02807647258571874,0.021307177895961947,0.17765712617584878,0.6525518043775483,0.2043956043956044,0.5838150289017341,0.4161849710982659,0.07047214383219239,54.292403220251884,2.0,1.0,1.0,,,,0.17834796011447906,0.34808654972368136
OOD,86,faulted_layers,SimPEG L2,0.7488664984703064,1.277817996677076,0.6199089288711548,-0.46882617473602295,-0.001963925848418831,-0.01027579029221024,0.9956379498364231,0.09873428562056182,0.09294557659824397,0.022216782928233293,0.5141388037250598,,,,,,,,,21.8359375,18.5,50.666666666666664,,
OOD,86,faulted_layers,Unconditional,0.4015781283378601,0.685227287520809,0.35470619797706604,-0.07747477293014526,0.6744179168122684,-0.14430981954398506,0.9661941112322792,0.09870785652842473,0.09358404347306214,0.1268646118225524,0.677805780870104,,,,,,,,,13.6796875,9.083333333333332,46.0,0.34175777435302734,0.6005645051034033
OOD,86,faulted_layers,Oracle conditional,0.4073583483695984,0.6950902860611308,0.359875351190567,-0.13657937943935394,0.7347197938705838,-0.11765271725752119,0.9972737186477645,0.09891099510933211,0.09274970337544797,0.10965796150108673,0.7567758934288835,,,,,,,,,12.979166666666668,7.75,55.666666666666664,0.3889569640159607,0.35317506243480756
OOD,86,faulted_layers,Equal mixture,0.38776713609695435,0.6616610918458177,0.34074124693870544,-0.08565419912338257,0.7053096546044686,-0.1042860376496022,0.9678298800436205,0.0962038436747166,0.09030182460456956,0.15769113915966715,0.6421677918964703,,,,,,,,,18.174479166666668,10.333333333333334,55.666666666666664,0.29984432458877563,0.6814002211482687
OOD,87,dipping_layers,SimPEG L2,0.4508327543735504,0.8160036857466232,0.36222928762435913,-0.07370753586292267,0.5012938590608952,0.23910900424268078,0.8841911764705882,0.12317879958556179,0.11956644096837402,0.18583098445931676,0.46697761441876634,,,,,,,,,26.15625,26.75,57.166666666666664,,
OOD,87,dipping_layers,Unconditional,0.4353267550468445,0.787937950772778,0.33593320846557617,-0.09994848072528839,0.5706761457298961,0.25505533303236355,0.8128676470588235,0.12620719184215407,0.11479386883000925,0.2935134795932667,0.7488448340478372,,,,,,,,,12.002604166666668,8.5,30.5,0.2973625063896179,0.5702939684840981
OOD,87,dipping_layers,Oracle conditional,0.4473201632499695,0.8096459238591894,0.3598424196243286,-0.09141135215759277,0.5226395814427073,0.21273350318753959,0.8566176470588235,0.12657183915830025,0.12146361237603114,0.16451965129165433,0.7172801330732993,,,,,,,,,10.104166666666666,9.333333333333334,23.833333333333332,0.3712068796157837,0.7087870470014132
OOD,87,dipping_layers,Equal mixture,0.42444345355033875,0.7682392619617118,0.3364861011505127,-0.096669502556324,0.609833181685143,0.20477818371460071,0.7996323529411765,0.12184309347636166,0.11746074268537628,0.24137879718115898,0.6590348211627108,,,,,,,,,13.559895833333334,11.083333333333332,47.166666666666664,0.32536786794662476,0.537574508511431
OOD,88,horizontal_layers,SimPEG L2,0.5903895497322083,1.076429235739158,0.5344264507293701,-0.19176551699638367,-0.16232317856185544,-0.06750052657037864,0.5061464457509354,0.14919706425505158,0.14782842707277413,-0.10475998446507775,0.07764393823161918,,,,,,,,,26.01822916666667,26.166666666666664,36.333333333333336,,
OOD,88,horizontal_layers,Unconditional,0.512568473815918,0.9345417627800455,0.4240823984146118,-0.20680654048919678,0.5177488540813514,0.1166344640197057,0.6541956173169428,0.15080684227747426,0.14714746210312837,-0.04058252139707745,0.6589394475199117,,,,,,,,,11.466145833333332,10.166666666666666,18.666666666666668,0.3505818843841553,0.4878516007773602
OOD,88,horizontal_layers,Oracle conditional,0.5242671370506287,0.9558713800312678,0.4294368028640747,0.015117920935153961,0.2842637053937532,0.13785225364691955,0.6392303580972741,0.1485523605114102,0.14305745393897493,-0.08936578903138663,0.49855682143239516,,,,,,,,,13.114583333333334,11.5,22.0,0.5749289989471436,0.4441447990715736
OOD,88,horizontal_layers,Equal mixture,0.5861060619354248,1.0686193558090662,0.5377559661865234,-0.16229252517223358,-0.117040516329129,-0.06272629690624176,0.5061464457509354,0.15239679302164197,0.14325136957930168,0.008591149010913126,0.27002145485017043,,,,,,,,,8.802083333333332,7.833333333333333,25.0,0.33495670557022095,0.3439280668655514
OOD,89,horizontal_layers,SimPEG L2,0.4491865038871765,0.807427701563385,0.36611586809158325,0.22664138674736023,0.539240805195205,0.10733743921231574,1.0,0.06845060259095616,0.06692511819836867,0.05894437764229115,0.19447372538085717,,,,,,,,,25.15625,30.5,35.666666666666664,,
OOD,89,horizontal_layers,Unconditional,0.42708706855773926,0.7677032305040807,0.3432278037071228,0.17054221034049988,0.3102611309400308,0.1333540664227089,1.0,0.07147140539777483,0.0663389624281564,0.07504329287174367,0.9403783870251953,,,,,,,,,8.5390625,8.166666666666666,15.333333333333334,0.23060837388038635,0.5762539526962238
OOD,89,horizontal_layers,Oracle conditional,0.5368242859840393,0.964959533789484,0.448444128036499,0.35043781995773315,0.22127935174935787,0.05103255229302516,0.7980922098569158,0.07072954777348993,0.0683101170032966,0.01877896729244569,1.1676840148826308,,,,,,,,,11.75,10.666666666666666,18.166666666666668,0.4198372960090637,0.4461603076801052
OOD,89,horizontal_layers,Equal mixture,0.4856623411178589,0.8729942338676757,0.3822358250617981,0.2596071660518646,0.08030527704662006,0.12677147854550352,1.0,0.07059180934976429,0.06559127212870319,0.06055200473551082,0.755182040283505,,,,,,,,,11.125,10.833333333333332,26.0,0.3100161552429199,0.575704402599754
OOD,90,blobs,SimPEG L2,0.12185528874397278,0.9123142685176456,0.0587158128619194,0.00781618244946003,0.3487977348549577,0.3973208255666668,1.0,0.02284040447535471,0.022742119868935182,-0.18214683014850436,0.109342378087397,0.0,0.0,1.0,,,1.0,0.0,1.0,,,,,
OOD,90,blobs,Unconditional,0.14011956751346588,1.0490564837907324,0.07713711261749268,-0.028177466243505478,0.4738408438542514,0.5033271663056356,1.0,0.023705722973745187,0.01847747239102743,0.5401456864559142,1.326419586183511,0.2188679245283019,1.8711111111111112,0.8711111111111111,0.1419093550220218,42.938974358542936,1.0,1.0,0.0,,,,0.11925215274095535,0.8886071772198313
OOD,90,blobs,Oracle conditional,0.18155193328857422,1.359255071514674,0.0982343852519989,-0.044808030128479004,0.17883724581813487,0.5656718228396624,1.0,0.027583199252452936,0.020255097358433193,0.35734474506116154,1.0808239869068765,0.0463768115942029,2.2088888888888887,1.208888888888889,0.19757717649192927,48.026968541872826,1.0,1.0,0.0,,,,0.06106271967291832,0.7653487721612425
OOD,90,blobs,Equal mixture,0.11635410785675049,0.8711276621024383,0.059014394879341125,0.003938278183341026,0.3970896338870979,0.5187416550938342,1.0,0.024131516694163503,0.019656923277039388,0.35796375492919424,0.8095591124430523,0.0,0.0,1.0,,,1.0,0.0,1.0,,,,0.1550287902355194,0.4996320796561922
OOD,91,dipping_layers,SimPEG L2,0.6938557028770447,1.1989871048524972,0.5257499814033508,-0.3645806908607483,-0.319360315773547,0.14980160923441524,0.5183098591549296,0.09683650693178074,0.0953249748229024,-0.10255054291069829,0.21049739291274486,,,,,,,,,32.90104166666667,31.0,47.0,,
OOD,91,dipping_layers,Unconditional,0.6887609958648682,1.1901834184588096,0.5416915416717529,-0.33684343099594116,-0.08468292992413624,0.029819275455114765,0.44422535211267605,0.10392054720301483,0.0963109284299498,-0.08913967241061299,0.7915231857532158,,,,,,,,,16.510416666666668,16.666666666666668,36.5,0.3882049024105072,0.3594379496995603
OOD,91,dipping_layers,Oracle conditional,0.5758222937583923,0.9950246168478096,0.45134133100509644,-0.25602611899375916,0.41733312616738216,0.20391428230622993,0.6791549295774648,0.09851446487249708,0.09422477231445851,-0.08307791987182446,0.5706357187154997,,,,,,,,,10.5703125,11.25,20.0,0.43733131885528564,0.584539600506457
OOD,91,dipping_layers,Equal mixture,0.6302802562713623,1.089128325354998,0.49731624126434326,-0.29137858748435974,0.07828975563935367,0.08057412074148824,0.45267605633802815,0.09858025990501665,0.09371926432032071,-0.043697085135789814,0.5748584775141811,,,,,,,,,9.135416666666666,9.25,16.333333333333332,0.3805333375930786,0.2659915898155236
OOD,92,blobs,SimPEG L2,0.255877822637558,1.0863524446341528,0.19796697795391083,-0.09393339604139328,0.3881753668817102,0.065957344017522,1.0,0.021284685748433164,0.01504064973824779,0.5921521064396686,0.622027734762027,0.35003684598378776,2.219683655536028,1.2196836555360282,0.1986841582352726,65.31978500239865,1.0,1.0,0.0,,,,,
OOD,92,blobs,Unconditional,0.24516645073890686,1.040876346207414,0.20543092489242554,-0.0464097335934639,0.4647284556612712,-0.14247966627285327,0.9894551845342706,0.032707404425743755,0.0206977674677107,0.4404350790744128,1.2559625856297947,0.47155255544840885,1.6818980667838312,0.6818980667838312,0.08998485318774582,44.50396782765996,1.0,3.0,2.0,,,,0.36213940382003784,0.3822842845130091
OOD,92,blobs,Oracle conditional,0.2500059902667999,1.0614230490941163,0.20004315674304962,-0.05388898029923439,0.6145731727287929,0.05266817178986017,1.0,0.025484542840488636,0.016875111478953295,0.7161373789292773,1.3831874761135639,0.38027048528241847,2.0492091388400704,1.0492091388400704,0.13244580509853623,51.48621152307028,1.0,2.0,1.0,,,,0.0871376022696495,0.7638393003826172
OOD,92,blobs,Equal mixture,0.22101078927516937,0.9383213001608619,0.18849748373031616,-0.0727648213505745,0.5155554882547521,-0.05252150031192855,1.0,0.026410563797556817,0.016909964729360075,0.510504771870999,0.9733540659754594,0.6129837702871411,1.2706502636203867,0.27065026362038663,0.035197305630451044,45.75141218253814,1.0,3.0,2.0,,,,0.3237394094467163,0.31050117476570904
OOD,93,horizontal_layers,SimPEG L2,0.3784913718700409,0.8539004432326439,0.3402298092842102,-0.029490984976291656,0.10514410162857897,-0.010220022432745016,1.0,0.12465407195021018,0.1229758474457845,-0.034237561152870466,0.0630878173358249,,,,,,,,,20.9609375,21.166666666666668,24.333333333333332,,
OOD,93,horizontal_layers,Unconditional,0.3710460662841797,0.8371033635307787,0.30571097135543823,0.05024690553545952,0.3615302883740918,-0.006392789145301596,1.0,0.1226157044058385,0.11659451618749382,0.04594967649511833,0.4412493558216085,,,,,,,,,8.260416666666668,8.833333333333334,12.166666666666666,0.34624502062797546,0.4354016159108872
OOD,93,horizontal_layers,Oracle conditional,0.4416462481021881,0.9963818333380174,0.37289002537727356,-0.10471853613853455,-0.380645247296275,-0.06402374396508752,0.857238158772515,0.12977570075474978,0.11864922527857989,0.03541751742063894,0.2436482749939205,,,,,,,,,9.2890625,9.666666666666666,14.333333333333334,0.2923218309879303,0.18050562174807508
OOD,93,horizontal_layers,Equal mixture,0.4175506830215454,0.9420207164632937,0.3560429811477661,-0.07597748935222626,-0.16465268449512574,-0.07462698745704338,0.9513008672448299,0.12885967010877775,0.11784098316846331,0.06357461256014846,0.2675037162411622,,,,,,,,,5.614583333333334,5.333333333333333,10.833333333333334,0.3195072412490845,0.31617423139759415
OOD,94,dipping_layers,SimPEG L2,0.5880106091499329,1.277573569048347,0.4896186888217926,-0.2943028211593628,-0.2677603370622498,-0.06745928429000074,0.5108212273940113,0.12558464214570947,0.1194209639566871,0.04929795208712871,0.19627193399641024,,,,,,,,,17.075520833333332,16.083333333333332,31.666666666666668,,
OOD,94,dipping_layers,Unconditional,0.5372821688652039,1.1673556350547583,0.45463845133781433,-0.19681799411773682,-0.098287767105112,-0.10158532535349614,0.5108212273940113,0.13071219133768702,0.11439509612125959,0.14266017771248496,0.40920546697513926,,,,,,,,,8.494791666666668,8.166666666666668,20.333333333333332,0.3117038607597351,0.3455039275178149
OOD,94,dipping_layers,Oracle conditional,0.42660272121429443,0.9268818497941642,0.37968987226486206,-0.12110738456249237,0.40373882602242006,-0.02253208455844077,0.51586125111177,0.11905593779716914,0.11440983390056618,0.12241484911026165,0.4204038492228565,,,,,,,,,8.302083333333334,7.333333333333333,19.0,0.37842652201652527,-0.02513579085689863
OOD,94,dipping_layers,Equal mixture,0.4998852014541626,1.086103058343636,0.4356447756290436,-0.13842397928237915,0.0030400778671865803,-0.07421955068582857,0.5235695226801067,0.12808907868786554,0.11681204240855889,0.05828804304137172,0.34291362080599985,,,,,,,,,8.0625,7.0,20.333333333333332,0.3195749819278717,0.3571895538071338
OOD,95,dipping_layers,SimPEG L2,0.5448535084724426,1.048140295919865,0.4373947083950043,0.061063576489686966,0.13844381662602834,0.07237856352283646,0.5139550714771953,0.18265016697701045,0.17613439778683007,0.10081872863259467,0.24848833551457622,,,,,,,,,21.315104166666668,19.0,44.5,,
OOD,95,dipping_layers,Unconditional,0.5186172127723694,0.9976692641447127,0.40446263551712036,0.021021097898483276,0.20067396286989445,0.1007602467778591,0.5456092579986386,0.1828416178352285,0.17239311594779846,0.13992033387295338,0.3721042438938584,,,,,,,,,10.755208333333336,10.75,21.333333333333332,0.3200935125350952,0.21928644480354384
OOD,95,dipping_layers,Oracle conditional,0.49964651465415955,0.9611751371358332,0.41024285554885864,0.015770552679896355,0.2869027140670231,0.0747868937816806,0.6262763784887678,0.18089186726839407,0.1722339725661619,0.15554255539506145,0.383314178073253,,,,,,,,,7.395833333333333,7.166666666666667,20.0,0.4007970690727234,0.23790374302849132
OOD,95,dipping_layers,Equal mixture,0.5224410891532898,1.0050252944521905,0.4220035672187805,0.008036218583583832,0.16567527018546443,0.07130635640348292,0.5711368277739959,0.18429562095919233,0.17470706856422188,0.12131678177207585,0.30179229765918775,,,,,,,,,11.283854166666668,8.75,31.0,0.30983808636665344,0.30896464837782106
OOD,96,horizontal_layers,SimPEG L2,0.958150327205658,1.5644448696292292,0.7591018676757812,-0.6401745080947876,-0.6527520156299172,0.020366351213586226,0.5059903135355596,0.09155081065356292,0.08758863200698516,-0.02451469628547856,0.5383192362017036,,,,,,,,,28.841145833333332,29.0,32.0,,
OOD,96,horizontal_layers,Unconditional,0.4496453106403351,0.7341700768768045,0.4066607356071472,-0.09339360147714615,0.656788547168129,-0.04853231496979135,0.5100688248789192,0.0998031992901969,0.0942500439528549,-0.036377594974865195,0.9233877481772894,,,,,,,,,20.744791666666668,19.416666666666664,29.333333333333332,0.2507741451263428,0.48078104931637367
OOD,96,horizontal_layers,Oracle conditional,0.49995869398117065,0.8163205622508642,0.42891746759414673,-0.18521161377429962,0.6140921653379382,-0.1365194819522605,0.5072648483303595,0.09603004460487616,0.09067372565528632,-0.016924570041644688,0.8894295534647266,,,,,,,,,14.908854166666668,13.416666666666668,32.0,0.28261226415634155,0.7078917853617473
OOD,96,horizontal_layers,Equal mixture,0.475807249546051,0.7768866631352107,0.4035952091217041,-0.23443612456321716,0.8211804160151008,-0.10515033995988558,0.5072648483303595,0.08734398067012526,0.0857955397165494,-0.0662904039184065,0.6846860525085184,,,,,,,,,15.200520833333332,15.75,30.0,0.3224027752876282,0.5053504638116508
OOD,97,dipping_layers,SimPEG L2,0.6050726771354675,1.0087032324716383,0.49868035316467285,-0.09383750706911087,0.19132128912920854,0.0670280470453762,0.5833880499015102,0.1771198866019155,0.16811143695874547,0.05143296698041671,0.24796995116000933,,,,,,,,,20.184895833333332,21.833333333333336,39.0,,
OOD,97,dipping_layers,Unconditional,0.6018251776695251,1.0032893981794437,0.4862886071205139,-0.015724845230579376,0.22705339118703535,0.0993576527393177,0.6066973079448457,0.1799024108195738,0.1587640303136723,0.21884648801338002,0.3964731715073903,,,,,,,,,11.111979166666666,9.166666666666668,24.5,0.34949347376823425,0.49880749523598816
OOD,97,dipping_layers,Oracle conditional,0.501866340637207,0.836650239217667,0.4178793132305145,-0.021040983498096466,0.5512070125023666,0.1534689855835404,0.7104399212081418,0.1651705741305633,0.15588188865396999,0.24758596292751917,0.46176543396029035,,,,,,,,,10.0,9.5,25.5,0.5145612955093384,0.43233428026493076
OOD,97,dipping_layers,Equal mixture,0.5445564985275269,0.9078180540701781,0.4673379063606262,-0.03593488037586212,0.4033904825112337,0.09064665869356049,0.6313197636244254,0.1698280641801579,0.1621678567032443,0.16983741378026712,0.3418548534132279,,,,,,,,,10.765625,9.083333333333332,25.5,0.4214208424091339,0.5151871063469663
OOD,98,horizontal_layers,SimPEG L2,0.9303779006004333,1.3820395213969683,0.7575245499610901,-0.5670251250267029,-0.422483939871931,-0.013647129167556865,0.6856047403276403,0.17908661713220872,0.17409184267662456,0.031384052006122896,0.16401068161375548,,,,,,,,,20.888020833333332,21.0,23.0,,
OOD,98,horizontal_layers,Unconditional,0.5758285522460938,0.8553705072307796,0.5214583277702332,-0.16453173756599426,0.6056181807020514,-0.04254668578091874,0.6856047403276403,0.1719934915827822,0.16901211601642624,0.09591130148725319,0.39538796340458493,,,,,,,,,15.90625,15.0,21.666666666666668,0.3685360550880432,0.16432970314888273
OOD,98,horizontal_layers,Oracle conditional,0.5510424971580505,0.818551804111229,0.49086794257164,-0.2120320200920105,0.7336402665791134,0.036905400155474916,0.6856047403276403,0.1616086889658205,0.15906723525600125,0.3164006417027256,0.4389650212135914,,,,,,,,,11.424479166666664,12.416666666666668,23.0,0.27486032247543335,0.5747130153310873
OOD,98,horizontal_layers,Equal mixture,0.616790235042572,0.9162174646349964,0.5361804962158203,-0.2175857126712799,0.5244641599164489,-0.025690595236030747,0.6856047403276403,0.17044408404324707,0.1680429221763731,0.1810690795109654,0.2882260145710642,,,,,,,,,13.364583333333332,12.666666666666666,23.0,0.331043004989624,0.5487289647306692
OOD,99,horizontal_layers,SimPEG L2,0.5322079658508301,1.016113114995876,0.45028918981552124,-0.21222727000713348,-0.0036987147780173854,0.0010725537032487912,0.40976210008203445,0.15049702223045813,0.14666723504110898,0.06689438736235793,0.09010797293158797,,,,,,,,,16.510416666666664,17.166666666666668,21.333333333333332,,
OOD,99,horizontal_layers,Unconditional,0.5430542230606079,1.036821230820213,0.4448082149028778,-0.2109672725200653,0.10455640089080141,0.025570904728256124,0.43560295324036097,0.15298449797026661,0.14225970568870083,0.025702216736730617,0.32384950110879523,,,,,,,,,11.731770833333334,11.666666666666666,18.333333333333332,0.20942728221416473,-0.05736954258442925
OOD,99,horizontal_layers,Oracle conditional,0.5162733197212219,0.9856900398935928,0.4411545395851135,-0.19791823625564575,0.1818506236368787,4.9727819871929475e-05,0.5758818703855619,0.15030583954869428,0.14423032784413156,0.11868813607819595,0.14807453293559197,,,,,,,,,15.018229166666666,16.333333333333332,20.333333333333332,0.1884138584136963,-0.22842045377236334
OOD,99,horizontal_layers,Equal mixture,0.5122477412223816,0.9780042415392263,0.4393923282623291,-0.19084492325782776,0.1961189945542238,0.02212467567261429,0.6078753076292043,0.14916914878965576,0.14424641493176796,0.027119322616788413,0.18434085083252577,,,,,,,,,12.6875,11.833333333333334,21.333333333333332,0.2329055815935135,-0.054453545966026806
