split,case,geology_type,l2_model_rmse,l2_correlation,l2_data_rmse,unconditional_model_rmse,unconditional_correlation,unconditional_data_rmse,unconditional_uncertainty_error_spearman,unconditional_coverage_68,unconditional_coverage_95,oracle_model_rmse,oracle_correlation,oracle_data_rmse,oracle_uncertainty_error_spearman,oracle_coverage_68,oracle_coverage_95,mixture_model_rmse,mixture_correlation,mixture_data_rmse,mixture_uncertainty_error_spearman,mixture_coverage_68,mixture_coverage_95,l2_runtime_seconds,unconditional_runtime_seconds,oracle_runtime_seconds,mixture_runtime_seconds,unconditional_wins_l2,oracle_wins_l2,mixture_wins_l2,oracle_improves_unconditional,mixture_improves_unconditional,oracle_gain_vs_unconditional,mixture_gain_vs_unconditional,mixture_gain_vs_oracle,unconditional_gain_vs_l2,oracle_gain_vs_l2,mixture_gain_vs_l2,best_method
ID,0,intrusions,0.23795022070407867,0.31177929374312857,0.016505782346965658,0.22317616641521454,0.34474300473368863,0.024140483587052754,0.9064450713456463,0.6826171875,0.8271484375,0.21420474350452423,0.4347265334984897,0.021032938415029505,0.8144106937436946,0.903076171875,0.93701171875,0.2345324605703354,0.20929456854909265,0.02277693748850906,0.7501832533853392,0.918701171875,0.9306640625,1.714911937713623,37.57044720649719,35.84509038925171,35.90298652648926,True,True,True,True,False,0.008971422910690308,-0.01135629415512085,-0.020327717065811157,0.014774054288864136,0.023745477199554443,0.003417760133743286,Oracle conditional
ID,1,dykes,0.16147686541080475,0.40860928228871973,0.11242715652193488,0.1407013088464737,0.5934456615145919,0.19217942789985742,0.5458303839748078,0.627685546875,0.97021484375,0.14002476632595062,0.593711912735571,0.1852886619874371,0.9221604827898529,0.86328125,0.949951171875,0.15333500504493713,0.482343451437097,0.1848420292713082,0.6928816529707095,0.918212890625,0.976806640625,2.1041924953460693,35.94395184516907,35.87048077583313,35.81296467781067,True,True,True,True,False,0.0006765425205230713,-0.01263369619846344,-0.013310238718986511,0.020775556564331055,0.021452099084854126,0.008141860365867615,Oracle conditional
ID,2,dykes,0.1510118991136551,0.2881639104439871,0.0275434218783636,0.14694353938102722,0.3335333111556978,0.026806815409264967,0.9125789166708018,0.934326171875,0.97412109375,0.15154394507408142,0.23507258198712222,0.026574110941740853,0.7912399693056452,0.869140625,0.95703125,0.15482021868228912,0.15308197035376805,0.02826023308318066,0.6800961300572677,0.909423828125,0.9599609375,1.7235815525054932,35.89142870903015,35.85259294509888,35.9152934551239,True,False,False,False,False,-0.004600405693054199,-0.007876679301261902,-0.0032762736082077026,0.004068359732627869,-0.0005320459604263306,-0.003808319568634033,Unconditional
ID,3,faulted_layers,0.5655571222305298,0.15378236589712,0.09461314784675173,0.6088119745254517,0.054518931034543486,0.13156801938140536,0.2907175451223021,0.208740234375,0.41943359375,0.5742472410202026,0.10973711167707685,0.12176035774509364,0.4195360103974162,0.2080078125,0.586669921875,0.5665468573570251,0.13826516530543587,0.1267738487174749,0.34401719553126076,0.23291015625,0.559326171875,2.204583168029785,35.91083335876465,35.883403301239014,35.80831956863403,False,False,False,True,True,0.03456473350524902,0.042265117168426514,0.00770038366317749,-0.043254852294921875,-0.008690118789672852,-0.0009897351264953613,SimPEG L2
ID,4,dipping_layers,0.9002054333686829,-0.26984970090230903,0.4619738873256932,0.6030378341674805,0.5838312748418744,0.3718264794944726,0.43224880461762366,0.482421875,0.65966796875,0.6367994546890259,0.49162425457714404,0.40283067669056355,0.594368475726753,0.356201171875,0.709716796875,0.6190178394317627,0.521683807128764,0.37874170305254584,0.48585897208240203,0.35546875,0.5537109375,1.6473808288574219,35.94752621650696,35.875219106674194,35.887749910354614,True,True,True,False,False,-0.03376162052154541,-0.015980005264282227,0.017781615257263184,0.2971675992012024,0.263405978679657,0.28118759393692017,Unconditional
ID,5,horizontal_layers,0.5579221844673157,0.1737564267505485,0.0507365030122838,0.6135719418525696,-0.14990603764863358,0.10930700113158334,0.4245375903185515,0.07763671875,0.283447265625,0.6118375658988953,-0.22539011171615736,0.11676468183130291,0.24224957665109853,0.28271484375,0.52490234375,0.5651212334632874,0.16794903832740024,0.11447651018425838,0.2685049217166261,0.11279296875,0.48779296875,2.1011111736297607,35.93617844581604,35.8056800365448,35.96853995323181,False,False,False,True,True,0.0017343759536743164,0.04845070838928223,0.04671633243560791,-0.055649757385253906,-0.05391538143157959,-0.00719904899597168,SimPEG L2
ID,6,dipping_layers,1.0943857431411743,-0.3955911250631865,0.46080463144920425,0.7140785455703735,0.6402920723750338,0.39699652461964635,0.4706261201428183,0.25537109375,0.49755859375,0.7783199548721313,0.44842780244113184,0.41526615681367884,0.4280981824671391,0.19384765625,0.41552734375,0.7028127908706665,0.6723264135458629,0.39844817805184884,-0.06243089548522026,0.226318359375,0.4873046875,1.6366245746612549,35.830414056777954,35.96016883850098,36.03811001777649,True,True,True,False,True,-0.06424140930175781,0.011265754699707031,0.07550716400146484,0.3803071975708008,0.31606578826904297,0.3915729522705078,Equal mixture
ID,7,blobs,0.14343519508838654,0.6699794334463522,0.13496841081903196,0.12513653934001923,0.8501173149380497,0.13594742448796576,0.6963534395365232,0.754638671875,0.96044921875,0.09852983802556992,0.9380887095239336,0.1425163187426438,0.6755479414008869,0.166748046875,0.468505859375,0.07116030156612396,0.943894433405634,0.13267495044402036,0.6449709150736579,0.956787109375,0.9921875,1.6484551429748535,35.9292938709259,35.953816652297974,35.88368558883667,True,True,True,True,True,0.02660670131444931,0.053976237773895264,0.027369536459445953,0.01829865574836731,0.04490535706281662,0.07227489352226257,Equal mixture
ID,8,intrusions,0.1770481914281845,0.3401209059738931,0.045394909717286706,0.14945246279239655,0.7080813702891018,0.05228120791565455,0.7922400015725255,0.314208984375,0.9609375,0.26638472080230713,0.30202992873868517,0.06581604427846455,0.7271266825626993,0.136962890625,0.416259765625,0.1774941384792328,0.37593957082917606,0.049719289117894756,0.7610625843708455,0.8671875,0.970458984375,1.6474297046661377,35.948506116867065,35.95383596420288,35.981935024261475,True,False,False,False,False,-0.11693225800991058,-0.028041675686836243,0.08889058232307434,0.027595728635787964,-0.08933652937412262,-0.0004459470510482788,Unconditional
ID,9,dykes,0.1828031688928604,0.3639420682593486,0.10683647017318695,0.17183738946914673,0.4699922578330733,0.18582230775974165,0.6808462564197739,0.89111328125,0.963623046875,0.1575663685798645,0.5971109400403359,0.18270386171217562,0.9250283383431973,0.04736328125,0.191650390625,0.1699957400560379,0.5025129796862539,0.18143831158835205,0.466391182608446,0.785888671875,0.9501953125,2.1329755783081055,35.9062922000885,35.919750452041626,35.98704218864441,True,True,True,True,True,0.014271020889282227,0.0018416494131088257,-0.012429371476173401,0.010965779423713684,0.02523680031299591,0.01280742883682251,Oracle conditional
ID,10,intrusions,0.24017038941383362,0.29493001555118176,0.013142846473735403,0.21088352799415588,0.5376119877330985,0.0199646733349008,0.8542087709269509,0.120849609375,0.27587890625,0.19292213022708893,0.7890408826821872,0.01937310328540214,0.8102941622112961,0.05126953125,0.22509765625,0.23083889484405518,0.3167317135166554,0.018948322664439073,0.5176197451906531,0.713623046875,0.92431640625,1.6823992729187012,35.84805464744568,35.95817589759827,35.94640302658081,True,True,True,True,False,0.017961397767066956,-0.019955366849899292,-0.03791676461696625,0.029286861419677734,0.04724825918674469,0.009331494569778442,Oracle conditional
ID,11,dipping_layers,0.7108880281448364,-0.32158001127251234,0.39084020701675226,0.4857093095779419,0.4682934447700256,0.35949105929580233,0.38162904017804883,0.28173828125,0.76171875,0.5068033933639526,0.3938634049207613,0.378555811011178,0.23373300792842638,0.1572265625,0.524658203125,0.5240035653114319,0.2430151352833158,0.3682437919492019,0.3919548729579967,0.29443359375,0.81396484375,1.706498622894287,35.903284788131714,35.95975875854492,35.83827042579651,True,True,True,False,False,-0.021094083786010742,-0.03829425573348999,-0.017200171947479248,0.22517871856689453,0.2040846347808838,0.18688446283340454,Unconditional
ID,12,horizontal_layers,0.4775103032588959,0.18456342002094792,0.11150468189247749,0.5981338620185852,-0.36977593788864427,0.09537188532684704,0.6021160151878364,0.184814453125,0.79541015625,0.6096116304397583,-0.7167952071167546,0.10124558244999173,0.5936819114554279,0.1748046875,0.451416015625,0.5044920444488525,-0.013319213648605251,0.11594125752779617,0.367982588348338,0.1064453125,0.650146484375,1.657526969909668,35.954466342926025,35.898672103881836,35.921929597854614,False,False,False,False,True,-0.011477768421173096,0.09364181756973267,0.10511958599090576,-0.12062355875968933,-0.13210132718086243,-0.026981741189956665,SimPEG L2
ID,13,horizontal_layers,0.7302539348602295,-0.34503116408218365,0.3310123860909089,0.2590351998806,0.8324806943230505,0.3169340333682113,0.5964224027834072,0.5068359375,0.7412109375,0.26872819662094116,0.8308823926744459,0.29437467736420253,0.7710280976338221,0.150390625,0.73828125,0.22930055856704712,0.895086185773388,0.2818495687269841,0.8192960920811798,0.303955078125,0.856689453125,2.082380771636963,35.905601501464844,35.87899112701416,35.84542775154114,True,True,True,False,True,-0.009692996740341187,0.029734641313552856,0.03942763805389404,0.4712187349796295,0.46152573823928833,0.5009533762931824,Equal mixture
ID,14,dipping_layers,0.6179184317588806,-0.21362630243444167,0.06861724893605939,0.6741853952407837,-0.2357801310684616,0.12162412658915282,0.48841626814905664,0.154541015625,0.30029296875,0.5637012720108032,0.24555343795098866,0.12290092275871722,0.6390401391449654,0.38037109375,0.53564453125,0.6124734878540039,-0.02974391206991856,0.1327937604966425,0.5614336653908292,0.33642578125,0.493408203125,2.1104633808135986,35.97823739051819,35.784013748168945,35.98629093170166,False,True,True,True,True,0.11048412322998047,0.061711907386779785,-0.048772215843200684,-0.056266963481903076,0.05421715974807739,0.005444943904876709,Oracle conditional
ID,15,dipping_layers,0.39028486609458923,0.0513283739449343,0.2722263881292358,0.37641310691833496,0.11479996028438354,0.2426494130602821,0.30619624450771377,0.725341796875,0.97119140625,0.40041762590408325,0.019177146866918866,0.26147209248026243,0.3216550681448142,0.388916015625,0.65478515625,0.43050846457481384,-0.07157343811598282,0.2563931404448728,0.3718313694136564,0.227294921875,0.75927734375,1.7765507698059082,35.93474078178406,35.874725341796875,35.874852657318115,True,False,False,False,False,-0.02400451898574829,-0.05409535765647888,-0.03009083867073059,0.013871759176254272,-0.010132759809494019,-0.04022359848022461,Unconditional
ID,16,blobs,0.20918431878089905,0.5740553247809734,0.28985876661029014,0.19039328396320343,0.5152212230576794,0.28820049533778136,0.7942653385935937,0.6533203125,0.90185546875,0.09369973838329315,0.8682575638621274,0.31428701878260884,0.6979269697725086,0.39111328125,0.693603515625,0.11727167665958405,0.8141246356933776,0.2782591104836475,0.7531340530127125,0.977783203125,1.0,1.654996395111084,35.96202278137207,35.79787302017212,35.891485929489136,True,True,True,True,True,0.09669354557991028,0.07312160730361938,-0.023571938276290894,0.018791034817695618,0.1154845803976059,0.091912642121315,Oracle conditional
ID,17,blobs,0.2744491398334503,0.30374893293768473,0.008883580033478663,0.25203385949134827,0.5455315161456699,0.030442701385402598,0.5764457507338636,0.09912109375,0.3935546875,0.26972323656082153,0.406194408853537,0.027322190193810273,0.3926361550145913,0.076416015625,0.186767578125,0.2725253701210022,0.2425244567810227,0.02476078837603496,0.5001553137064354,0.270751953125,0.603271484375,2.1664936542510986,35.95207762718201,35.735013008117676,35.89536380767822,True,True,True,False,False,-0.017689377069473267,-0.02049151062965393,-0.002802133560180664,0.02241528034210205,0.004725903272628784,0.0019237697124481201,Unconditional
ID,18,intrusions,0.19218790531158447,0.35133006753212664,0.13501136501574604,0.2174912393093109,0.4345786296909965,0.13940322811676337,0.5407989657122025,0.404052734375,0.971435546875,0.2779432535171509,0.36495817010436893,0.1504972324595692,0.30330430614214215,0.087646484375,0.204345703125,0.15577784180641174,0.6035778992800559,0.1314798921794288,0.6177269243956759,0.895751953125,0.970947265625,1.7546470165252686,35.92608332633972,35.80029320716858,35.88232612609863,False,False,True,False,True,-0.060452014207839966,0.06171339750289917,0.12216541171073914,-0.02530333399772644,-0.0857553482055664,0.03641006350517273,Equal mixture
ID,19,dykes,0.14076127111911774,0.3699947324171478,0.11068328146790386,0.14476963877677917,0.3360759772204499,0.15352911862457894,0.7625010700897021,0.914794921875,0.974609375,0.12671805918216705,0.5403992104392827,0.16063597761456952,0.9086287334862454,0.893798828125,0.96044921875,0.1429673731327057,0.33137884611460144,0.15329297803724584,0.4277535913186435,0.942626953125,0.965087890625,2.1231112480163574,35.98095726966858,35.84566402435303,35.95727491378784,False,True,False,True,True,0.01805157959461212,0.0018022656440734863,-0.016249313950538635,-0.004008367657661438,0.014043211936950684,-0.0022061020135879517,Oracle conditional
ID,20,dipping_layers,0.6911580562591553,0.09909445523131528,0.202601551306921,0.7257815003395081,0.02374839839190139,0.21982329291210256,0.13737822650509413,0.31689453125,0.43701171875,0.6245301961898804,0.404759325933282,0.20568254581204498,0.2964497159285731,0.3603515625,0.765380859375,0.7035616040229797,0.03932887899049522,0.16232182702107426,0.2671093572816256,0.371826171875,0.55810546875,2.155984878540039,35.884387493133545,35.92319393157959,35.82456302642822,False,True,False,True,True,0.10125130414962769,0.02221989631652832,-0.07903140783309937,-0.03462344408035278,0.0666278600692749,-0.012403547763824463,Oracle conditional
ID,21,dykes,0.17540453374385834,0.33144475816180846,0.12409002142858888,0.1509975790977478,0.5636123599295331,0.20063595244227633,0.9090594354712441,0.93408203125,1.0,0.13309410214424133,0.6838001101135743,0.20109252615799736,0.9180366474360652,0.4755859375,0.88134765625,0.18701183795928955,0.24685719521299565,0.19080973180730895,0.6980625940379743,0.93017578125,0.965576171875,2.24829363822937,35.97819519042969,35.82933259010315,35.893452167510986,True,True,False,True,False,0.01790347695350647,-0.03601425886154175,-0.05391773581504822,0.024406954646110535,0.042310431599617004,-0.011607304215431213,Oracle conditional
ID,22,horizontal_layers,0.7457015514373779,-0.23790570138527106,0.10248203345933694,0.7706447839736938,-0.4885044443929601,0.14628323857563413,0.35078348901601814,0.40234375,0.501708984375,0.5773360729217529,0.5983568894519189,0.15348122914191908,0.4382064422464875,0.468505859375,0.5830078125,0.622005820274353,0.3282144667270995,0.17280601060519388,0.2867283128789738,0.452880859375,0.737060546875,2.1425116062164307,35.904821157455444,36.00091886520386,35.993391036987305,False,True,True,True,True,0.19330871105194092,0.14863896369934082,-0.0446697473526001,-0.024943232536315918,0.168365478515625,0.1236957311630249,Oracle conditional
ID,23,blobs,0.20335333049297333,0.5279509205640961,0.03494342859917948,0.158625528216362,0.6590110576734068,0.037618480999921565,0.7974557520702185,0.41015625,0.806884765625,0.14540721476078033,0.7415844247450049,0.03868443499979259,0.9148324026486592,0.643310546875,0.911376953125,0.14771685004234314,0.8334926564408954,0.04015592206135648,0.564937494607642,0.765625,0.91357421875,1.7119662761688232,35.91452646255493,35.823089361190796,35.90201926231384,True,True,True,True,True,0.013218313455581665,0.01090867817401886,-0.002309635281562805,0.04472780227661133,0.05794611573219299,0.05563648045063019,Oracle conditional
ID,24,intrusions,0.2706289291381836,0.3524759148101206,0.029138083949993784,0.23860326409339905,0.5531129065065629,0.035387161822764704,0.8367792125128858,0.05810546875,0.427001953125,0.14471259713172913,0.9018423284952648,0.03423088936748862,0.9171350898154538,0.150634765625,0.187744140625,0.1974755823612213,0.8372467221975212,0.03461938839669704,0.7920938257654242,0.453857421875,0.96484375,1.664292335510254,35.907103300094604,36.016905307769775,35.97070670127869,True,True,True,True,True,0.09389066696166992,0.041127681732177734,-0.05276298522949219,0.032025665044784546,0.12591633200645447,0.07315334677696228,Oracle conditional
ID,25,intrusions,0.22377145290374756,0.4251975606968183,0.14644169213018715,0.2223234325647354,0.5829005454738794,0.15584132851722995,0.8533396100869729,0.556640625,0.907958984375,0.2199111133813858,0.6868932709172993,0.16815162431210895,0.3778471904373309,0.03857421875,0.134521484375,0.18143917620182037,0.6484036488028765,0.15363606463260723,0.34320041098949855,0.8974609375,0.989013671875,1.6371533870697021,35.92353630065918,35.828444957733154,35.824955463409424,True,True,True,True,True,0.0024123191833496094,0.04088425636291504,0.03847193717956543,0.001448020339012146,0.0038603395223617554,0.042332276701927185,Equal mixture
ID,26,dykes,0.17612043023109436,0.4680219241265188,0.12197888516488097,0.1566038727760315,0.6232228801367257,0.18623763508582114,0.7639527733181954,0.915771484375,0.974365234375,0.17117750644683838,0.503145962699006,0.18676979143338138,0.893254452280373,0.657958984375,0.94775390625,0.1814797967672348,0.4039138489094401,0.18023145618090078,0.6696710556130367,0.820068359375,0.961181640625,2.168260097503662,35.94100260734558,35.865232706069946,35.84085988998413,True,True,False,False,False,-0.014573633670806885,-0.024875923991203308,-0.010302290320396423,0.019516557455062866,0.0049429237842559814,-0.005359366536140442,Unconditional
ID,27,intrusions,0.16142117977142334,0.34600887166402244,0.07196577457526626,0.15802551805973053,0.6202734547017913,0.08569857337858006,0.721866081479871,0.1962890625,0.88818359375,0.19304056465625763,0.3184351192268986,0.0808664751093488,0.6973424750076779,0.274658203125,0.978271484375,0.16358928382396698,0.3505866526532742,0.07708503120136255,0.4533714964201449,0.848388671875,0.975830078125,1.714015245437622,35.92199778556824,35.904932498931885,35.90517520904541,True,False,False,False,False,-0.0350150465965271,-0.00556376576423645,0.02945128083229065,0.00339566171169281,-0.03161938488483429,-0.00216810405254364,Unconditional
ID,28,horizontal_layers,0.7800228595733643,-0.23945564244518183,0.11835860150545015,0.8128674030303955,-0.12670252824414832,0.1770395722327404,0.15998195634581633,0.257568359375,0.57275390625,0.7282822132110596,0.1550197672976523,0.1701174155402185,0.5929256716329819,0.157470703125,0.697998046875,0.6814278364181519,0.20606775743911734,0.2128626420754528,0.6108087015120672,0.364013671875,0.968505859375,2.0988852977752686,35.959564208984375,35.84994959831238,35.917765378952026,False,True,True,True,True,0.08458518981933594,0.13143956661224365,0.046854376792907715,-0.03284454345703125,0.05174064636230469,0.0985950231552124,Equal mixture
ID,29,faulted_layers,0.8731970191001892,-0.07948981052904988,0.20620822811187528,0.742933452129364,0.4739970343616439,0.28265592956542734,0.12950996604155546,0.352294921875,0.51953125,0.7941383123397827,0.13529632258658705,0.2870050911117669,0.5538864175669794,0.386962890625,0.7939453125,0.6941995620727539,0.6044611384092294,0.29071707017514714,0.1833258497856537,0.364501953125,0.565185546875,2.1886444091796875,35.96130871772766,35.898661613464355,35.88206672668457,True,True,True,False,True,-0.0512048602104187,0.04873389005661011,0.09993875026702881,0.1302635669708252,0.0790587067604065,0.1789974570274353,Equal mixture
ID,30,intrusions,0.12797003984451294,0.2439958556111283,0.01748779247559836,0.16569088399410248,0.18321189640131771,0.03104589048157385,0.9310763154308165,0.7802734375,0.903564453125,0.17084051668643951,0.004173412218400634,0.02919168737829868,0.7908954410742114,0.903564453125,0.948974609375,0.13265416026115417,0.14424152341242313,0.022629335899885368,0.6265109193364149,0.925048828125,0.962158203125,1.745177984237671,35.88959836959839,35.801769971847534,35.93109750747681,False,False,False,False,True,-0.005149632692337036,0.0330367237329483,0.03818635642528534,-0.03772084414958954,-0.042870476841926575,-0.004684120416641235,SimPEG L2
ID,31,blobs,0.1430460661649704,0.5244506758817331,0.0625590950258552,0.15381412208080292,0.6495094582762841,0.07115938030408854,0.6506950652561971,0.42236328125,0.88134765625,0.19522568583488464,0.5124871923248271,0.0740856168013213,0.40192677161391244,0.1572265625,0.41064453125,0.1510709822177887,0.44332346915824716,0.06781228870189404,0.4157098654831459,0.671142578125,0.970703125,1.7450697422027588,35.94053602218628,36.02274441719055,35.92969512939453,False,False,False,False,True,-0.041411563754081726,0.002743139863014221,0.04415470361709595,-0.01076805591583252,-0.052179619669914246,-0.008024916052818298,SimPEG L2
ID,32,blobs,0.2361709475517273,0.6937056894876579,0.10489563163449153,0.16739244759082794,0.8703138661467363,0.09615477182888672,0.5422546854981221,0.666015625,0.958740234375,0.13934999704360962,0.8974811856622018,0.09867453240534102,0.5870627024648832,0.559326171875,0.86279296875,0.1912781000137329,0.8393668072574387,0.08378289109363979,0.34531860004785847,0.82958984375,0.968017578125,1.701141357421875,35.91605043411255,35.84427738189697,35.90074944496155,True,True,True,True,False,0.028042450547218323,-0.023885652422904968,-0.05192810297012329,0.06877849996089935,0.09682095050811768,0.044892847537994385,Oracle conditional
ID,33,blobs,0.21461047232151031,0.5367139569538244,0.07790288046850379,0.16196885704994202,0.7567625929740772,0.07410967924334343,0.630972261081659,0.7744140625,0.9169921875,0.1686362326145172,0.7489336769738475,0.08519321585769991,0.4633686825103086,0.487548828125,0.740966796875,0.1710546761751175,0.7710730418592036,0.07069291186638174,0.28453065247504206,0.8193359375,0.9375,1.7023065090179443,35.92612385749817,35.86603307723999,35.78052020072937,True,True,True,False,False,-0.006667375564575195,-0.009085819125175476,-0.0024184435606002808,0.0526416152715683,0.0459742397069931,0.04355579614639282,Unconditional
ID,34,horizontal_layers,0.7449512481689453,-0.40151972614617787,0.4162079340626291,0.29527536034584045,0.7577092772824662,0.3671384716037096,0.6867124979456227,0.141357421875,0.640625,0.3173019289970398,0.7132663910871854,0.4699191026323773,0.5766770546177481,0.1884765625,0.764892578125,0.2975867986679077,0.7562335600762592,0.34631704095369376,0.5888194983109942,0.2744140625,0.789306640625,2.137476682662964,35.96090292930603,35.91243767738342,35.90133476257324,True,True,True,False,False,-0.02202656865119934,-0.0023114383220672607,0.01971513032913208,0.44967588782310486,0.4276493191719055,0.4473644495010376,Unconditional
ID,35,horizontal_layers,0.3702450692653656,0.180250175527317,0.07117413113794736,0.37419283390045166,0.2896310671926557,0.14922036981433373,0.3790791384629578,0.3251953125,0.663330078125,0.5154920220375061,-0.6046196696782994,0.15279440683014425,0.37322798474606234,0.444580078125,0.5380859375,0.3650563359260559,0.3669937531681309,0.1709911571430886,0.21649171450917587,0.41064453125,0.60009765625,2.164043426513672,35.93806004524231,35.8325731754303,35.90134620666504,False,False,True,False,True,-0.14129918813705444,0.009136497974395752,0.1504356861114502,-0.00394776463508606,-0.1452469527721405,0.005188733339309692,Equal mixture
ID,36,blobs,0.22451288998126984,0.6354974056167761,0.3639622086758802,0.16146880388259888,0.7058848811041158,0.33542308377588115,0.7880409598900573,0.874755859375,0.965087890625,0.12281970679759979,0.8202114003198391,0.3582949165763198,0.7074278143081263,0.410888671875,0.660400390625,0.16381463408470154,0.6688162711940979,0.3345785504769066,0.6905844191609837,0.9384765625,0.997314453125,1.7105751037597656,35.972980976104736,35.79866099357605,35.94150996208191,True,True,True,True,False,0.038649097084999084,-0.002345830202102661,-0.040994927287101746,0.06304408609867096,0.10169318318367004,0.0606982558965683,Oracle conditional
ID,37,horizontal_layers,0.4875166118144989,0.13520276254570204,0.07127890560006958,0.4921613335609436,0.14446914545046916,0.13056726955151698,0.2570425233111917,0.3271484375,0.50048828125,0.506062388420105,-0.03266206807094627,0.13430027478140108,-0.16382397923028463,0.3310546875,0.3447265625,0.4992125332355499,0.13237857047749074,0.1325033091211483,-0.0047812957721789645,0.338134765625,0.4140625,2.19775128364563,35.95251774787903,35.78286385536194,35.96402311325073,False,False,False,False,False,-0.013901054859161377,-0.007051199674606323,0.006849855184555054,-0.004644721746444702,-0.01854577660560608,-0.011695921421051025,SimPEG L2
ID,38,blobs,0.20377640426158905,0.4898410050387017,0.05262911925671104,0.20143017172813416,0.509397687100532,0.061295572482665324,0.6289435401564634,0.24267578125,0.7021484375,0.2104615569114685,0.46932812982606753,0.06264075977808735,0.7167731016576521,0.2021484375,0.35205078125,0.19124744832515717,0.5199925401158974,0.06279348991243512,0.2504492258571558,0.518798828125,0.76904296875,1.6834099292755127,35.867737770080566,35.97052311897278,35.95712876319885,True,False,True,False,True,-0.00903138518333435,0.01018272340297699,0.01921410858631134,0.002346232533454895,-0.006685152649879456,0.012528955936431885,Equal mixture
ID,39,faulted_layers,0.6133476495742798,-0.1599438007857031,0.14257570764318875,0.6219161152839661,0.24679567026938254,0.13186565708426043,0.3095399546824267,0.1767578125,0.423828125,0.5312449932098389,0.34400859078678375,0.12857474537697328,0.49114315810907827,0.623046875,0.84228515625,0.585473895072937,0.04099539563341072,0.13629252905080072,0.36524799997498564,0.148193359375,0.545166015625,1.6720895767211914,35.945939779281616,35.843552589416504,35.87813329696655,False,True,True,True,True,0.0906711220741272,0.03644222021102905,-0.054228901863098145,-0.00856846570968628,0.08210265636444092,0.027873754501342773,Oracle conditional
ID,40,horizontal_layers,0.6257715821266174,-0.2617257027097444,0.22426797191199052,0.671928346157074,-0.5162506965133087,0.20244852967676283,0.4719757048388188,0.236572265625,0.891357421875,0.4749631881713867,0.533167465370533,0.21226173963846795,0.7502076143406213,0.74365234375,0.94580078125,0.539266049861908,0.1378430458289389,0.22393336822634632,0.6507239882350911,0.35107421875,0.933349609375,1.623936653137207,35.946603775024414,35.83206129074097,35.92048478126526,False,True,True,True,True,0.19696515798568726,0.13266229629516602,-0.06430286169052124,-0.04615676403045654,0.1508083939552307,0.08650553226470947,Oracle conditional
ID,41,dipping_layers,0.5020869374275208,0.04238041606191492,0.20099828990900884,0.5572145581245422,-0.04016453354013212,0.16011796298569417,0.24878635268058827,0.31884765625,0.73779296875,0.5042081475257874,0.07235664037535447,0.18222618515873015,0.25544703975674576,0.27099609375,0.62109375,0.5438548922538757,-0.16010821472873274,0.1707742460537247,0.1608585640403799,0.2607421875,0.6650390625,1.6460273265838623,35.941224336624146,35.894665002822876,35.840882539749146,False,False,False,True,True,0.05300641059875488,0.013359665870666504,-0.03964674472808838,-0.055127620697021484,-0.0021212100982666016,-0.04176795482635498,SimPEG L2
ID,42,dipping_layers,0.9373900890350342,-0.383074165293646,0.3205054254381792,0.6550142765045166,0.5875027397776064,0.27697287987396174,0.4505831353838406,0.385009765625,0.57958984375,0.6940678954124451,0.460583089091812,0.291427653035707,0.3185262360011033,0.298095703125,0.52197265625,0.5894070267677307,0.774133938189865,0.292460719923953,0.07117247485676503,0.41015625,0.568115234375,1.6571741104125977,35.91360378265381,35.87726020812988,35.90994954109192,True,True,True,False,True,-0.03905361890792847,0.06560724973678589,0.10466086864471436,0.2823758125305176,0.2433221936225891,0.34798306226730347,Equal mixture
ID,43,intrusions,0.21161149442195892,0.297251163924467,0.034510112023136114,0.1615774780511856,0.6638207203534174,0.03836798780715453,0.8606649523491452,0.893798828125,0.982177734375,0.22689566016197205,0.20938125095243054,0.03853782962120215,0.8587450590275112,0.786376953125,0.89306640625,0.20504938066005707,0.31756208092473076,0.037563672051362976,0.6911507018525551,0.796875,0.9365234375,1.6369752883911133,35.86394453048706,35.95075011253357,35.89196968078613,True,False,True,False,False,-0.06531818211078644,-0.04347190260887146,0.021846279501914978,0.050034016370773315,-0.015284165740013123,0.0065621137619018555,Unconditional
ID,44,faulted_layers,0.4405837059020996,0.18330483814471718,0.08053113109348842,0.2939912676811218,0.8310371311079011,0.1397098528704775,0.7766703289997774,0.627197265625,0.836181640625,0.546322226524353,-0.27509781892932084,0.16056400696319198,0.3941485509802429,0.508056640625,0.617919921875,0.4601672887802124,0.19786209009121652,0.15299796713633562,0.6635915264206544,0.306396484375,0.69287109375,2.127696990966797,35.8650324344635,35.87949728965759,35.93119144439697,True,False,False,False,False,-0.2523309588432312,-0.16617602109909058,0.08615493774414062,0.14659243822097778,-0.10573852062225342,-0.019583582878112793,Unconditional
ID,45,dykes,0.13529843091964722,0.2869189500389486,0.09864320116479758,0.16944476962089539,0.06834329407333027,0.14513441688210707,0.6633674470526322,0.817626953125,0.942138671875,0.13939118385314941,0.32984877289240094,0.15878322942569204,0.8024460708667045,0.806396484375,0.933349609375,0.14722606539726257,0.13628559071537638,0.14463223360369912,0.5669905129397529,0.921630859375,0.96484375,2.11832594871521,35.920201778411865,35.89040160179138,35.77686882019043,False,False,False,True,True,0.03005358576774597,0.022218704223632812,-0.00783488154411316,-0.03414633870124817,-0.004092752933502197,-0.011927634477615356,SimPEG L2
ID,46,faulted_layers,0.7113901972770691,-0.44333968911307836,0.12162172078161172,0.8674337863922119,-0.5486835388402839,0.1090274049935181,0.515703037663681,0.17333984375,0.455078125,0.592137336730957,0.1910854815490986,0.11645344274852006,0.7076393357253905,0.28564453125,0.784423828125,0.6323366761207581,0.28525833007484735,0.1214326754763581,0.28457505962606877,0.27099609375,0.47216796875,1.6475765705108643,35.902517318725586,35.89258313179016,35.883010387420654,False,True,True,True,True,0.2752964496612549,0.23509711027145386,-0.040199339389801025,-0.15604358911514282,0.11925286054611206,0.07905352115631104,Oracle conditional
ID,47,faulted_layers,0.7649285793304443,-0.7059180261891635,0.4870346994356913,0.35077306628227234,0.5121025128023098,0.3402451138635526,0.1754874612434073,0.494873046875,0.74658203125,0.34846556186676025,0.491829079018497,0.35966667883163755,0.6046915141724533,0.79736328125,0.990234375,0.2040269821882248,0.9080154977998361,0.3694734553897933,0.8263826101515197,0.937744140625,1.0,1.5976481437683105,35.95993947982788,35.88104319572449,35.79378867149353,True,True,True,True,True,0.002307504415512085,0.14674608409404755,0.14443857967853546,0.414155513048172,0.4164630174636841,0.5609015971422195,Equal mixture
ID,48,intrusions,0.2021278291940689,0.21097637634653366,0.015457953873057609,0.15535233914852142,0.6547831861101507,0.02691233606724012,0.8113739301662406,0.513427734375,0.883056640625,0.18018227815628052,0.4569621998073464,0.02648922152837356,0.9409957737656758,0.910400390625,0.952392578125,0.18349628150463104,0.47148036354389905,0.019508370679734235,0.8119841898552717,0.782470703125,0.951171875,1.6549501419067383,35.89395093917847,35.82525277137756,35.899394035339355,True,True,True,False,False,-0.024829939007759094,-0.02814394235610962,-0.003314003348350525,0.046775490045547485,0.02194555103778839,0.018631547689437866,Unconditional
ID,49,faulted_layers,0.7690420150756836,-0.5200716842451484,0.5952072223726624,0.22589106857776642,0.8583357837147434,0.3547972711428298,0.7598251911433226,0.26318359375,0.671875,0.2735941410064697,0.8149112770705783,0.4047973659572878,0.8300429344505517,0.717529296875,0.997314453125,0.24169887602329254,0.8607048789550853,0.42388183654752176,0.852521368500314,0.871337890625,0.98779296875,1.6144485473632812,35.84842586517334,35.95931696891785,35.94544196128845,True,True,True,False,False,-0.04770307242870331,-0.015807807445526123,0.031895264983177185,0.5431509464979172,0.49544787406921387,0.527343139052391,Unconditional
ID,50,faulted_layers,0.5187454223632812,-0.021395873395473206,0.06871016895459979,0.5083383917808533,0.17579830356057413,0.11688318191957867,0.33026856649333575,0.276611328125,0.5166015625,0.5261409282684326,-0.12201841852775162,0.1151429500572234,0.26240903375440183,0.45849609375,0.656494140625,0.5040322542190552,0.1235361424936029,0.12079144363765547,0.2774057962051417,0.422119140625,0.6142578125,2.105742931365967,35.94310259819031,35.81518602371216,35.92731690406799,True,False,True,False,True,-0.017802536487579346,0.004306137561798096,0.02210867404937744,0.010407030582427979,-0.007395505905151367,0.014713168144226074,Equal mixture
ID,51,dipping_layers,0.7504263520240784,-0.361637265838572,0.33772462734855657,0.2778964340686798,0.8648497348472415,0.3087794687690924,0.7218382111448038,0.24609375,0.594970703125,0.25988101959228516,0.858410668656941,0.3213244808823879,0.49202315429930976,0.23486328125,0.651123046875,0.2567024528980255,0.883631404921984,0.3252619680923362,0.667219328740445,0.296630859375,0.777099609375,2.107004404067993,35.937143325805664,35.82797694206238,35.967790842056274,True,True,True,True,True,0.018015414476394653,0.021193981170654297,0.0031785666942596436,0.47252991795539856,0.4905453324317932,0.49372389912605286,Equal mixture
ID,52,intrusions,0.2612667679786682,0.29945318165514545,0.04259574917587425,0.17753198742866516,0.750769568230075,0.04877092333026843,0.9207974058277405,0.7255859375,0.94873046875,0.16425663232803345,0.8009643644273493,0.05038637239416864,0.7349189921287027,0.9208984375,0.992431640625,0.21728982031345367,0.7950216186146623,0.04723450913070536,0.3541713391568675,0.8291015625,0.984619140625,1.6134567260742188,35.84161591529846,35.96402621269226,35.960235357284546,True,True,True,True,False,0.013275355100631714,-0.03975783288478851,-0.05303318798542023,0.08373478055000305,0.09701013565063477,0.04397694766521454,Oracle conditional
ID,53,horizontal_layers,0.534943163394928,0.09899577623560564,0.028885488281016076,0.5336201190948486,0.043784309744773334,0.08531074263295026,-0.04387968874644842,0.04296875,0.193115234375,0.5432710647583008,-0.21958594287483127,0.06600528430321095,-0.022112014743758783,0.105712890625,0.286376953125,0.5358197093009949,-0.04844214800527335,0.07269404217333116,-0.0459038162414429,0.09423828125,0.255615234375,2.0913383960723877,35.930904150009155,35.84022116661072,35.92413544654846,True,False,False,False,False,-0.009650945663452148,-0.0021995902061462402,0.007451355457305908,0.0013230443000793457,-0.008327901363372803,-0.0008765459060668945,Unconditional
ID,54,blobs,0.13834892213344574,0.4654769983888472,0.10490833645178536,0.20602548122406006,0.49493888140980524,0.11174462225577936,0.4877504031070407,0.29833984375,0.8740234375,0.19185477495193481,0.5950404212628573,0.11241327141753243,0.5022744312420093,0.1005859375,0.195068359375,0.10318513214588165,0.7111078294473515,0.10533261619386793,0.344577958712162,0.953857421875,0.999755859375,1.647521734237671,35.95806622505188,35.92254686355591,35.82968997955322,False,False,True,True,True,0.014170706272125244,0.1028403490781784,0.08866964280605316,-0.06767655909061432,-0.053505852818489075,0.03516378998756409,Equal mixture
ID,55,blobs,0.2095443457365036,0.3540753646988922,0.10316341954437484,0.1907988339662552,0.7316546230545204,0.12232956987627104,0.5667371233773194,0.17529296875,0.7294921875,0.13979530334472656,0.8528445777216159,0.12980850729557597,0.4418815333926682,0.061767578125,0.1083984375,0.1638265699148178,0.68776471527444,0.11428544558522631,0.6040261002739872,0.73779296875,0.99072265625,1.6089482307434082,35.935558795928955,35.82476878166199,35.88289523124695,True,True,True,True,True,0.051003530621528625,0.026972264051437378,-0.024031266570091248,0.018745511770248413,0.06974904239177704,0.04571777582168579,Oracle conditional
ID,56,blobs,0.2463436871767044,0.32312635049681404,0.1816603125541539,0.24354133009910583,0.5533267757212489,0.18787428914187598,0.22285081948889288,0.310791015625,0.8837890625,0.2554580271244049,0.5377487493312652,0.204864195304641,0.21214424291815243,0.1630859375,0.3642578125,0.1600627452135086,0.6602798385752704,0.18353698315605066,0.09639306725622743,0.899658203125,0.98388671875,1.6310296058654785,35.93470287322998,35.89368176460266,35.80457830429077,True,False,True,False,True,-0.011916697025299072,0.08347858488559723,0.0953952819108963,0.0028023570775985718,-0.0091143399477005,0.0862809419631958,Equal mixture
ID,57,faulted_layers,0.715573251247406,-0.12042066026475855,0.24874859633706295,0.6837098002433777,0.04112301327423958,0.19740536276204193,-0.064837633745184,0.330322265625,0.507080078125,0.5706133246421814,0.4460287959857505,0.1934068055000788,0.2804352079283348,0.636962890625,0.9619140625,0.6221747994422913,0.24237813866063718,0.20646340951400086,0.33918563342506924,0.311279296875,0.67724609375,1.6253280639648438,35.922043561935425,35.86419868469238,35.90165090560913,True,True,True,True,True,0.11309647560119629,0.061535000801086426,-0.05156147480010986,0.03186345100402832,0.1449599266052246,0.09339845180511475,Oracle conditional
ID,58,faulted_layers,0.49648547172546387,0.23304465735706756,0.076645849329282,0.34959477186203003,0.8511665993990511,0.11329369572539556,0.4718669906083726,0.36865234375,0.66357421875,0.5980972647666931,-0.14585706093784778,0.11840021587885159,0.08823867666389222,0.409912109375,0.608154296875,0.5466592907905579,0.04387808056678174,0.1177586415081115,0.17842339928652004,0.37841796875,0.60986328125,2.0569167137145996,36.00698733329773,35.82762265205383,35.929033041000366,True,False,False,False,False,-0.24850249290466309,-0.19706451892852783,0.051437973976135254,0.14689069986343384,-0.10161179304122925,-0.050173819065093994,Unconditional
ID,59,horizontal_layers,0.7568414807319641,-0.5746814412140899,0.4759118825405327,0.2891654968261719,0.7336811662248749,0.29851829635486393,0.4121205657325074,0.2666015625,0.823486328125,0.2932654321193695,0.7268410034487786,0.3450549345236646,0.7505376306465094,0.60693359375,0.941162109375,0.25873637199401855,0.8503868427933338,0.3545821992315351,0.8038139287794663,0.88720703125,1.0,1.5138123035430908,35.801098585128784,35.92754936218262,35.93354368209839,True,True,True,False,True,-0.004099935293197632,0.03042912483215332,0.03452906012535095,0.46767598390579224,0.4635760486125946,0.49810510873794556,Equal mixture
ID,60,faulted_layers,0.4286276698112488,0.1846208054231819,0.09726284938794293,0.3760650157928467,0.5079322364017357,0.07689450213520636,0.5338646926613664,0.6708984375,0.935546875,0.4778790771961212,0.29465403835003845,0.10450871866720364,0.19222893821089723,0.44189453125,0.6318359375,0.4357599914073944,0.3242880716539875,0.08668095145395834,0.6207175436205443,0.23291015625,0.69580078125,1.594686508178711,35.842265129089355,35.86786484718323,35.79282903671265,True,False,False,False,False,-0.10181406140327454,-0.05969497561454773,0.04211908578872681,0.0525626540184021,-0.049251407384872437,-0.00713232159614563,Unconditional
ID,61,intrusions,0.16226622462272644,0.20364969773233121,0.006927725536353188,0.14388813078403473,0.49917630717528266,0.01758573297731798,0.7464391583945362,0.80615234375,0.95654296875,0.13686403632164001,0.5825537230908503,0.011291918562409296,0.9185649510938344,0.942626953125,0.966064453125,0.1585121601819992,0.23962297205748645,0.010926019306715284,0.6959323562701892,0.95166015625,0.9609375,1.6031227111816406,35.92354106903076,35.777265548706055,35.76890993118286,True,True,True,True,False,0.007024094462394714,-0.014624029397964478,-0.021648123860359192,0.01837809383869171,0.025402188301086426,0.003754064440727234,Oracle conditional
ID,62,intrusions,0.19036899507045746,0.24584633528602037,0.01685526717080384,0.1405065655708313,0.7844146544848357,0.022850897023810317,0.5506858610789837,0.100830078125,0.93115234375,0.16438721120357513,0.5603461637453192,0.027283009174077336,0.8943792249683946,0.035400390625,0.201904296875,0.17529726028442383,0.4310262871598602,0.02165412210993669,0.7111025728616535,0.69140625,0.91015625,1.6145944595336914,35.90830945968628,35.83314371109009,35.87549448013306,True,True,True,False,False,-0.023880645632743835,-0.03479069471359253,-0.010910049080848694,0.04986242949962616,0.025981783866882324,0.01507173478603363,Unconditional
ID,63,intrusions,0.17305973172187805,0.3151326703751695,0.0321367849535169,0.15926183760166168,0.6043533256284965,0.03783531338577348,0.7648474948568681,0.64697265625,0.984130859375,0.22212675213813782,0.438450579871369,0.04825436248116126,0.5783918249812693,0.2001953125,0.940673828125,0.15817025303840637,0.4780810440469731,0.03573170361083097,0.8520728180605549,0.8828125,0.978271484375,1.6206092834472656,35.949381589889526,35.809574127197266,35.865930795669556,True,False,True,False,True,-0.06286491453647614,0.00109158456325531,0.06395649909973145,0.01379789412021637,-0.049067020416259766,0.01488947868347168,Equal mixture
ID,64,blobs,0.28141820430755615,-0.03151007061443956,0.21031943867239697,0.3139726221561432,-0.08868435460569249,0.1952205192996071,0.5005535265557493,0.415283203125,0.619384765625,0.3484150171279907,-0.05317107463989133,0.2067502743476345,0.1640000164005915,0.248779296875,0.4599609375,0.24464979767799377,0.2949682061352104,0.19316842632056094,0.2519930142506393,0.726318359375,0.988037109375,1.688175916671753,35.9345498085022,35.87177133560181,35.92156624794006,False,False,True,False,True,-0.034442394971847534,0.06932282447814941,0.10376521944999695,-0.032554417848587036,-0.06699681282043457,0.03676840662956238,Equal mixture
ID,65,dykes,0.169416606426239,0.24328761966149975,0.09363318663279939,0.19036860764026642,0.15160384635076282,0.15942474667470105,0.9043800612029843,0.899169921875,0.982177734375,0.14681529998779297,0.5092806419349913,0.1661289019292754,0.9429790943580346,0.0927734375,0.918212890625,0.19845090806484222,0.06023060763912668,0.15700287998093376,0.8067456134427671,0.896728515625,0.93701171875,2.1656830310821533,35.95652461051941,35.83366322517395,35.9147264957428,False,True,False,True,False,0.04355330765247345,-0.008082300424575806,-0.051635608077049255,-0.020952001214027405,0.022601306438446045,-0.02903430163860321,Oracle conditional
ID,66,intrusions,0.22447235882282257,0.5131239716674719,0.1724431393468449,0.18442299962043762,0.6911393276172477,0.16933972279703985,0.6777458935114616,0.862548828125,0.984619140625,0.12747953832149506,0.9083205798015123,0.1765908046381109,0.5032679605376857,0.71142578125,0.884521484375,0.1577884703874588,0.7994552755278589,0.1707861671712535,0.31497183135171564,0.961181640625,0.988525390625,1.6753265857696533,35.96475791931152,35.85336184501648,35.929341077804565,True,True,True,True,True,0.056943461298942566,0.02663452923297882,-0.030308932065963745,0.04004935920238495,0.09699282050132751,0.06668388843536377,Oracle conditional
ID,67,blobs,0.2539462149143219,0.6066013140800647,0.19028884158349155,0.2430564910173416,0.6213945217728363,0.17931401103455535,0.2228477587067974,0.578857421875,0.9033203125,0.23075026273727417,0.7377318654477732,0.1997061761770344,0.4685210998691902,0.45751953125,0.585205078125,0.21844632923603058,0.7164478660095843,0.18216511213123357,0.2691814572808623,0.814453125,0.934326171875,1.917452096939087,35.982571601867676,35.91660714149475,36.1288480758667,True,True,True,True,True,0.012306228280067444,0.024610161781311035,0.012303933501243591,0.010889723896980286,0.02319595217704773,0.03549988567829132,Equal mixture
ID,68,intrusions,0.2080109417438507,0.2996342904162821,0.016915986257407447,0.15695920586585999,0.7328942975302585,0.02481999842342619,0.9109958307153855,0.35546875,0.85400390625,0.16267645359039307,0.620020868628131,0.022552639644432916,0.8808899229736971,0.899658203125,0.9853515625,0.17854736745357513,0.589947204344693,0.020141618331314635,0.8694949177654225,0.9072265625,0.947509765625,1.9860177040100098,36.03867745399475,36.02148199081421,35.992090702056885,True,True,True,False,False,-0.005717247724533081,-0.02158816158771515,-0.015870913863182068,0.05105173587799072,0.04533448815345764,0.029463574290275574,Unconditional
ID,69,intrusions,0.16685184836387634,0.286567327293777,0.011188303088820375,0.16809752583503723,0.1626652899311228,0.027808946549359018,0.8769671240014917,0.799560546875,0.92333984375,0.1597667783498764,0.36624023785620874,0.016605138409167587,0.740114340616114,0.929931640625,0.983154296875,0.15582656860351562,0.5016760580258406,0.014081242882725737,0.5202955142049497,0.931640625,0.963623046875,1.923976182937622,35.98744606971741,35.95784664154053,35.97352337837219,False,True,True,True,True,0.008330747485160828,0.012270957231521606,0.003940209746360779,-0.0012456774711608887,0.007085070013999939,0.011025279760360718,Equal mixture
ID,70,horizontal_layers,0.6156956553459167,0.19865291548181305,0.11123996762061146,0.6771087050437927,-0.14777055354549234,0.11041809361890022,0.5891382392308184,0.170166015625,0.397216796875,0.6395899653434753,0.07348190704923038,0.11512371603211446,0.4553232194793218,0.044189453125,0.4033203125,0.6552861928939819,-0.09848558751673968,0.11575780606224322,0.33914724142497266,0.07958984375,0.399658203125,1.9066920280456543,35.97686743736267,35.94096612930298,35.96880388259888,False,False,False,True,True,0.03751873970031738,0.02182251214981079,-0.015696227550506592,-0.06141304969787598,-0.023894309997558594,-0.039590537548065186,SimPEG L2
ID,71,faulted_layers,0.41180387139320374,0.13121579679064038,0.1922034614665827,0.42879924178123474,0.09934342827768061,0.15726064214487812,0.31516457871350745,0.377685546875,0.7548828125,0.48424673080444336,-0.16361119083858866,0.1664428955162215,-0.24305012895292719,0.443115234375,0.738037109375,0.45484688878059387,0.0009433187789348474,0.16776505784844425,0.3079447372309099,0.402587890625,0.631103515625,1.7925608158111572,35.81763315200806,35.99157929420471,35.96187973022461,False,False,False,False,False,-0.05544748902320862,-0.02604764699935913,0.029399842023849487,-0.016995370388031006,-0.07244285941123962,-0.04304301738739014,SimPEG L2
ID,72,horizontal_layers,0.6367921829223633,0.08578777059983538,0.06271304066495312,0.6461318731307983,0.06751732600763737,0.11801184750326942,0.35593620038583584,0.071044921875,0.211669921875,0.5986174941062927,0.43593185590377,0.09952375097131869,0.8076485290278974,0.038330078125,0.1455078125,0.6633822321891785,-0.04370082938668454,0.12217169452205966,0.5091972572385204,0.119873046875,0.41015625,2.2601561546325684,35.925480365753174,35.859883546829224,35.91652178764343,False,True,False,True,False,0.047514379024505615,-0.017250359058380127,-0.06476473808288574,-0.009339690208435059,0.03817468881607056,-0.026590049266815186,Oracle conditional
ID,73,dipping_layers,0.44303303956985474,0.10920381912496942,0.08523672539158704,0.5096122026443481,-0.07361076770904446,0.13209730503182388,0.5745810800134726,0.413818359375,0.746337890625,0.4299588203430176,0.2134348847301584,0.13601413211356186,0.5776180509291895,0.55712890625,0.86669921875,0.4492318332195282,0.061758882917952417,0.14220141238024464,0.6436830714004015,0.363037109375,0.70751953125,2.2168233394622803,36.00446653366089,35.80910611152649,35.952402114868164,False,True,False,True,True,0.07965338230133057,0.060380369424819946,-0.01927301287651062,-0.06657916307449341,0.013074219226837158,-0.006198793649673462,Oracle conditional
ID,74,horizontal_layers,0.42005786299705505,0.12951272521399165,0.1608236720743746,0.41072550415992737,0.2832860535807703,0.14495950163250404,0.5042942420565246,0.523193359375,0.908203125,0.43328166007995605,0.3545659500069729,0.15854618492686684,0.3330293621269426,0.36474609375,0.580078125,0.43550270795822144,0.18309810646676258,0.1679471040891928,0.48023432415328704,0.341552734375,0.711669921875,1.7311172485351562,35.871521949768066,35.9941623210907,35.95788025856018,True,False,False,False,False,-0.022556155920028687,-0.024777203798294067,-0.002221047878265381,0.009332358837127686,-0.013223797082901001,-0.015444844961166382,Unconditional
ID,75,blobs,0.16601680219173431,0.45201779656784424,0.016640788149800367,0.11524082720279694,0.797606416018032,0.023570721307738053,0.6729204312185298,0.6826171875,0.92138671875,0.11904965341091156,0.7849049277778387,0.0189842929266065,0.7708767681835343,0.34228515625,0.626220703125,0.1378941684961319,0.7689428983563328,0.021554361197922933,0.6185230287005882,0.710205078125,0.995361328125,1.72737717628479,35.913334131240845,35.837650537490845,35.818015336990356,True,True,True,False,False,-0.003808826208114624,-0.02265334129333496,-0.018844515085220337,0.05077597498893738,0.046967148780822754,0.028122633695602417,Unconditional
ID,76,horizontal_layers,0.8447458148002625,-0.6098596583271385,0.46605405840773134,0.5172785520553589,0.24204868507896926,0.3994711589320984,0.22353626600839738,0.216552734375,0.403076171875,0.4815925061702728,0.4314540516691506,0.4325706023033692,0.3141751970472507,0.263916015625,0.63134765625,0.3969484865665436,0.8095361906523745,0.43957404911092934,0.3380966577371405,0.46875,0.7294921875,1.665625810623169,35.88571119308472,35.9496488571167,36.03271508216858,True,True,True,True,True,0.03568604588508606,0.12033006548881531,0.08464401960372925,0.32746726274490356,0.3631533086299896,0.44779732823371887,Equal mixture
ID,77,intrusions,0.13948015868663788,0.3532308347928073,0.06015227218788402,0.21183952689170837,0.22599107682009956,0.06652193354716786,0.7965581901821428,0.277099609375,0.609130859375,0.22411707043647766,0.06846119086364673,0.06807808857266893,0.7704918377738864,0.3505859375,0.93603515625,0.1460329294204712,0.23340324352595546,0.06509017613900775,0.5014267996207993,0.905517578125,0.9638671875,1.7134876251220703,35.99190616607666,35.9615581035614,35.951990842819214,False,False,False,False,True,-0.012277543544769287,0.06580659747123718,0.07808414101600647,-0.0723593682050705,-0.08463691174983978,-0.006552770733833313,SimPEG L2
ID,78,dykes,0.14962823688983917,0.43948566721747406,0.12074424139864395,0.14438332617282867,0.49723498737253213,0.1559992921106315,0.8071468196357428,0.936279296875,0.994873046875,0.13917361199855804,0.5400255764833782,0.16519535059321327,0.9319223378137963,0.893310546875,0.962890625,0.15259858965873718,0.4281363701704073,0.1500636078539361,0.6237391053685365,0.938720703125,0.975341796875,2.334852695465088,36.01374268531799,35.96031665802002,36.1715612411499,True,True,False,True,False,0.00520971417427063,-0.008215263485908508,-0.013424977660179138,0.005244910717010498,0.010454624891281128,-0.0029703527688980103,Oracle conditional
ID,79,dykes,0.18392549455165863,0.40161515681141613,0.13124012511367905,0.16478288173675537,0.5593673481551568,0.21338650993448785,0.7143410217532193,0.932861328125,0.975341796875,0.14982543885707855,0.670349844571937,0.21253249956918147,0.9370698572927815,0.302001953125,0.92724609375,0.18045800924301147,0.43421618522016936,0.20590447507320628,0.2283493162540813,0.829833984375,0.974853515625,2.7511231899261475,36.13506078720093,36.08972144126892,36.142181158065796,True,True,True,True,False,0.014957442879676819,-0.015675127506256104,-0.030632570385932922,0.01914261281490326,0.03410005569458008,0.0034674853086471558,Oracle conditional
ID,80,horizontal_layers,0.4366542398929596,0.09475540638436236,0.12941700500835926,0.23666293919086456,0.8854546191733286,0.11454749026975888,0.6571257549161542,0.392578125,0.789794921875,0.5105870962142944,-0.3699499942647635,0.11889372857661872,0.7183059396410094,0.333740234375,0.57666015625,0.42067548632621765,0.3963339712425992,0.14200831483810603,0.47643378964509914,0.36328125,0.72900390625,2.1037378311157227,36.148300886154175,36.05761694908142,36.08023428916931,True,False,True,False,False,-0.27392415702342987,-0.1840125471353531,0.08991160988807678,0.19999130070209503,-0.07393285632133484,0.015978753566741943,Unconditional
ID,81,intrusions,0.22713898122310638,0.3112545664426722,0.04058888648997961,0.14517822861671448,0.7973388760927499,0.047719169304433054,0.7484880556919672,0.83642578125,0.9677734375,0.19023796916007996,0.580078402360968,0.048182053927120806,0.9105179413670192,0.8486328125,0.95703125,0.2193036675453186,0.33399572168243424,0.04671297126826579,0.7239827985385425,0.7705078125,0.8896484375,2.1186063289642334,36.10003399848938,36.0102858543396,36.16128611564636,True,True,True,False,False,-0.04505974054336548,-0.07412543892860413,-0.029065698385238647,0.0819607526063919,0.03690101206302643,0.00783531367778778,Unconditional
ID,82,blobs,0.20226198434829712,0.4856913411243954,0.028284717066498113,0.19452711939811707,0.549198184096397,0.029740607218420728,0.7494537221211185,0.25244140625,0.740966796875,0.11349518597126007,0.8774813211221796,0.029196829018888443,0.633995743421089,0.59375,0.743408203125,0.15586820244789124,0.8177463092076611,0.03172529277987259,0.802720758719841,0.740234375,0.994384765625,2.066882610321045,36.05150246620178,36.13511633872986,36.01751351356506,True,True,True,True,True,0.081031933426857,0.03865891695022583,-0.042373016476631165,0.007734864950180054,0.08876679837703705,0.046393781900405884,Oracle conditional
ID,83,dykes,0.22595523297786713,0.2563479611015045,0.1261167662892658,0.22163431346416473,0.338741983911548,0.20004263768113326,0.7012907382827069,0.833251953125,0.941650390625,0.161383718252182,0.7194450877717192,0.1930436684329224,0.9252403358955695,0.714599609375,0.9306640625,0.20719116926193237,0.41996498420692036,0.19671481542670755,0.4606010645041151,0.77783203125,0.951416015625,2.7187349796295166,36.185770750045776,35.99636673927307,36.09935665130615,True,True,True,True,True,0.06025059521198273,0.01444314420223236,-0.045807451009750366,0.004320919513702393,0.06457151472568512,0.018764063715934753,Oracle conditional
ID,84,dykes,0.17405728995800018,0.4334933406751388,0.1295881435606462,0.19320766627788544,0.264808027080942,0.17483616243734093,0.7689890115547895,0.8671875,0.96044921875,0.17666968703269958,0.40316571504545134,0.1741712038084591,0.8974107370565526,0.897705078125,0.956298828125,0.17572025954723358,0.4237711670412506,0.17515561844669,0.6644881610080994,0.9306640625,0.97412109375,2.7656869888305664,36.102235317230225,36.0250449180603,36.09423613548279,False,False,False,True,True,0.016537979245185852,0.017487406730651855,0.0009494274854660034,-0.019150376319885254,-0.002612397074699402,-0.0016629695892333984,SimPEG L2
ID,85,faulted_layers,0.8838499188423157,-0.6141115196649494,0.4592499379358976,0.4898359775543213,0.4038856729743118,0.35055743429091024,0.3368117981532413,0.168701171875,0.436767578125,0.49025100469589233,0.4282612196295082,0.42296383626277473,0.6030799488310469,0.220947265625,0.7451171875,0.38148292899131775,0.8363282333242994,0.391863962245082,0.5943208613530456,0.44189453125,0.96337890625,2.1075048446655273,36.12607479095459,36.020848751068115,36.160457611083984,True,True,True,False,True,-0.0004150271415710449,0.10835304856300354,0.10876807570457458,0.3940139412879944,0.39359891414642334,0.5023669898509979,Equal mixture
ID,86,blobs,0.1762920320034027,0.6811096001652786,0.09640660309951235,0.14466851949691772,0.8447673330006551,0.10605706929150846,0.2900343215857092,0.5947265625,0.88720703125,0.09505928307771683,0.9183517427425526,0.10450567522343353,0.5144145079981801,0.269287109375,0.419677734375,0.12308468669652939,0.8757301351239934,0.10159879232769799,0.7629099442402241,0.904541015625,0.9990234375,2.1107702255249023,36.103610038757324,36.026580572128296,36.08809494972229,True,True,True,True,True,0.0496092364192009,0.021583832800388336,-0.02802540361881256,0.031623512506484985,0.08123274892568588,0.05320734530687332,Oracle conditional
ID,87,blobs,0.3571861684322357,0.3319226538157787,0.29952482180620227,0.24037405848503113,0.6795468102540628,0.25542403685307263,0.49237309193513157,0.720703125,0.940185546875,0.24871796369552612,0.6977001971796958,0.29984742232189987,0.6155518408046785,0.115966796875,0.281982421875,0.22115010023117065,0.7547396274172483,0.2662008756661163,0.6434892560868087,0.78857421875,0.98583984375,2.0336194038391113,36.12686228752136,35.99575066566467,36.159194231033325,True,True,True,False,True,-0.008343905210494995,0.019223958253860474,0.02756786346435547,0.11681210994720459,0.1084682047367096,0.13603606820106506,Equal mixture
ID,88,faulted_layers,0.367286741733551,0.35882405335318035,0.09986310792944379,0.34173426032066345,0.4261373504325272,0.1026153384836764,0.5975315671395873,0.242919921875,0.76025390625,0.44598808884620667,-0.044963475657927375,0.12083713845181725,0.6820794344209915,0.3232421875,0.73681640625,0.4022503197193146,0.17897631184584567,0.11315159655301743,0.28653325951949565,0.38232421875,0.8037109375,2.158829927444458,36.15805172920227,36.05087661743164,36.17983531951904,True,False,False,False,False,-0.10425382852554321,-0.06051605939865112,0.04373776912689209,0.025552481412887573,-0.07870134711265564,-0.03496357798576355,Unconditional
ID,89,dipping_layers,0.3692066967487335,0.12991080086636558,0.13787541972445705,0.30833709239959717,0.591433489358909,0.12038177744089161,0.6647104837268476,0.646484375,0.956787109375,0.37584078311920166,0.19483634735336677,0.13897647383445957,0.5071985662653886,0.296142578125,0.50732421875,0.33116093277931213,0.528021238148074,0.14867817565040478,0.5356188110121761,0.179931640625,0.851806640625,2.1024017333984375,36.09473705291748,36.07432675361633,36.15402793884277,True,False,True,False,False,-0.06750369071960449,-0.022823840379714966,0.044679850339889526,0.06086960434913635,-0.00663408637046814,0.03804576396942139,Unconditional
ID,90,dipping_layers,0.7165548801422119,-0.36934902079044335,0.08983604578524221,0.7341803312301636,0.09173183831343044,0.13270462572728495,-0.21736396283998294,0.30029296875,0.485107421875,0.6297138929367065,0.2964483440117018,0.15564030323522027,0.17194437928678494,0.367431640625,0.7041015625,0.6954997181892395,-0.18290564276706864,0.15729255675672774,0.243014971777687,0.202880859375,0.403076171875,2.766115427017212,36.139366149902344,36.08540725708008,36.10978984832764,False,True,True,True,True,0.10446643829345703,0.03868061304092407,-0.06578582525253296,-0.01762545108795166,0.08684098720550537,0.021055161952972412,Oracle conditional
ID,91,faulted_layers,0.5716308355331421,0.14129780164400024,0.12193303885034577,0.6112502217292786,0.005384691681025976,0.16412483995614816,0.13183626701934348,0.124267578125,0.38330078125,0.5276772379875183,0.2154007274774628,0.1791870851483027,0.12567622291894567,0.50048828125,0.890625,0.5550925731658936,0.07695492075055767,0.18669683124955944,0.2583044233730446,0.396484375,0.712890625,2.6905949115753174,36.18206238746643,36.054607629776,36.165080070495605,False,True,True,True,True,0.08357298374176025,0.05615764856338501,-0.027415335178375244,-0.039619386196136475,0.04395359754562378,0.016538262367248535,Oracle conditional
ID,92,horizontal_layers,0.9876135587692261,-0.35628237428406734,0.2586047902585986,0.48939248919487,0.7786522822629632,0.21801760839194012,0.5078015104385399,0.1318359375,0.273193359375,0.4924376308917999,0.7588700573219751,0.2881232398665813,0.6415664997977257,0.115478515625,0.406494140625,0.49365440011024475,0.7778998827021769,0.2575034301504191,0.4862876825931616,0.138916015625,0.302978515625,2.7142534255981445,36.06223177909851,36.076935052871704,36.14846158027649,True,True,True,False,False,-0.0030451416969299316,-0.004261910915374756,-0.0012167692184448242,0.4982210695743561,0.49517592787742615,0.4939591586589813,Unconditional
ID,93,horizontal_layers,0.5465258359909058,-0.0633123155357878,0.03639808758176521,0.6621934771537781,-0.27309032893597024,0.0788794337014993,0.5615765393044786,0.107177734375,0.219482421875,0.5315603017807007,0.17371040162772633,0.056190722803077596,0.6802786646070634,0.154296875,0.40625,0.5350990295410156,0.12415439136840511,0.07782007674858175,0.37038964232656835,0.151123046875,0.33544921875,2.7672853469848633,36.06164026260376,36.06031513214111,36.09544014930725,False,True,True,True,True,0.1306331753730774,0.12709444761276245,-0.0035387277603149414,-0.11566764116287231,0.014965534210205078,0.011426806449890137,Oracle conditional
ID,94,faulted_layers,0.6451655030250549,0.0454936371974225,0.15383907372302813,0.646703839302063,-0.05253142115280554,0.25714035047374734,0.6363691619550401,0.09375,0.29931640625,0.6065073013305664,0.15077795652650666,0.2743142633874484,0.6530031361992279,0.150390625,0.73583984375,0.5779895782470703,0.23803157852421544,0.25444858842436735,0.40921208460542696,0.350830078125,0.798828125,2.7220232486724854,36.17395901679993,36.190420627593994,36.01644253730774,False,True,True,True,True,0.04019653797149658,0.06871426105499268,0.028517723083496094,-0.0015383362770080566,0.038658201694488525,0.06717592477798462,Equal mixture
ID,95,blobs,0.21623601019382477,0.07991291941288847,0.0047072721179103345,0.21073369681835175,0.231333869185707,0.025546411825397648,0.8111718032658498,0.534912109375,0.762939453125,0.22021012008190155,-0.14665142505232126,0.021650578924331896,0.5288978079848866,0.158203125,0.355224609375,0.22179050743579865,-0.18134639374973477,0.01254771551091556,0.7425734061628562,0.665771484375,0.841064453125,2.139157772064209,36.102848291397095,36.03553247451782,36.07102870941162,True,False,False,False,False,-0.009476423263549805,-0.0110568106174469,-0.0015803873538970947,0.0055023133754730225,-0.003974109888076782,-0.005554497241973877,Unconditional
ID,96,faulted_layers,0.6732315421104431,-0.004072213612014634,0.09839265611632622,0.7600706815719604,-0.09818877742133146,0.14667722820722548,0.12919456688077405,0.287841796875,0.525146484375,0.5763890147209167,0.3548167595287602,0.15686020717359928,0.42832126665873327,0.494384765625,0.754638671875,0.6457975506782532,0.10688124497987485,0.16929590333225436,0.3673819057148733,0.412841796875,0.682861328125,2.73128342628479,36.211183071136475,36.00313377380371,36.16031837463379,False,True,True,True,True,0.1836816668510437,0.11427313089370728,-0.06940853595733643,-0.08683913946151733,0.09684252738952637,0.02743399143218994,Oracle conditional
ID,97,blobs,0.28502246737480164,0.15624807143550853,0.23090898953834008,0.26680323481559753,0.37358398164341244,0.22385879233675052,0.41415833379713207,0.35546875,0.79931640625,0.23727792501449585,0.5360423195645633,0.23104140289313319,0.7708912086319526,0.1708984375,0.49169921875,0.21134908497333527,0.5450559506370038,0.21928793723910922,0.24649358745367,0.766357421875,0.971923828125,2.099496364593506,36.05399799346924,36.05113506317139,36.091637134552,True,True,True,True,True,0.029525309801101685,0.05545414984226227,0.025928840041160583,0.0182192325592041,0.047744542360305786,0.07367338240146637,Equal mixture
ID,98,dykes,0.2000444382429123,0.19959322032881113,0.1370031165655286,0.21224427223205566,0.15858742759233452,0.19215489148577633,0.7680535531581193,0.42822265625,0.923828125,0.1905524879693985,0.35731729054924066,0.19989956764728364,0.9203796812129069,0.681884765625,0.945556640625,0.20007868111133575,0.24515919162643135,0.18967083607560065,0.5771433100702479,0.923095703125,0.956787109375,2.768136739730835,36.195470094680786,36.02645254135132,36.19751715660095,False,True,False,True,True,0.021691784262657166,0.01216559112071991,-0.009526193141937256,-0.012199833989143372,0.009491950273513794,-3.4242868423461914e-05,Oracle conditional
ID,99,horizontal_layers,0.5701935887336731,-0.12550356503523133,0.02857071512095004,0.5821576714515686,0.07483748855950116,0.08120854310668714,0.04946819423089216,0.063720703125,0.175537109375,0.565230131149292,0.06873095619391144,0.05374668860337368,0.225197219315436,0.041748046875,0.06982421875,0.5607840418815613,0.27420426304523543,0.07742585836292162,0.176441307474911,0.024169921875,0.196533203125,2.6927120685577393,36.10341763496399,36.063666105270386,36.143150091171265,False,True,True,True,True,0.01692754030227661,0.021373629570007324,0.004446089267730713,-0.011964082717895508,0.0049634575843811035,0.009409546852111816,Equal mixture
OOD,0,blobs,0.17383162677288055,0.3219348329278232,0.017904929773441377,0.1345597356557846,0.7080495108843436,0.023283365645610836,0.749883831704562,0.165771484375,0.8134765625,0.11453115940093994,0.7954681522270308,0.023904237751873104,0.8589977594533675,0.151123046875,0.271240234375,0.1507101058959961,0.708095343209759,0.023527037270060426,0.545743324570345,0.570556640625,0.98046875,2.1461901664733887,36.037853479385376,36.15345883369446,36.01787495613098,True,True,True,True,False,0.020028576254844666,-0.016150370240211487,-0.03617894649505615,0.03927189111709595,0.05930046737194061,0.02312152087688446,Oracle conditional
OOD,1,horizontal_layers,0.45686012506484985,0.0532798015790377,0.044979597958171726,0.47809717059135437,0.15293495841276364,0.1075264580813877,-0.0826812588625832,0.19140625,0.33349609375,0.4542917013168335,0.09267292103174748,0.1011531747620591,-0.4089217482275889,0.229736328125,0.26708984375,0.453072190284729,0.1358313551705909,0.10430794563904111,-0.07184588109202347,0.215576171875,0.403076171875,2.7015738487243652,36.2332489490509,36.02911901473999,36.094067096710205,False,True,True,True,True,0.023805469274520874,0.025024980306625366,0.0012195110321044922,-0.021237045526504517,0.0025684237480163574,0.0037879347801208496,Equal mixture
OOD,2,blobs,0.0869760811328888,0.3447890430116008,0.018646376078997877,0.12235043942928314,-0.019391548790699736,0.019775221870549625,0.75916809340637,0.90234375,0.9638671875,0.11308188736438751,-0.04738732959006456,0.024402335180622986,0.8488303388703072,0.6943359375,0.8671875,0.10095818340778351,0.06115779703141282,0.019604246868572248,0.7487643825434339,0.919189453125,0.97265625,2.103590488433838,36.13624954223633,36.119009494781494,36.054636001586914,False,False,False,True,True,0.00926855206489563,0.021392256021499634,0.012123703956604004,-0.03537435829639435,-0.026105806231498718,-0.013982102274894714,SimPEG L2
OOD,3,faulted_layers,1.0285215377807617,-0.2537303893651106,0.38308574151228086,0.8479112386703491,0.053487318124612174,0.30645442030785003,-0.0304408572973392,0.226318359375,0.288818359375,0.8373240232467651,0.0607067210816359,0.3231365262839819,0.03839192003024044,0.318359375,0.49267578125,0.7415253520011902,0.4108827566420622,0.3140993966391872,0.33622884078386983,0.294677734375,0.487060546875,2.129622459411621,36.12252616882324,36.088050365448,36.1257107257843,True,True,True,True,True,0.010587215423583984,0.10638588666915894,0.09579867124557495,0.1806102991104126,0.19119751453399658,0.28699618577957153,Equal mixture
OOD,4,blobs,0.2234346568584442,0.4764198844938451,0.011997186124105403,0.16448180377483368,0.7661991363033858,0.034011302562593174,0.4889531994522594,0.450927734375,0.7421875,0.17491371929645538,0.6989831330892304,0.034379353345567576,0.3520006331215059,0.366455078125,0.501953125,0.18772487342357635,0.6902840434420634,0.03132691152251612,0.4422008962029194,0.533935546875,0.77490234375,2.7993106842041016,36.09018802642822,36.03554940223694,36.111156702041626,True,True,True,False,False,-0.010431915521621704,-0.023243069648742676,-0.012811154127120972,0.058952853083610535,0.04852093756198883,0.03570978343486786,Unconditional
OOD,5,dykes,0.2543911039829254,0.048492214399627254,0.10241179264331143,0.33850806951522827,-0.1555585805123599,0.10510212606061363,0.5962722265993924,0.132080078125,0.73193359375,0.31707045435905457,-0.04059088781716758,0.10922392026668055,0.6768237422841783,0.022705078125,0.049560546875,0.2964300215244293,-0.13221004174276765,0.10235940245704028,0.4179976928879995,0.44287109375,0.813720703125,2.1418075561523438,36.04593348503113,36.04700064659119,36.11448287963867,False,False,False,True,True,0.021437615156173706,0.04207804799079895,0.020640432834625244,-0.08411696553230286,-0.06267935037612915,-0.042038917541503906,SimPEG L2
OOD,6,dipping_layers,0.4780190587043762,0.23636027102716886,0.202328979345461,0.4192218780517578,0.468289424444783,0.3049788623187422,0.697907876031504,0.70458984375,0.966064453125,0.3740745782852173,0.6272108229832339,0.31171960667744836,0.35325339333278566,0.80029296875,0.955810546875,0.4259624481201172,0.43228863978816084,0.2999069338441113,0.3076189103438797,0.6279296875,0.9443359375,2.7506020069122314,36.13890767097473,36.029176235198975,36.071534156799316,True,True,True,True,False,0.04514729976654053,-0.006740570068359375,-0.0518878698348999,0.05879718065261841,0.10394448041915894,0.05205661058425903,Oracle conditional
OOD,7,blobs,0.28757360577583313,0.4933449654523354,0.13215104180551562,0.25314590334892273,0.6538973191009628,0.12789372117803816,0.4663633062973268,0.53955078125,0.8759765625,0.20293249189853668,0.7927272830728607,0.13865369068489256,0.31165452277208583,0.12939453125,0.357421875,0.2265523374080658,0.7514264664042397,0.12613167502766245,0.15403120776917534,0.75048828125,0.908203125,2.160402536392212,36.12564206123352,36.00473690032959,36.15870928764343,True,True,True,True,True,0.05021341145038605,0.026593565940856934,-0.023619845509529114,0.0344277024269104,0.08464111387729645,0.061021268367767334,Oracle conditional
OOD,8,faulted_layers,0.4472714960575104,0.19947809365322858,0.0661067389665997,0.5016818642616272,-0.058037416614245926,0.08165072335286916,0.41799281423824874,0.157958984375,0.674560546875,0.5339136719703674,-0.0885214549259539,0.10578433052685438,0.5301759803896479,0.45556640625,0.617919921875,0.4764953851699829,0.08413601923711515,0.09442037667963923,0.4691039361852705,0.29736328125,0.674560546875,2.7732038497924805,36.12641167640686,36.07120895385742,36.0996356010437,False,False,False,False,True,-0.032231807708740234,0.025186479091644287,0.05741828680038452,-0.05441036820411682,-0.08664217591285706,-0.029223889112472534,SimPEG L2
OOD,9,dykes,0.20886175334453583,0.5263180734081637,0.17782404198664659,0.21082618832588196,0.5031253166479358,0.27441772277424037,0.8919622471654638,0.6982421875,0.975830078125,0.18919478356838226,0.6343962566770243,0.30400402289107764,0.8674055875292586,0.419921875,0.66455078125,0.21564114093780518,0.469481598739005,0.2826046351948371,0.3254138058815069,0.9033203125,0.97021484375,2.734041213989258,36.163439989089966,36.05387735366821,36.15224599838257,False,True,False,True,False,0.021631404757499695,-0.004814952611923218,-0.026446357369422913,-0.0019644349813461304,0.019666969776153564,-0.006779387593269348,Oracle conditional
OOD,10,dykes,0.18277695775032043,0.48692174519907916,0.12352454475686515,0.1643894910812378,0.6165381418435472,0.1987679061183145,0.5469649333182728,0.89892578125,0.973388671875,0.1754113733768463,0.531602877385533,0.19488734453873233,0.8960963389604965,0.204345703125,0.9189453125,0.18694207072257996,0.4389432246109529,0.19262658625315635,0.7218145874292903,0.62646484375,0.962890625,2.724888563156128,36.14633274078369,36.07289958000183,36.136807918548584,True,True,False,False,False,-0.01102188229560852,-0.022552579641342163,-0.011530697345733643,0.01838746666908264,0.007365584373474121,-0.0041651129722595215,Unconditional
OOD,11,blobs,0.23714739084243774,0.3562783954119456,0.06148316155739657,0.3131001889705658,0.09833839604671964,0.10125921194559945,0.4407498298770741,0.296875,0.978515625,0.3407176434993744,0.03920758456414644,0.12084997971552267,0.3423221982546775,0.23681640625,0.3759765625,0.25347137451171875,0.22113161635119133,0.10149145121799995,0.29263778338677765,0.540283203125,0.857177734375,2.727534532546997,36.06982159614563,36.054166316986084,36.08536100387573,False,False,False,False,True,-0.027617454528808594,0.059628814458847046,0.08724626898765564,-0.07595279812812805,-0.10357025265693665,-0.016323983669281006,SimPEG L2
OOD,12,faulted_layers,0.5085902214050293,-0.08731588746061825,0.1934941351331371,0.4579353630542755,0.34485742846236817,0.18399787112600008,0.4556338775186503,0.48974609375,0.915771484375,0.4910077154636383,0.10238190931149913,0.1988642540211946,0.19591200546173854,0.478759765625,0.6533203125,0.4346379339694977,0.416486394006046,0.18958130846941193,0.4345736293081035,0.3681640625,0.74755859375,2.086329221725464,36.09604024887085,36.01938056945801,36.130019187927246,True,True,True,False,True,-0.03307235240936279,0.023297429084777832,0.056369781494140625,0.050654858350753784,0.01758250594139099,0.07395228743553162,Equal mixture
OOD,13,faulted_layers,0.676876962184906,0.016965524617997038,0.06562419366112457,0.7932406067848206,-0.33308324591439237,0.12623812049865238,0.16692444285905395,0.056396484375,0.234375,0.6571698188781738,0.32086725681516076,0.1061545905063588,0.060959663854104895,0.093994140625,0.22021484375,0.6901286840438843,-0.0791168360449447,0.13242066720449827,0.26061526700251375,0.06591796875,0.248046875,2.6876440048217773,36.14011573791504,36.041871547698975,36.173959493637085,False,True,False,True,True,0.13607078790664673,0.10311192274093628,-0.03295886516571045,-0.11636364459991455,0.019707143306732178,-0.013251721858978271,Oracle conditional
OOD,14,dipping_layers,0.5614191293716431,-0.08218716410716334,0.0479119771744822,0.6352774500846863,-0.10601290699706864,0.09770397327182094,0.1778485408295566,0.111572265625,0.263671875,0.5324398875236511,0.10793980710773793,0.10690843626462869,0.14048878874547585,0.13134765625,0.63037109375,0.5587319731712341,-0.06474423440625615,0.12459492860880007,0.4172850918323324,0.126220703125,0.63671875,2.745432138442993,36.15300464630127,36.06611108779907,36.075504302978516,False,True,True,True,True,0.10283756256103516,0.07654547691345215,-0.026292085647583008,-0.07385832071304321,0.028979241847991943,0.0026871562004089355,Oracle conditional
OOD,15,intrusions,0.1929033100605011,0.22964908929696495,0.011374373444725012,0.1656893789768219,0.6501976996440395,0.03229848896074616,0.7449517221611537,0.649169921875,0.89892578125,0.16095632314682007,0.5581002213482018,0.015866350877825463,0.916428218391052,0.929443359375,0.953125,0.17982818186283112,0.37933293447639943,0.01241874497856525,0.7090101483060509,0.76513671875,0.94921875,2.1848888397216797,36.04164266586304,36.037039041519165,35.88477873802185,True,True,True,True,False,0.004733055830001831,-0.014138802886009216,-0.018871858716011047,0.0272139310836792,0.03194698691368103,0.013075128197669983,Oracle conditional
OOD,16,horizontal_layers,0.7512632608413696,-0.36114538417618447,0.30257127538268774,0.2840113341808319,0.8175706282337237,0.28044642132487846,0.6092473520935595,0.12646484375,0.37841796875,0.25590839982032776,0.8468342999495432,0.37825250225738427,0.6064299001450609,0.1298828125,0.51904296875,0.2813224196434021,0.8439481680185464,0.3351653734472612,0.5588488489073296,0.245849609375,0.71728515625,2.0618960857391357,35.9471549987793,35.79853916168213,35.86888241767883,True,True,True,True,True,0.02810293436050415,0.0026889145374298096,-0.02541401982307434,0.4672519266605377,0.49535486102104187,0.46994084119796753,Oracle conditional
OOD,17,intrusions,0.19586080312728882,0.23367376899009895,0.012417064628051916,0.18330901861190796,0.36862613483231155,0.016653441777054166,0.6225900170315807,0.0439453125,0.6923828125,0.17102348804473877,0.5831995145209184,0.018025853688420825,0.806516271251758,0.038818359375,0.273193359375,0.18085815012454987,0.48827273542872796,0.01542216273944556,0.6739936024631286,0.74755859375,0.9375,1.6762855052947998,35.931400299072266,35.784985065460205,35.906494140625,True,True,True,True,True,0.01228553056716919,0.0024508684873580933,-0.009834662079811096,0.01255178451538086,0.02483731508255005,0.015002653002738953,Oracle conditional
OOD,18,horizontal_layers,0.47746145725250244,0.2877674191033834,0.17623756992686856,0.4941404461860657,0.1967948508556516,0.16434601701039814,0.5952974645757088,0.489501953125,0.662353515625,0.558208167552948,0.12412084413209237,0.1671068877752994,-0.18437115979454388,0.3720703125,0.418701171875,0.579167366027832,-0.3248753248869164,0.17604126976504136,0.167051778120281,0.063232421875,0.4384765625,1.6096229553222656,35.89400315284729,35.96695899963379,35.76496434211731,False,False,False,False,False,-0.06406772136688232,-0.08502691984176636,-0.020959198474884033,-0.016678988933563232,-0.08074671030044556,-0.10170590877532959,SimPEG L2
OOD,19,faulted_layers,0.3917897641658783,0.07446326091411423,0.10199491768497314,0.42908361554145813,-0.12225388676830312,0.09318534469739535,0.3551574242852844,0.21337890625,0.788818359375,0.4613664448261261,0.042831171154053625,0.09771680923157136,0.16369105883438495,0.484130859375,0.583984375,0.4169533848762512,-0.05130635876128507,0.09793192634992179,0.30586011698645044,0.25048828125,0.58984375,1.6085546016693115,35.91736578941345,35.83865284919739,35.883580446243286,False,False,False,False,True,-0.03228282928466797,0.01213023066520691,0.04441305994987488,-0.037293851375579834,-0.0695766806602478,-0.025163620710372925,SimPEG L2
OOD,20,blobs,0.21181067824363708,0.6521865331412314,0.20885013027707164,0.16266801953315735,0.7850231810503545,0.1949193760096149,0.3428737277931655,0.8623046875,0.973388671875,0.17480909824371338,0.8421499036145654,0.23335331766208403,0.3560623427587539,0.20556640625,0.56103515625,0.17342853546142578,0.7688432861201252,0.209059984505352,0.5420271666919777,0.773681640625,0.99365234375,1.573169469833374,35.941078424453735,35.793763160705566,35.88438415527344,True,True,True,False,False,-0.01214107871055603,-0.010760515928268433,0.0013805627822875977,0.049142658710479736,0.037001579999923706,0.038382142782211304,Unconditional
OOD,21,blobs,0.2751723527908325,0.4245961191246631,0.02275618219712347,0.1988709568977356,0.7648093095553424,0.04506867956915556,0.6715019623586929,0.59228515625,0.911376953125,0.23533974587917328,0.6527209125760821,0.04660636574150983,0.2236005437424731,0.1669921875,0.462646484375,0.2716614007949829,0.45041058012832674,0.0457567533764777,0.7271469636342913,0.42626953125,0.820556640625,2.114712715148926,35.99378967285156,35.78260040283203,35.933239221572876,True,True,True,False,False,-0.03646878898143768,-0.07279044389724731,-0.03632165491580963,0.07630139589309692,0.03983260691165924,0.0035109519958496094,Unconditional
OOD,22,horizontal_layers,0.5947347283363342,0.02119542545932222,0.03455401517735745,0.6434509754180908,-0.012598526701603127,0.07616700169955395,0.2656544643238543,0.140869140625,0.228515625,0.6047132015228271,-0.15197198284281374,0.06603560880354263,0.32467087823530844,0.03759765625,0.0712890625,0.6074742674827576,-0.027327583066734194,0.1000410792902859,0.1813627329452115,0.052001953125,0.186279296875,2.085564136505127,35.81871271133423,35.95088005065918,35.8454167842865,False,False,False,True,True,0.03873777389526367,0.03597670793533325,-0.00276106595993042,-0.04871624708175659,-0.00997847318649292,-0.01273953914642334,SimPEG L2
OOD,23,horizontal_layers,0.529861569404602,0.12675451585830885,0.14060461725045267,0.5671666264533997,0.05162396946763516,0.12647480700077324,0.3230917235979534,0.368408203125,0.780517578125,0.5970964431762695,-0.2380942161400328,0.14590070141142614,0.05803599499724299,0.28515625,0.41357421875,0.5527717471122742,0.07398273950619753,0.14789902372213662,0.2777530271052042,0.223388671875,0.531005859375,1.593038558959961,35.86470079421997,35.87033033370972,35.81063628196716,False,False,False,False,True,-0.029929816722869873,0.014394879341125488,0.04432469606399536,-0.03730505704879761,-0.06723487377166748,-0.02291017770767212,SimPEG L2
OOD,24,intrusions,0.30307427048683167,0.462025065627891,0.09385849668469683,0.1639515459537506,0.88023097132206,0.10988440267017895,0.886662522308029,0.66455078125,0.9736328125,0.14100885391235352,0.9056942932473617,0.11426254726833542,0.1282332206044516,0.760498046875,0.8642578125,0.2291976511478424,0.8473818921545687,0.10740414091095181,0.36883605302086636,0.80517578125,0.972412109375,1.5633034706115723,35.87250995635986,35.789522886276245,35.803828954696655,True,True,True,True,False,0.022942692041397095,-0.0652461051940918,-0.08818879723548889,0.13912272453308105,0.16206541657447815,0.07387661933898926,Oracle conditional
OOD,25,dipping_layers,0.6746065616607666,-0.1736811773715785,0.4914085218893809,0.46052172780036926,0.5248606260811932,0.40784231899374,0.6407261372406882,0.529541015625,0.639404296875,0.49955689907073975,0.3431270469995321,0.4542370269578399,0.4116492062029275,0.15625,0.699951171875,0.4375007450580597,0.5843420101112191,0.4562376857249635,0.46085185737537115,0.320068359375,0.628173828125,1.5410685539245605,35.82773685455322,35.88327741622925,35.74025917053223,True,True,True,False,True,-0.03903517127037048,0.02302098274230957,0.062056154012680054,0.21408483386039734,0.17504966259002686,0.2371058166027069,Equal mixture
OOD,26,dipping_layers,0.7007470726966858,-0.2702804388953296,0.11606053323155084,0.6400930285453796,0.08811335110820885,0.17106863753252619,0.02795101839710509,0.420654296875,0.88134765625,0.5916431546211243,0.3372705163971045,0.20271803194749846,0.2267935668395834,0.310302734375,0.706298828125,0.5607452392578125,0.41285291358695825,0.21240371790137813,0.29336136930750706,0.39599609375,0.8037109375,2.024284601211548,35.9197723865509,35.77543830871582,35.8584930896759,True,True,True,True,True,0.04844987392425537,0.07934778928756714,0.030897915363311768,0.06065404415130615,0.10910391807556152,0.1400018334388733,Equal mixture
OOD,27,faulted_layers,0.5201422572135925,0.16212039815450838,0.2358981228756355,0.40148383378982544,0.6635673645225321,0.37980099383401544,0.8498769859964634,0.05810546875,0.387451171875,0.46603283286094666,0.4431575893310065,0.3855683527746262,0.8601946288160572,0.12890625,0.61376953125,0.5381765961647034,0.21217109775677898,0.37327383333690906,0.6639287467615785,0.060791015625,0.560546875,2.054428815841675,35.898197650909424,35.84529399871826,35.80770301818848,True,True,False,False,False,-0.06454899907112122,-0.13669276237487793,-0.07214376330375671,0.11865842342376709,0.054109424352645874,-0.01803433895111084,Unconditional
OOD,28,intrusions,0.11880112439393997,0.15556624118776788,0.005516600210276489,0.1113109365105629,0.3495289687368358,0.025921554809725387,0.8349842346520079,0.9423828125,0.975341796875,0.1198616698384285,0.13091613605039987,0.01667178939486645,0.8034631520129197,0.214599609375,0.911865234375,0.12105223536491394,0.07259007551072562,0.01099078794926145,0.5200923693817217,0.967529296875,0.974853515625,1.6055383682250977,35.87104105949402,35.80519247055054,35.926032304763794,True,False,False,False,False,-0.0085507333278656,-0.009741298854351044,-0.0011905655264854431,0.007490187883377075,-0.0010605454444885254,-0.0022511109709739685,Unconditional
OOD,29,horizontal_layers,0.3466799259185791,0.09794383130985497,0.1739450289210656,0.2563803493976593,0.6742306540470001,0.16666349864221433,0.4545912695388096,0.685302734375,0.949951171875,0.3744071125984192,0.08348416500412183,0.1644271956288911,0.39218947461798026,0.404296875,0.534912109375,0.36671122908592224,0.008402008521160456,0.1815506732462127,0.6889586728353566,0.198974609375,0.703125,1.6500914096832275,35.904897928237915,35.97093415260315,35.81111693382263,True,False,False,False,False,-0.11802676320075989,-0.11033087968826294,0.007695883512496948,0.0902995765209198,-0.027727186679840088,-0.02003130316734314,Unconditional
OOD,30,dipping_layers,0.5905322432518005,0.042180400791957604,0.08082823041066765,0.606200098991394,0.007957940627080738,0.15975420069795973,0.16717195480651342,0.107177734375,0.386962890625,0.5816107392311096,0.14340724211224895,0.1447845989619009,0.43171134329589644,0.108642578125,0.214111328125,0.5968466401100159,0.007721686882694926,0.15429951262102337,0.5316750105374499,0.102783203125,0.477294921875,2.141062021255493,35.962279081344604,35.834237813949585,35.913811922073364,False,True,False,True,True,0.024589359760284424,0.009353458881378174,-0.01523590087890625,-0.015667855739593506,0.008921504020690918,-0.006314396858215332,Oracle conditional
OOD,31,faulted_layers,0.8084943890571594,-0.048414326450872874,0.1419067968014451,0.7849923372268677,-0.10000447986118641,0.16576709147060045,0.14990425999504786,0.173583984375,0.457275390625,0.693011462688446,0.3901703679485222,0.1673833596711255,0.160935377988413,0.50048828125,0.853271484375,0.7451329231262207,0.18108492940636706,0.18160787567884443,0.403221224376662,0.32763671875,0.74072265625,2.085127115249634,35.913352966308594,35.86474585533142,35.864182233810425,True,True,True,True,True,0.09198087453842163,0.03985941410064697,-0.05212146043777466,0.023502051830291748,0.11548292636871338,0.06336146593093872,Oracle conditional
OOD,32,intrusions,0.3462410867214203,0.356536321028979,0.04668882310200864,0.18888434767723083,0.9049477414811393,0.051745541233177726,0.8443821691120591,0.051025390625,0.47119140625,0.19106315076351166,0.8641861906460845,0.05216468409516335,0.932707058742562,0.189453125,0.855712890625,0.282436728477478,0.7634650563735675,0.052061971137880185,0.7311842057232645,0.249267578125,0.87841796875,1.7100780010223389,35.95507049560547,35.82022261619568,35.81826210021973,True,True,True,False,False,-0.0021788030862808228,-0.09355238080024719,-0.09137357771396637,0.15735673904418945,0.15517793595790863,0.06380435824394226,Unconditional
OOD,33,blobs,0.22171543538570404,0.5365834512392116,0.051067263937743065,0.228739395737648,0.5770879856530692,0.09370966016387265,0.4751186397095737,0.5146484375,0.799072265625,0.21142593026161194,0.6554826433119189,0.10119987483014396,0.3900694806030456,0.17626953125,0.47607421875,0.2205200493335724,0.5547675442088165,0.09000043588426,0.1843261048634264,0.6328125,0.852294921875,2.097198486328125,35.92627954483032,35.80670499801636,35.92796754837036,False,True,True,True,True,0.017313465476036072,0.008219346404075623,-0.00909411907196045,-0.00702396035194397,0.010289505124092102,0.0011953860521316528,Oracle conditional
OOD,34,intrusions,0.1780298501253128,0.23970449059749813,0.021650713421965437,0.1621992588043213,0.5234629378542074,0.028125138147642722,0.9153006970673372,0.732177734375,0.909423828125,0.1806059628725052,0.30026941757418746,0.032173733946082056,0.8895794855060384,0.885009765625,0.94384765625,0.16373109817504883,0.43181794421018443,0.024470782478729955,0.7427083204760788,0.9111328125,0.954833984375,1.645374059677124,35.89738488197327,35.91869330406189,35.89069581031799,True,False,True,False,False,-0.0184067040681839,-0.001531839370727539,0.01687486469745636,0.015830591320991516,-0.002576112747192383,0.014298751950263977,Unconditional
OOD,35,intrusions,0.23999056220054626,0.2728124789635579,0.023230713628925457,0.19059261679649353,0.610890767840922,0.025851448193141117,0.8967029663165937,0.68603515625,0.849853515625,0.1762372851371765,0.684740772247513,0.026637746650913112,0.8892770393646606,0.900146484375,0.93896484375,0.213487446308136,0.5456593038619119,0.02710582383036873,0.5943701866828399,0.857666015625,0.935302734375,1.7656090259552002,35.998401165008545,35.957517862319946,35.95913338661194,True,True,True,True,False,0.014355331659317017,-0.022894829511642456,-0.03725016117095947,0.049397945404052734,0.06375327706336975,0.02650311589241028,Oracle conditional
OOD,36,horizontal_layers,0.5282230973243713,-0.0704971569133775,0.23311893172637577,0.5228886604309082,0.047889802595802895,0.2035308520335076,0.3721765666785613,0.38818359375,0.832275390625,0.5728262662887573,0.09102407570415337,0.20831577507704818,-0.10265768713425291,0.5341796875,0.724365234375,0.4897926151752472,0.25234771427389974,0.22035875873212882,0.27482738039313576,0.186279296875,0.7451171875,1.9215154647827148,36.09087514877319,35.924736976623535,36.02821397781372,True,False,True,False,True,-0.04993760585784912,0.03309604525566101,0.08303365111351013,0.005334436893463135,-0.044603168964385986,0.038430482149124146,Equal mixture
OOD,37,horizontal_layers,0.9670560359954834,-0.5064537880889604,0.38021419202045104,0.5758827924728394,0.7206425033019696,0.286089144040707,0.06314007071794403,0.37060546875,0.498779296875,0.6054130792617798,0.5277019877100122,0.30038240396160887,0.672155697730337,0.087158203125,0.682861328125,0.5724705457687378,0.722856355606624,0.3016626678977325,0.024346452668004642,0.27392578125,0.4873046875,1.8046813011169434,35.88735604286194,35.98784136772156,35.987011671066284,True,True,True,False,True,-0.02953028678894043,0.0034122467041015625,0.03294253349304199,0.39117324352264404,0.3616429567337036,0.3945854902267456,Equal mixture
OOD,38,dykes,0.10177378356456757,0.30271512692393676,0.07497547795342503,0.16749051213264465,-0.021825725769868173,0.11123146167749563,0.7551146360485225,0.3662109375,0.648681640625,0.10375227779150009,0.25221211302176566,0.11113141804757556,0.8188859024398939,0.407470703125,0.881591796875,0.12319248914718628,0.09657110431918098,0.10775891364916916,0.7240590063144609,0.830078125,0.957275390625,2.6018142700195312,36.148056745529175,36.004637241363525,36.06924915313721,False,False,False,True,True,0.06373823434114456,0.044298022985458374,-0.019440211355686188,-0.06571672856807709,-0.0019784942269325256,-0.021418705582618713,SimPEG L2
OOD,39,intrusions,0.2938666343688965,0.38140237915566655,0.0455909053195794,0.21404726803302765,0.7007493239928224,0.050634030285727626,0.855392462315703,0.796142578125,0.927001953125,0.11303450912237167,0.9304323160162589,0.05166296362411869,0.7876236187600638,0.986572265625,1.0,0.22132918238639832,0.7959695079042293,0.049570239364367885,0.6761574960188752,0.610107421875,0.979736328125,1.9838268756866455,36.03355932235718,36.115769386291504,36.0348334312439,True,True,True,True,False,0.10101275891065598,-0.0072819143533706665,-0.10829467326402664,0.07981936633586884,0.1808321252465248,0.07253745198249817,Oracle conditional
OOD,40,dipping_layers,0.5395246744155884,0.043662687048584656,0.20630122416421962,0.344005823135376,0.8190274566313708,0.1781462253790015,0.7531851347455276,0.1630859375,0.902099609375,0.4748777151107788,0.6401031898201897,0.189568874331652,0.6120570412141652,0.116943359375,0.4892578125,0.5522069931030273,0.15076008890877357,0.18771501391323517,0.6372867780190209,0.30126953125,0.6884765625,2.0437512397766113,36.11142945289612,35.981321811676025,36.092100858688354,True,True,False,False,False,-0.13087189197540283,-0.20820116996765137,-0.07732927799224854,0.1955188512802124,0.06464695930480957,-0.012682318687438965,Unconditional
OOD,41,dipping_layers,0.5943595767021179,0.04911395494224324,0.16612559508122615,0.5757336020469666,0.10305590507162153,0.18911278638942408,0.16242154294400687,0.319091796875,0.605712890625,0.5038437247276306,0.4338362594591241,0.19604613141519064,0.46296594002467883,0.564453125,0.812255859375,0.5486084222793579,0.22432608547159819,0.18561853255412758,0.25594389586886773,0.33642578125,0.84765625,2.5672295093536377,35.951337814331055,35.89064860343933,35.94152522087097,True,True,True,True,True,0.07188987731933594,0.027125179767608643,-0.044764697551727295,0.018625974655151367,0.0905158519744873,0.04575115442276001,Oracle conditional
OOD,42,intrusions,0.2924521863460541,0.3503379617553062,0.04725481091170593,0.21271853148937225,0.7403564670957704,0.052187795679564955,0.8339494484805174,0.40234375,0.939208984375,0.14642950892448425,0.888788785247673,0.05171471639093418,0.9283050429416101,0.76171875,0.954345703125,0.23108512163162231,0.7237165374603596,0.05262388107998287,0.7847080040740273,0.68603515625,0.937255859375,1.7659039497375488,35.8546929359436,36.01211333274841,35.99143981933594,True,True,True,True,False,0.066289022564888,-0.01836659014225006,-0.08465561270713806,0.07973365485668182,0.14602267742156982,0.06136706471443176,Oracle conditional
OOD,43,dipping_layers,0.6566206216812134,0.16470652562667842,0.2957335423916249,0.6292376518249512,0.2945776461111578,0.2534774859579906,0.35935547180051153,0.3681640625,0.553955078125,0.5869033932685852,0.4285768836031002,0.22915123226154316,0.368619022921124,0.497314453125,0.677734375,0.5859143137931824,0.4419385086252324,0.21311245342534468,0.5735311891025681,0.37548828125,0.64404296875,2.3439085483551025,36.064157009124756,36.04803705215454,36.072312355041504,True,True,True,True,True,0.04233425855636597,0.0433233380317688,0.000989079475402832,0.027382969856262207,0.06971722841262817,0.070706307888031,Equal mixture
OOD,44,horizontal_layers,0.5285752415657043,-0.010229348620899557,0.10162214115999658,0.5125900506973267,0.30424927284366665,0.11396875947671212,0.6957382001540228,0.220947265625,0.503662109375,0.5940240621566772,-0.6392161042359341,0.10814025315260473,0.4986941186165657,0.095458984375,0.326416015625,0.5060358047485352,0.31648865898665896,0.11342978306153054,0.5803064835298031,0.097412109375,0.316650390625,1.9666473865509033,36.13547229766846,35.93063473701477,36.095897912979126,True,False,True,False,True,-0.08143401145935059,0.006554245948791504,0.08798825740814209,0.015985190868377686,-0.0654488205909729,0.02253943681716919,Equal mixture
OOD,45,dipping_layers,0.6013827919960022,0.03481047742247511,0.0756650011029061,0.6756757497787476,-0.25833236229357565,0.13224047897193553,0.16005490661344893,0.213134765625,0.474853515625,0.6033810377120972,0.006599545969475698,0.13530143006927403,-0.23159513627459555,0.102783203125,0.445068359375,0.6289593577384949,-0.17991170603918424,0.1409143990068353,0.052263807161742254,0.11572265625,0.496337890625,2.573054552078247,36.05322337150574,36.03262782096863,35.90348720550537,False,False,False,True,True,0.07229471206665039,0.046716392040252686,-0.025578320026397705,-0.07429295778274536,-0.0019982457160949707,-0.027576565742492676,SimPEG L2
OOD,46,horizontal_layers,0.7313179969787598,-0.5995798165976999,0.4656131561926309,0.3404499292373657,0.54067826635156,0.30315725250662473,0.4021557133069903,0.1923828125,0.647216796875,0.38888171315193176,0.3530175773580369,0.3686563758443829,0.17635079041634077,0.130615234375,0.392333984375,0.3275603652000427,0.5720357102644092,0.33891619993220434,0.37102576315696245,0.459228515625,0.838623046875,1.9468631744384766,36.12571167945862,35.95083165168762,36.11714220046997,True,True,True,False,True,-0.04843178391456604,0.012889564037322998,0.06132134795188904,0.39086806774139404,0.342436283826828,0.40375763177871704,Equal mixture
OOD,47,blobs,0.33310839533805847,0.002752779012195222,0.16370169578948543,0.4037514626979828,-0.30251605368006296,0.12715176159575403,0.6661364447571875,0.5068359375,0.876220703125,0.25523829460144043,0.6366182114502166,0.16946914462687962,0.1217946116572239,0.165283203125,0.350830078125,0.23832951486110687,0.5962328649679847,0.144667829155371,0.25905552775790336,0.625244140625,0.9287109375,2.0017051696777344,36.04055881500244,36.056596517562866,35.98304224014282,False,True,True,True,True,0.14851316809654236,0.16542194783687592,0.016908779740333557,-0.07064306735992432,0.07787010073661804,0.0947788804769516,Equal mixture
OOD,48,dipping_layers,0.5249360203742981,0.1346803033385183,0.07438911745088386,0.5271496772766113,0.17407885728163786,0.12604467295866306,0.017328228935138967,0.392578125,0.63427734375,0.553309977054596,0.15306244977759637,0.1415744226537521,-0.024151387873883465,0.38427734375,0.55322265625,0.5536782145500183,0.05468830126822484,0.13412696421387596,0.2774039105508602,0.365966796875,0.529296875,2.6302757263183594,36.21897578239441,36.002294301986694,36.03183627128601,False,False,False,False,False,-0.02616029977798462,-0.026528537273406982,-0.0003682374954223633,-0.0022136569023132324,-0.02837395668029785,-0.028742194175720215,SimPEG L2
OOD,49,faulted_layers,0.7377701997756958,-0.052396097257926044,0.14697951478238416,0.7372194528579712,-0.09535971402595919,0.19352617797845723,0.008581636053719284,0.40625,0.605224609375,0.6388773918151855,0.25715914022742753,0.19931694839128755,0.07774681872859147,0.5224609375,0.858642578125,0.6706387996673584,0.12454766499765325,0.20924439569599293,0.14388763269810306,0.2861328125,0.701171875,2.6079518795013428,36.149412393569946,35.98482942581177,36.04826903343201,True,True,True,True,True,0.09834206104278564,0.06658065319061279,-0.03176140785217285,0.0005507469177246094,0.09889280796051025,0.0671314001083374,Oracle conditional
OOD,50,horizontal_layers,0.4629031717777252,0.14625653586296491,0.13204765156146656,0.3262074887752533,0.841939714661784,0.12384329384081748,0.759177888567067,0.4130859375,0.879150390625,0.5210275053977966,-0.39838829730883585,0.13917614202175152,0.7987446629099845,0.053955078125,0.49609375,0.4679540991783142,0.39111077298929364,0.13305773007868424,0.514002860659904,0.479248046875,0.804931640625,1.964402675628662,35.95122051239014,35.91340351104736,35.95550847053528,True,False,False,False,False,-0.19482001662254333,-0.1417466104030609,0.05307340621948242,0.13669568300247192,-0.05812433362007141,-0.005050927400588989,Unconditional
OOD,51,blobs,0.18701428174972534,0.40563714747083657,0.0194570542362359,0.14037764072418213,0.7469083161099226,0.02341188388894855,0.7130240718913644,0.229248046875,0.63525390625,0.09597121924161911,0.8761418980554762,0.022992708986203144,0.7687789364605103,0.260009765625,0.363037109375,0.14828287065029144,0.7028460864568665,0.02349441445553506,0.7225400448591102,0.526123046875,0.852294921875,1.891434669494629,36.10650825500488,35.86722421646118,36.0181200504303,True,True,True,True,False,0.04440642148256302,-0.007905229926109314,-0.05231165140867233,0.04663664102554321,0.09104306250810623,0.0387314110994339,Oracle conditional
OOD,52,dykes,0.2213144600391388,0.1592296807969553,0.11844389688429606,0.2326175570487976,0.10731057595441397,0.1904856575180799,0.8296651689859214,0.408935546875,0.922119140625,0.2257671356201172,0.25453251257338066,0.19811484972069499,0.8072049181025499,0.66943359375,0.830078125,0.21098445355892181,0.2561540166086306,0.18718033348201268,0.40389034149607816,0.90087890625,0.9453125,2.506812810897827,36.02523589134216,36.064719438552856,35.994587898254395,False,False,True,True,True,0.00685042142868042,0.021633103489875793,0.014782682061195374,-0.011303097009658813,-0.0044526755809783936,0.01033000648021698,Equal mixture
OOD,53,intrusions,0.14929406344890594,0.29918136277176804,0.034435241458951896,0.18642018735408783,0.3249503536698587,0.04286111704137922,0.7829011092946595,0.45703125,0.9111328125,0.23023056983947754,0.10828469104112191,0.0525135846612321,0.6627762169043329,0.835205078125,0.91015625,0.15409250557422638,0.21863273807917274,0.04255485694926725,0.7484436011527577,0.832275390625,0.960205078125,1.9775030612945557,36.108362913131714,35.96695566177368,36.094494104385376,False,False,False,False,True,-0.04381038248538971,0.03232768177986145,0.07613806426525116,-0.037126123905181885,-0.0809365063905716,-0.004798442125320435,SimPEG L2
OOD,54,intrusions,0.38739797472953796,0.4986486942175423,0.46467383047755684,0.16574349999427795,0.8476488784717078,0.3429437936185671,0.8283837814969588,0.83544921875,0.97998046875,0.07616979628801346,0.9695765062104257,0.3954996931278039,0.395560318665449,0.150146484375,0.9384765625,0.15116626024246216,0.8777342802271307,0.36892108572666454,0.3916390846156529,0.958251953125,0.999755859375,1.9547374248504639,36.03307580947876,36.05776119232178,35.91114640235901,True,True,True,True,True,0.0895737037062645,0.014577239751815796,-0.0749964639544487,0.22165447473526,0.3112281784415245,0.2362317144870758,Oracle conditional
OOD,55,blobs,0.20688432455062866,0.6855805091898247,0.10621123883266742,0.23711766302585602,0.5878773415277503,0.121657749634466,0.424708445278228,0.288330078125,0.734130859375,0.18823875486850739,0.7222285285132288,0.12009942191196124,0.37862393037130276,0.194091796875,0.263671875,0.18404631316661835,0.7192096387505524,0.11513291196955461,0.44087128741566856,0.61474609375,0.861572265625,1.8339264392852783,35.971208333969116,35.920124769210815,36.09614300727844,False,True,True,True,True,0.04887890815734863,0.05307134985923767,0.004192441701889038,-0.030233338475227356,0.018645569682121277,0.022838011384010315,Equal mixture
OOD,56,horizontal_layers,0.43833211064338684,0.07926857763825094,0.16750926049263087,0.45924562215805054,0.04230078029773043,0.15776154723727911,0.0839768643014399,0.52392578125,0.795654296875,0.5005242824554443,-0.14266895861860682,0.16962110864382818,-0.3662010362016655,0.422607421875,0.52978515625,0.4589995741844177,0.1312141029727563,0.17427887356019317,0.04573659987854063,0.2744140625,0.521240234375,1.9269580841064453,36.11160683631897,36.09798336029053,36.00671339035034,False,False,False,False,True,-0.0412786602973938,0.0002460479736328125,0.04152470827102661,-0.020913511514663696,-0.062192171812057495,-0.020667463541030884,SimPEG L2
OOD,57,blobs,0.2551923990249634,0.39869005836847066,0.1614954131467588,0.2362552136182785,0.573648031812804,0.15656031781225538,0.6690295289789533,0.828857421875,0.9990234375,0.19120284914970398,0.8210571173262703,0.19687738071186775,0.2466971117449577,0.220703125,0.407470703125,0.19489888846874237,0.6713006144064924,0.16351993081848173,0.41285403362490064,0.76220703125,0.98828125,1.9989564418792725,36.091301679611206,36.069193840026855,36.03116536140442,True,True,True,True,True,0.045052364468574524,0.04135632514953613,-0.003696039319038391,0.018937185406684875,0.0639895498752594,0.06029351055622101,Oracle conditional
OOD,58,dykes,0.21487957239151,0.13169279236235576,0.12718197001488535,0.26092851161956787,-0.050020227493956286,0.19263444047476566,0.7944952259750054,0.775390625,0.9140625,0.19485753774642944,0.37074917498437243,0.19753045316166667,0.9100739142109925,0.32470703125,0.86376953125,0.22325710952281952,0.04749089677499447,0.18894771171351854,0.546272672735109,0.86181640625,0.937255859375,2.612337112426758,36.21959042549133,35.99551486968994,36.066287994384766,False,True,False,True,True,0.06607097387313843,0.03767140209674835,-0.028399571776390076,-0.04604893922805786,0.020022034645080566,-0.00837753713130951,Oracle conditional
OOD,59,dykes,0.18007035553455353,0.18683038215475362,0.026358431111523507,0.19832076132297516,0.07054178784740743,0.025401007213327567,0.8699455094742974,0.240234375,0.8642578125,0.2042139321565628,0.040519811497290545,0.02513469737403314,0.8294205392855626,0.062744140625,0.2255859375,0.20035696029663086,-0.10078102311067073,0.027767670045698467,0.680696362370136,0.730712890625,0.85107421875,2.0168163776397705,36.045982837677,36.120426654815674,35.988961935043335,False,False,False,False,False,-0.0058931708335876465,-0.0020361989736557007,0.003856971859931946,-0.01825040578842163,-0.024143576622009277,-0.02028660476207733,SimPEG L2
OOD,60,faulted_layers,0.3794229328632355,0.07326033269827006,0.16219551848307848,0.26413694024086,0.7193241456847724,0.1655140772273941,0.11959301372656107,0.6865234375,0.8642578125,0.44622454047203064,-0.008963677891517214,0.17131409621175586,0.387389045561315,0.57373046875,0.79541015625,0.3201376795768738,0.6600356632261218,0.16923951513637195,0.5096731707039045,0.77197265625,0.965576171875,1.98024320602417,36.13376998901367,36.04063320159912,36.068716526031494,True,False,True,False,False,-0.18208760023117065,-0.056000739336013794,0.12608686089515686,0.11528599262237549,-0.06680160760879517,0.059285253286361694,Unconditional
OOD,61,horizontal_layers,0.5302214622497559,0.3963105961943242,0.1070109827000453,0.5863816738128662,-0.07207699559849641,0.1181340161659617,0.5875831752530385,0.04931640625,0.356689453125,0.5682815313339233,0.25718574574634223,0.11275000336197268,0.3813627093798386,0.279296875,0.350341796875,0.644498348236084,-0.45476838037748174,0.12601707785854513,0.2478112287030414,0.094970703125,0.492919921875,2.0743541717529297,36.073034048080444,36.037609338760376,35.975908041000366,False,False,False,True,False,0.01810014247894287,-0.05811667442321777,-0.07621681690216064,-0.05616021156311035,-0.03806006908416748,-0.11427688598632812,SimPEG L2
OOD,62,faulted_layers,0.37297725677490234,0.20781075232373977,0.09369820933436827,0.3765023350715637,0.23271336601498793,0.145038556078492,-0.18345372010775493,0.532470703125,0.681884765625,0.3845105469226837,0.1766895306572746,0.15339642468062648,-0.17326934818573136,0.456787109375,0.552001953125,0.3847730755805969,0.1804932909728763,0.1495985099916278,-0.021158061552900766,0.459228515625,0.817138671875,2.6193549633026123,36.18108153343201,36.00948357582092,36.038700103759766,False,False,False,False,False,-0.008008211851119995,-0.008270740509033203,-0.000262528657913208,-0.003525078296661377,-0.011533290147781372,-0.01179581880569458,SimPEG L2
OOD,63,dykes,0.23432862758636475,0.36122514323803245,0.14322422536202364,0.20418627560138702,0.5729794367568939,0.23729037530792693,0.9417921727931553,0.8818359375,0.969482421875,0.18086545169353485,0.6928257861613866,0.24972647041082568,0.8292516385132689,0.410888671875,0.68115234375,0.20913250744342804,0.5483966359965777,0.2227097154191547,0.6393181849074214,0.9091796875,0.9638671875,2.545372486114502,36.10052418708801,36.02752947807312,35.90616798400879,True,True,True,True,False,0.023320823907852173,-0.004946231842041016,-0.02826705574989319,0.030142351984977722,0.053463175892829895,0.025196120142936707,Oracle conditional
OOD,64,horizontal_layers,0.6022612452507019,0.3939017537046119,0.04310004714168486,0.5427522659301758,0.7108869384625089,0.08054051642421735,0.6736105852051666,0.020751953125,0.439453125,0.6562011241912842,0.16815684519992286,0.08617507433970138,0.40610010585865436,0.213134765625,0.368896484375,0.6013622879981995,0.29047785476464516,0.09176689462586785,0.6441929697797939,0.020263671875,0.1591796875,2.369950294494629,36.035802602767944,35.992661237716675,36.097081422805786,True,False,True,False,False,-0.1134488582611084,-0.05861002206802368,0.05483883619308472,0.05950897932052612,-0.053939878940582275,0.0008989572525024414,Unconditional
OOD,65,blobs,0.24306119978427887,0.11283924223175283,0.18660814393910727,0.29469504952430725,0.11938352355091314,0.17533504848453974,0.5466859054120945,0.264404296875,0.62939453125,0.31065523624420166,0.23640048680097075,0.20220426338325068,0.47719537715022864,0.08251953125,0.155517578125,0.22861358523368835,0.29390178483998736,0.17493426048055363,0.26131991877846805,0.772705078125,0.936279296875,1.9664268493652344,36.05149269104004,36.097556352615356,36.105878591537476,False,False,True,False,True,-0.01596018671989441,0.0660814642906189,0.0820416510105133,-0.05163384974002838,-0.06759403645992279,0.014447614550590515,Equal mixture
OOD,66,blobs,0.2401573210954666,0.48758333286065314,0.05114781797319505,0.22640615701675415,0.5607044208159804,0.06480912664120292,0.5055700257701615,0.22021484375,0.861083984375,0.2269524484872818,0.53848253625828,0.05851788982571102,0.6055625337231925,0.264404296875,0.4228515625,0.21254083514213562,0.5957592774274828,0.05371750777587459,0.44638903418306514,0.622802734375,0.836669921875,2.055671453475952,36.098443269729614,36.040101528167725,36.071208238601685,True,True,True,False,True,-0.0005462914705276489,0.01386532187461853,0.01441161334514618,0.013751164078712463,0.013204872608184814,0.027616485953330994,Equal mixture
OOD,67,blobs,0.2131652981042862,0.19202491385099044,0.017634132405261006,0.2505786418914795,0.12083913285126881,0.034726538622962565,0.6217427128943874,0.13525390625,0.34326171875,0.24085679650306702,-0.03292555053618423,0.0351525184065305,0.47191387181797045,0.14697265625,0.365234375,0.21240639686584473,0.13191913197624486,0.03398561954115983,0.5925943163931707,0.300537109375,0.677001953125,2.6230862140655518,36.09884333610535,36.02386927604675,36.01406526565552,False,False,True,True,True,0.009721845388412476,0.038172245025634766,0.02845039963722229,-0.0374133437871933,-0.027691498398780823,0.0007589012384414673,Equal mixture
OOD,68,horizontal_layers,0.5724486112594604,0.03151168227329619,0.03370490338166866,0.5749063491821289,0.0681632347443216,0.07188144820903462,0.07851448960129856,0.232421875,0.303955078125,0.5715846419334412,0.07328483162167858,0.06778846699691482,-0.2365239504756936,0.21484375,0.409423828125,0.5625669956207275,0.2120829124349777,0.09609721635515522,-0.17018579355617128,0.217041015625,0.379150390625,2.549107789993286,36.19743275642395,36.01699876785278,36.170330286026,False,True,True,True,True,0.003321707248687744,0.012339353561401367,0.009017646312713623,-0.002457737922668457,0.0008639693260192871,0.00988161563873291,Equal mixture
OOD,69,faulted_layers,0.6691340208053589,-0.03181184488563513,0.0837072239609869,0.7422853112220764,-0.06411543525334869,0.16197730910076286,0.468513244225036,0.14990234375,0.441650390625,0.6071041822433472,0.26146687120340356,0.12955149412080558,0.5315931100194597,0.43896484375,0.75,0.6674604415893555,0.008239520661642725,0.15573966318788549,0.3719087900182037,0.197265625,0.472412109375,2.6249587535858154,36.19768238067627,36.02988362312317,36.17436599731445,False,True,True,True,True,0.13518112897872925,0.07482486963272095,-0.0603562593460083,-0.07315129041671753,0.06202983856201172,0.001673579216003418,Oracle conditional
OOD,70,dykes,0.2167031615972519,0.24893830500134667,0.018242661068231913,0.20245899260044098,0.3714742804627268,0.021387435600510197,0.8764981102159984,0.719482421875,0.879150390625,0.2083270400762558,0.28060019782420503,0.021693870080883162,0.8420776850129216,0.041259765625,0.22607421875,0.22390097379684448,0.0654839764099288,0.02213442478296076,0.6739331050844862,0.7568359375,0.919921875,2.039689779281616,36.02708172798157,35.946457862854004,36.025038957595825,True,True,False,False,False,-0.005868047475814819,-0.021441981196403503,-0.015573933720588684,0.014244168996810913,0.008376121520996094,-0.00719781219959259,Unconditional
OOD,71,intrusions,0.3183658719062805,0.4584004260166164,0.3814656073821418,0.18695764243602753,0.7423343610017983,0.3169833149444265,0.8843259590045216,0.7001953125,0.984130859375,0.1796930879354477,0.8222797137897596,0.31490662767262906,0.8305967464053486,0.263916015625,0.90869140625,0.16272543370723724,0.8086603733629038,0.3202213608441025,0.681636029331581,0.9267578125,0.98779296875,1.9111196994781494,36.06308150291443,36.026371479034424,36.06706380844116,True,True,True,True,True,0.007264554500579834,0.024232208728790283,0.01696765422821045,0.131408229470253,0.13867278397083282,0.15564043819904327,Equal mixture
OOD,72,intrusions,0.21924863755702972,0.3204886744684653,0.03377634781067201,0.11599612236022949,0.8811014824364958,0.03738221258137726,0.7764662333124681,0.34716796875,0.92822265625,0.20038971304893494,0.5191004450115672,0.043285409123468795,0.8294518211612452,0.699462890625,0.89453125,0.20178113877773285,0.43707824877421597,0.039269222987697194,0.9049170415752481,0.669189453125,0.885009765625,1.9567065238952637,36.161381483078,36.037803649902344,36.00525259971619,True,True,True,False,False,-0.08439359068870544,-0.08578501641750336,-0.0013914257287979126,0.10325251519680023,0.018858924508094788,0.017467498779296875,Unconditional
OOD,73,intrusions,0.27407026290893555,0.4813310365052655,0.17752805805463687,0.19200989603996277,0.7920425588750041,0.18177190100128324,0.8058560477686688,0.893798828125,0.99365234375,0.15734679996967316,0.8830784004084554,0.20515723093113214,-0.11122191448297632,0.200927734375,0.653076171875,0.2021728754043579,0.8257313112670572,0.18803137893175992,0.4808146427219504,0.830810546875,0.988037109375,2.0056774616241455,36.14036583900452,35.98429083824158,36.104477882385254,True,True,True,True,False,0.03466309607028961,-0.010162979364395142,-0.04482607543468475,0.08206036686897278,0.11672346293926239,0.07189738750457764,Oracle conditional
OOD,74,faulted_layers,0.6820108294487,-0.002138686320567394,0.11292805812613246,0.6948480010032654,-0.07733931596788031,0.1575649998859042,0.19794962535963956,0.3173828125,0.545166015625,0.5056690573692322,0.550600037383522,0.1580041784510928,0.18733969471166242,0.6689453125,0.906005859375,0.6302314400672913,0.14517971135424762,0.1602209871757504,0.22407175928153966,0.404052734375,0.7392578125,2.5392415523529053,36.080082178115845,36.0131471157074,36.098060846328735,False,True,True,True,True,0.1891789436340332,0.06461656093597412,-0.12456238269805908,-0.01283717155456543,0.17634177207946777,0.05177938938140869,Oracle conditional
OOD,75,blobs,0.3201132118701935,0.31962395850918107,0.3268576680900524,0.1951778680086136,0.6472318443477789,0.2966303301143414,0.5105423748577079,0.791015625,0.9912109375,0.21760636568069458,0.7634464838446536,0.33045683235215817,0.5741992029809034,0.3115234375,0.50048828125,0.11819290369749069,0.8563957980722056,0.3008447787212893,0.09823602209026946,0.92626953125,0.99951171875,2.0012457370758057,36.12364721298218,36.054136991500854,36.12645363807678,True,True,True,False,True,-0.022428497672080994,0.0769849643111229,0.09941346198320389,0.1249353438615799,0.1025068461894989,0.2019203081727028,Equal mixture
OOD,76,intrusions,0.2390485554933548,0.49331981733591856,0.08548059318843214,0.11720515042543411,0.8969009055985899,0.10902802997448223,0.8618914107545748,0.873291015625,0.98681640625,0.08570009469985962,0.9632928458335619,0.11307089169627772,0.5305412566964375,0.280029296875,0.870361328125,0.16615833342075348,0.9059097970298906,0.10270900519292096,0.3821994745074894,0.940185546875,0.9970703125,2.040994882583618,36.122267961502075,36.06517553329468,36.02458095550537,True,True,True,True,False,0.03150505572557449,-0.048953182995319366,-0.08045823872089386,0.12184340506792068,0.15334846079349518,0.07289022207260132,Oracle conditional
OOD,77,horizontal_layers,0.4512518644332886,0.021434492617553095,0.09852820481802994,0.4512658715248108,0.25896606558406776,0.11162467803745818,0.4442279637571544,0.257080078125,0.59765625,0.48521387577056885,-0.45530351074444764,0.11509666003724167,0.5238638350757227,0.160400390625,0.476806640625,0.45089757442474365,0.09711832213714015,0.11445314627502685,0.5554567438446039,0.1142578125,0.509521484375,2.023306131362915,36.079522132873535,36.053449392318726,36.041006088256836,False,False,True,False,True,-0.03394800424575806,0.00036829710006713867,0.034316301345825195,-1.4007091522216797e-05,-0.03396201133728027,0.0003542900085449219,Equal mixture
OOD,78,horizontal_layers,0.46030035614967346,0.3431482403280148,0.14897400427117735,0.5593783855438232,-0.2851475511187321,0.14709069622192714,0.30202145864430197,0.126220703125,0.398681640625,0.6247724890708923,-0.3498229487254603,0.13287438059474724,-0.11935627942499398,0.32861328125,0.432861328125,0.5620524287223816,-0.4328796302676454,0.15722678239356735,0.4430654406041903,0.235107421875,0.533935546875,2.0704116821289062,36.20180821418762,36.058948040008545,36.17194199562073,False,False,False,False,False,-0.06539410352706909,-0.0026740431785583496,0.06272006034851074,-0.09907802939414978,-0.16447213292121887,-0.10175207257270813,SimPEG L2
OOD,79,horizontal_layers,0.39889705181121826,0.07462254747893758,0.1796998300221785,0.4100256562232971,0.19916883344625558,0.16865835251048197,-0.09638849668662847,0.52392578125,0.810791015625,0.47026529908180237,-0.504549288442269,0.1768014171671338,-0.2066904898270778,0.258544921875,0.5908203125,0.4054957926273346,0.20448415244894683,0.18509866524038315,0.1825186695887763,0.12646484375,0.701416015625,2.077195644378662,36.081835985183716,36.02152132987976,35.9042866230011,False,False,False,False,True,-0.06023964285850525,0.004529863595962524,0.06476950645446777,-0.011128604412078857,-0.0713682472705841,-0.006598740816116333,SimPEG L2
OOD,80,blobs,0.2348148226737976,0.6440400681684709,0.04205466584734218,0.21503816545009613,0.6963122863380323,0.07446844257137673,0.6121923614610058,0.5947265625,0.959228515625,0.24920441210269928,0.5878873953062013,0.07718632999680586,0.3344520036759118,0.320068359375,0.5283203125,0.20771411061286926,0.7181879056136592,0.07231937669342124,0.163146746384715,0.72607421875,0.875732421875,2.4007580280303955,36.07631707191467,35.91930103302002,36.09049916267395,True,False,True,False,True,-0.03416624665260315,0.007324054837226868,0.04149030148983002,0.019776657223701477,-0.014389589428901672,0.027100712060928345,Equal mixture
OOD,81,dykes,0.19665266573429108,0.3707681956608523,0.1424280536135587,0.18105974793434143,0.5122851111518413,0.20237511557836504,0.7806249842656225,0.888671875,0.9658203125,0.16822709143161774,0.6025900685747823,0.1945584567657922,0.9001488082927304,0.645263671875,0.953125,0.17960669100284576,0.5445638716475362,0.20648579797488442,0.7367848491684816,0.900390625,0.9755859375,2.5609724521636963,36.02445435523987,36.06041502952576,36.031293630599976,True,True,True,True,True,0.012832656502723694,0.0014530569314956665,-0.011379599571228027,0.015592917799949646,0.02842557430267334,0.017045974731445312,Oracle conditional
OOD,82,faulted_layers,0.5359854102134705,-0.05928842624366464,0.049145521188691865,0.553085446357727,0.04007077427719409,0.094454942102194,0.5823799833186138,0.08447265625,0.159912109375,0.5761862993240356,-0.24996283833128585,0.10549765867299717,0.47385486082798906,0.480712890625,0.75439453125,0.5374742150306702,0.01649797485456617,0.09848595686859365,0.4035568775866555,0.13623046875,0.472412109375,2.6093764305114746,36.21800422668457,35.878419399261475,36.02451705932617,False,False,False,False,True,-0.023100852966308594,0.015611231327056885,0.03871208429336548,-0.017100036144256592,-0.040200889110565186,-0.001488804817199707,SimPEG L2
OOD,83,horizontal_layers,0.4445367157459259,-0.05242805754970488,0.1545190480944664,0.5032778978347778,-0.05427714172141136,0.13459469476979127,0.5228296840953244,0.31396484375,0.864990234375,0.465199738740921,-0.1093254508690145,0.13174526035026257,0.18927584932548833,0.53515625,0.68017578125,0.4463880956172943,0.05283518961082988,0.14549366627337193,0.29275970603371443,0.16552734375,0.600830078125,1.8127045631408691,35.8855676651001,36.06622004508972,36.0497829914093,False,False,False,True,True,0.03807815909385681,0.05688980221748352,0.01881164312362671,-0.05874118208885193,-0.020663022994995117,-0.0018513798713684082,SimPEG L2
OOD,84,dipping_layers,0.8148238658905029,-0.21246667325483476,0.39896721039770205,0.702864944934845,0.12142516904866656,0.3203946901832918,0.5154144078359773,0.322509765625,0.503662109375,0.6775507926940918,0.2576586532756238,0.324298666468725,0.0952659340763794,0.272216796875,0.42529296875,0.6273309588432312,0.37433957655713646,0.3291150111022216,0.5992298779637097,0.253662109375,0.65185546875,1.9664645195007324,36.0108687877655,36.026079416275024,36.10715341567993,True,True,True,True,True,0.025314152240753174,0.07553398609161377,0.050219833850860596,0.11195892095565796,0.13727307319641113,0.18749290704727173,Equal mixture
OOD,85,blobs,0.11934967339038849,0.48631996629676744,0.06951253416057325,0.1795986443758011,0.47836244881046686,0.07679632357074656,0.27344566661739556,0.32958984375,0.90576171875,0.1713826209306717,0.4975934535172607,0.07417169674901193,0.6321958885742696,0.148193359375,0.2900390625,0.11716262996196747,0.4874379160116755,0.06559674689893387,0.34808654972368136,0.751953125,0.928466796875,1.9971950054168701,36.00858545303345,36.151429653167725,36.01194214820862,False,False,True,True,True,0.008216023445129395,0.06243601441383362,0.054219990968704224,-0.0602489709854126,-0.0520329475402832,0.0021870434284210205,Equal mixture
OOD,86,faulted_layers,0.7488664984703064,-0.001963925848418831,0.5276210718203852,0.4015781283378601,0.6744179168122683,0.3601247794833041,0.6005645051034033,0.33544921875,0.602294921875,0.4073583483695984,0.7347197938705838,0.3821919615326817,0.35317506243480756,0.416259765625,0.66552734375,0.38776713609695435,0.7053096546044685,0.41083042841322637,0.6814002211482687,0.258056640625,0.592041015625,2.0451786518096924,36.14932370185852,36.0278115272522,36.1652398109436,True,True,True,False,True,-0.005780220031738281,0.013810992240905762,0.019591212272644043,0.3472883701324463,0.341508150100708,0.36109936237335205,Equal mixture
OOD,87,dipping_layers,0.4508327543735504,0.5012938590608952,0.1929679254579889,0.4353267550468445,0.5706761457298961,0.2501454782674841,0.5702939684840981,0.519775390625,0.838134765625,0.4473201632499695,0.5226395814427072,0.24514113098910317,0.7087870470014132,0.540283203125,0.82568359375,0.42444345355033875,0.609833181685143,0.20951559200609315,0.537574508511431,0.524658203125,0.81982421875,2.574862480163574,35.95927143096924,35.94781470298767,35.9101505279541,True,True,True,False,True,-0.011993408203125,0.010883301496505737,0.022876709699630737,0.015505999326705933,0.0035125911235809326,0.02638930082321167,Equal mixture
OOD,88,horizontal_layers,0.5903895497322083,-0.16232317856185544,0.15245725055652312,0.512568473815918,0.5177488540813514,0.12649899464293315,0.4878516007773602,0.265380859375,0.7998046875,0.5242671370506287,0.2842637053937532,0.13179280263871943,0.4441447990715736,0.707275390625,0.766357421875,0.5861060619354248,-0.117040516329129,0.14264924254110295,0.3439280668655514,0.074462890625,0.56640625,1.8031244277954102,36.02157974243164,35.91908001899719,36.04318022727966,True,True,True,False,False,-0.011698663234710693,-0.07353758811950684,-0.06183892488479614,0.07782107591629028,0.06612241268157959,0.004283487796783447,Unconditional
OOD,89,horizontal_layers,0.4491865038871765,0.539240805195205,0.06035271512291555,0.42708706855773926,0.3102611309400308,0.11270942690262735,0.5762539526962238,0.159423828125,0.4052734375,0.5368242859840393,0.22127935174935787,0.11324964080806976,0.4461603076801052,0.298828125,0.427001953125,0.4856623411178589,0.08030527704662006,0.11761992567208099,0.575704402599754,0.045654296875,0.56591796875,2.3195583820343018,36.05598449707031,36.01172423362732,35.93785643577576,True,False,False,False,False,-0.10973721742630005,-0.05857527256011963,0.05116194486618042,0.022099435329437256,-0.08763778209686279,-0.03647583723068237,Unconditional
OOD,90,blobs,0.12185528874397278,0.34879773485495763,0.027422072307476803,0.14011956751346588,0.47384084385425146,0.03223109102237686,0.8886071772198313,0.79736328125,0.973388671875,0.18155193328857422,0.17883724581813487,0.03349223599845743,0.7653487721612425,0.18505859375,0.6572265625,0.11635410785675049,0.3970896338870979,0.03276977464301412,0.4996320796561922,0.889404296875,0.964111328125,1.7931554317474365,36.11689805984497,36.03854274749756,36.040520906448364,False,False,True,False,True,-0.04143236577510834,0.023765459656715393,0.06519782543182373,-0.018264278769493103,-0.05969664454460144,0.00550118088722229,Equal mixture
OOD,91,dipping_layers,0.6938557028770447,-0.319360315773547,0.15878412758881538,0.6887609958648682,-0.08468292992413624,0.13456288180079914,0.3594379496995603,0.315673828125,0.55810546875,0.5758222937583923,0.41733312616738216,0.13912914906488305,0.584539600506457,0.560302734375,0.707275390625,0.6302802562713623,0.07828975563935367,0.14731001725794818,0.2659915898155236,0.346923828125,0.68017578125,2.031622886657715,36.13482666015625,35.96206283569336,35.963796615600586,True,True,True,True,True,0.11293870210647583,0.05848073959350586,-0.05445796251296997,0.005094707012176514,0.11803340911865234,0.06357544660568237,Oracle conditional
OOD,92,blobs,0.255877822637558,0.3881753668817102,0.2065451717515176,0.24516645073890686,0.4647284556612712,0.17891386796049413,0.3822842845130091,0.483642578125,0.90576171875,0.2500059902667999,0.6145731727287927,0.19732380185380213,0.7638393003826172,0.102783203125,0.19873046875,0.22101078927516937,0.515555488254752,0.18102802596116127,0.31050117476570904,0.5673828125,0.99072265625,1.7419583797454834,35.977989196777344,35.887455224990845,35.99132823944092,True,True,True,False,True,-0.004839539527893066,0.024155661463737488,0.028995200991630554,0.010711371898651123,0.005871832370758057,0.03486703336238861,Equal mixture
OOD,93,horizontal_layers,0.3784913718700409,0.10514410162857897,0.13165837151447457,0.3710460662841797,0.36153028837409185,0.13399805522153865,0.4354016159108872,0.3154296875,0.752197265625,0.4416462481021881,-0.380645247296275,0.14884503649327427,0.18050562174807508,0.341796875,0.509765625,0.4175506830215454,-0.16465268449512574,0.15675057024983516,0.31617423139759415,0.143310546875,0.6201171875,1.7904963493347168,36.048097133636475,36.047574520111084,36.0192666053772,True,False,False,False,False,-0.07060018181800842,-0.04650461673736572,0.0240955650806427,0.007445305585861206,-0.06315487623214722,-0.03905931115150452,Unconditional
OOD,94,dipping_layers,0.5880106091499329,-0.2677603370622498,0.32437584049598406,0.5372821688652039,-0.09828776710511201,0.2932619311603988,0.3455039275178149,0.326171875,0.455810546875,0.42660272121429443,0.4037388260224201,0.2967713025636896,-0.02513579085689863,0.311279296875,0.86279296875,0.4998852014541626,0.0030400778671865803,0.29317847137795094,0.3571895538071338,0.267333984375,0.654541015625,2.0348894596099854,36.10156726837158,36.08794283866882,35.966654777526855,True,True,True,True,True,0.11067944765090942,0.03739696741104126,-0.07328248023986816,0.050728440284729004,0.16140788793563843,0.08812540769577026,Oracle conditional
OOD,95,dipping_layers,0.5448535084724426,0.13844381662602837,0.1521211030394794,0.5186172127723694,0.20067396286989445,0.22832869338995823,0.21928644480354384,0.46875,0.606201171875,0.49964651465415955,0.2869027140670231,0.22996674480088278,0.23790374302849132,0.454345703125,0.800048828125,0.5224410891532898,0.16567527018546443,0.23389739799582993,0.30896464837782106,0.370361328125,0.564208984375,2.608020305633545,36.20065379142761,36.02740001678467,36.105066776275635,True,True,True,True,False,0.01897069811820984,-0.00382387638092041,-0.02279457449913025,0.026236295700073242,0.04520699381828308,0.022412419319152832,Oracle conditional
OOD,96,horizontal_layers,0.958150327205658,-0.6527520156299172,0.3125545052041702,0.4496453106403351,0.656788547168129,0.41770808220172395,0.48078104931637367,0.244873046875,0.365234375,0.49995869398117065,0.6140921653379382,0.4861685385569876,0.7078917853617473,0.246826171875,0.3759765625,0.475807249546051,0.8211804160151008,0.4844573837214019,0.5053504638116508,0.469482421875,0.503662109375,2.5817902088165283,36.03693962097168,36.018144369125366,35.94485545158386,True,True,True,False,False,-0.05031338334083557,-0.026161938905715942,0.02415144443511963,0.5085050165653229,0.4581916332244873,0.48234307765960693,Unconditional
OOD,97,dipping_layers,0.6050726771354675,0.19132128912920854,0.16172783109690772,0.6018251776695251,0.22705339118703532,0.29760248620343094,0.49880749523598816,0.33544921875,0.725341796875,0.501866340637207,0.5512070125023666,0.2892916672696741,0.43233428026493076,0.680908203125,0.957275390625,0.5445564985275269,0.4033904825112337,0.26904813767732977,0.5151871063469663,0.457763671875,0.882080078125,2.548907518386841,36.126108169555664,35.934152364730835,36.01536273956299,True,True,True,True,True,0.09995883703231812,0.05726867914199829,-0.042690157890319824,0.003247499465942383,0.1032063364982605,0.060516178607940674,Oracle conditional
OOD,98,horizontal_layers,0.9303779006004333,-0.4224839398719311,0.3871170310656011,0.5758285522460938,0.6056181807020513,0.280118452497218,0.16432970314888273,0.279052734375,0.51416015625,0.5510424971580505,0.7336402665791134,0.3141676515189177,0.5747130153310873,0.04931640625,0.282958984375,0.616790235042572,0.5244641599164489,0.3266159237095207,0.5487289647306692,0.210693359375,0.5478515625,1.825289011001587,35.941455602645874,36.011897563934326,35.977346658706665,True,True,True,True,False,0.024786055088043213,-0.04096168279647827,-0.06574773788452148,0.3545493483543396,0.3793354034423828,0.31358766555786133,Oracle conditional
OOD,99,horizontal_layers,0.5322079658508301,-0.003698714778017385,0.04941299488781681,0.5430542230606079,0.10455640089080141,0.10200264653614945,-0.05736954258442925,0.149658203125,0.378173828125,0.5162733197212219,0.1818506236368787,0.08604376590145944,-0.22842045377236334,0.3681640625,0.400146484375,0.5122477412223816,0.1961189945542238,0.09558666317121142,-0.054453545966026806,0.275390625,0.49658203125,2.3741848468780518,36.075966358184814,36.066550731658936,35.99527144432068,False,True,True,True,True,0.026780903339385986,0.03080648183822632,0.004025578498840332,-0.010846257209777832,0.015934646129608154,0.019960224628448486,Equal mixture
